row_id_csv,grupo,particao
0,25374,treino
1,25374,treino
2,25374,treino
3,25376,treino
4,25376,treino
5,25376,treino
6,25376,treino
7,25376,treino
8,25376,treino
9,25376,treino
10,25374,treino
11,25374,treino
12,25376,treino
13,25376,treino
14,25374,treino
15,19,teste
16,25376,treino
17,25374,treino
18,19,teste
19,31100,teste
20,31099,treino
21,31107,treino
22,31209,treino
23,30750,treino
24,31038,teste
25,31432,validacao
26,31071,treino
27,31459,teste
28,30632,treino
29,19,teste
32,31107,treino
33,25623,treino
34,25629,treino
35,25623,treino
36,25629,treino
38,25623,treino
39,25629,treino
40,31099,treino
42,19,teste
43,31107,treino
44,31261,teste
45,30712,treino
46,30632,treino
47,30821,treino
48,31209,treino
49,30750,treino
50,31177,treino
54,31107,treino
56,31100,teste
58,31386,treino
59,30980,treino
60,30976,teste
61,30632,treino
62,31390,treino
63,31209,treino
64,30750,treino
67,31107,treino
68,19,teste
69,31099,treino
72,30722,treino
73,30632,treino
74,31209,treino
75,30750,treino
76,31183,treino
77,30718,teste
78,31186,treino
81,31107,treino
83,31099,treino
85,30861,validacao
86,31135,treino
87,30657,validacao
88,30632,treino
89,31209,treino
90,30750,treino
91,31289,treino
92,11,validacao
95,31107,treino
98,30979,treino
99,31466,treino
100,31209,treino
101,30750,treino
102,31389,treino
103,31081,teste
104,30632,treino
108,31107,treino
110,27347,treino
111,27347,treino
112,27347,treino
113,27347,treino
117,19,teste
119,27347,treino
120,27347,treino
122,31301,validacao
123,31433,teste
124,30632,treino
125,31040,treino
126,31209,treino
127,30874,validacao
128,30750,treino
129,27376,validacao
130,27376,validacao
131,27347,treino
132,27396,treino
133,27399,treino
134,27396,treino
135,27396,treino
136,27396,treino
137,27403,treino
138,27396,treino
139,27403,treino
140,27403,treino
141,27403,treino
142,27403,treino
143,27403,treino
144,27403,treino
145,27407,validacao
146,27412,teste
147,27399,treino
148,27396,treino
149,27403,treino
150,27407,validacao
151,27417,teste
152,27417,teste
153,27417,teste
154,27417,teste
155,27417,teste
156,27417,teste
157,27417,teste
158,27417,teste
159,27417,teste
160,27417,teste
161,27417,teste
162,27417,teste
163,27420,validacao
164,27417,teste
165,27417,teste
166,27417,teste
167,27417,teste
168,27417,teste
169,27417,teste
170,27417,teste
171,27417,teste
172,27417,teste
173,27417,teste
174,27417,teste
175,27420,validacao
176,27417,teste
178,27422,validacao
179,27422,validacao
180,27422,validacao
181,27422,validacao
182,27422,validacao
183,27422,validacao
184,27422,validacao
185,27422,validacao
186,27422,validacao
187,27422,validacao
188,27422,validacao
189,27422,validacao
190,27422,validacao
191,27422,validacao
192,27422,validacao
193,27422,validacao
194,27422,validacao
195,27422,validacao
196,27422,validacao
197,27422,validacao
198,27422,validacao
199,27422,validacao
200,27422,validacao
203,27412,teste
204,27422,validacao
207,27422,validacao
208,27422,validacao
209,27422,validacao
210,27422,validacao
211,27422,validacao
212,27422,validacao
213,27422,validacao
214,27422,validacao
215,27422,validacao
216,27422,validacao
217,27422,validacao
218,27422,validacao
219,27422,validacao
220,27422,validacao
221,27422,validacao
222,27422,validacao
223,27422,validacao
224,27422,validacao
225,27422,validacao
226,27422,validacao
227,27422,validacao
228,27422,validacao
229,27422,validacao
230,27422,validacao
231,27422,validacao
232,27422,validacao
233,27422,validacao
234,27422,validacao
235,27422,validacao
236,27422,validacao
237,27422,validacao
238,27422,validacao
239,27422,validacao
240,27422,validacao
241,27422,validacao
242,27422,validacao
243,27422,validacao
244,27422,validacao
245,27422,validacao
246,27422,validacao
247,27422,validacao
248,27422,validacao
249,27422,validacao
250,27422,validacao
251,27376,validacao
255,27420,validacao
256,27420,validacao
257,27420,validacao
258,27417,teste
259,27431,treino
260,27431,treino
261,27431,treino
262,27431,treino
263,27431,treino
264,27431,treino
265,27431,treino
266,27431,treino
267,27431,treino
268,27431,treino
269,27431,treino
270,27431,treino
271,27431,treino
272,27431,treino
273,27431,treino
274,27431,treino
275,27431,treino
276,27431,treino
277,27431,treino
278,27431,treino
279,27431,treino
280,27431,treino
281,27431,treino
282,27431,treino
283,27431,treino
284,27431,treino
287,27431,treino
290,27431,treino
291,27431,treino
292,27431,treino
293,27431,treino
294,27431,treino
295,27431,treino
296,27431,treino
297,27431,treino
298,27431,treino
299,27431,treino
300,27431,treino
301,27431,treino
302,27431,treino
303,27431,treino
304,27431,treino
305,27431,treino
306,27431,treino
307,27431,treino
308,27431,treino
309,27431,treino
310,27431,treino
311,27431,treino
312,27431,treino
313,27431,treino
314,27431,treino
315,27431,treino
316,27431,treino
317,27431,treino
318,27431,treino
319,27431,treino
320,27431,treino
321,27431,treino
322,27431,treino
323,27431,treino
324,27431,treino
325,27431,treino
326,27431,treino
327,27431,treino
328,27431,treino
329,27431,treino
330,27431,treino
331,27431,treino
332,27431,treino
333,27431,treino
334,27420,validacao
335,27446,validacao
336,27452,treino
337,27452,treino
338,27452,treino
339,27452,treino
340,27452,treino
341,27452,treino
342,27452,treino
343,27452,treino
344,27452,treino
345,27452,treino
346,27452,treino
347,27452,treino
348,27452,treino
349,27452,treino
350,27452,treino
351,27452,treino
352,27452,treino
353,27452,treino
354,27452,treino
355,27452,treino
356,27452,treino
357,27452,treino
358,27452,treino
359,27452,treino
360,27452,treino
361,27452,treino
363,27446,validacao
364,27403,treino
365,27399,treino
367,27396,treino
368,27478,treino
369,27478,treino
370,27407,validacao
372,27412,teste
374,27417,teste
377,27488,teste
378,27488,teste
379,27488,teste
380,27488,teste
381,27488,teste
382,27488,teste
383,27488,teste
384,27488,teste
385,27488,teste
386,27488,teste
387,27488,teste
388,27488,teste
389,27488,teste
390,27488,teste
391,27488,teste
392,27488,teste
393,27488,teste
394,27488,teste
395,27488,teste
396,27488,teste
397,27488,teste
398,27488,teste
399,27488,teste
400,27488,teste
401,27488,teste
402,27488,teste
405,27488,teste
408,27488,teste
409,27488,teste
410,27488,teste
411,27488,teste
412,27488,teste
413,27488,teste
414,27488,teste
415,27488,teste
416,27488,teste
417,27488,teste
418,27488,teste
419,27488,teste
420,27488,teste
421,27488,teste
422,27488,teste
423,27488,teste
424,27488,teste
425,27488,teste
426,27488,teste
427,27488,teste
428,27488,teste
429,27488,teste
430,27488,teste
431,27488,teste
432,27488,teste
433,27488,teste
434,27488,teste
435,27488,teste
436,27488,teste
437,27488,teste
438,27488,teste
439,27488,teste
440,27488,teste
441,27488,teste
442,27488,teste
443,27488,teste
444,27488,teste
445,27488,teste
446,27488,teste
448,27420,validacao
449,27746,treino
450,27746,treino
451,27746,treino
452,27746,treino
459,19,teste
461,27716,teste
462,31107,treino
463,27938,treino
464,27938,treino
465,27938,treino
466,27938,treino
467,27938,treino
468,27938,treino
469,27938,treino
470,27938,treino
471,27938,treino
472,27938,treino
473,27938,treino
474,27938,treino
475,27955,treino
476,27938,treino
477,27953,teste
478,27955,treino
479,27746,treino
480,27953,teste
481,27953,teste
482,27953,teste
483,27938,treino
484,27938,treino
485,27938,treino
486,27938,treino
487,27953,teste
488,27953,teste
489,27953,teste
490,27953,teste
491,27953,teste
492,27961,treino
493,27961,treino
494,27961,treino
495,27953,teste
496,27953,teste
497,27938,treino
498,27953,teste
499,27953,teste
500,27938,treino
501,27965,treino
502,27975,treino
503,27953,teste
504,27973,treino
505,27978,treino
506,27967,teste
507,27970,validacao
508,27967,teste
509,27970,validacao
510,27975,treino
511,27973,treino
512,27978,treino
513,27965,treino
514,27965,treino
515,27965,treino
516,27965,treino
517,27938,treino
518,27980,treino
519,27938,treino
520,27985,treino
521,27983,teste
522,27988,teste
523,27990,teste
524,27965,treino
525,27985,treino
526,27965,treino
527,27983,teste
528,27988,teste
529,27990,teste
530,27965,treino
531,27938,treino
532,27938,treino
533,27938,treino
534,27938,treino
535,27938,treino
536,27938,treino
537,27980,treino
538,27938,treino
539,27980,treino
540,27961,treino
541,27961,treino
542,27980,treino
543,27980,treino
544,27961,treino
545,27961,treino
546,27980,treino
547,27938,treino
548,27980,treino
549,27938,treino
550,27961,treino
551,27961,treino
552,27961,treino
553,27961,treino
554,28010,treino
555,28010,treino
556,28010,treino
557,27961,treino
558,27961,treino
559,27961,treino
560,27961,treino
561,27980,treino
562,27938,treino
564,28010,treino
565,27961,treino
567,27955,treino
568,27978,treino
569,27983,teste
570,27990,teste
571,27965,treino
572,19,teste
573,27953,teste
574,27967,teste
575,27975,treino
576,27973,treino
577,27970,validacao
578,27985,treino
579,27988,teste
580,27980,treino
581,28072,treino
582,28072,treino
583,28072,treino
584,28072,treino
585,28072,treino
586,28072,treino
587,28072,treino
588,28072,treino
589,28072,treino
590,28072,treino
591,28072,treino
592,28072,treino
593,28072,treino
594,28072,treino
595,28072,treino
596,28072,treino
597,28072,treino
598,28072,treino
599,28072,treino
600,28072,treino
601,28072,treino
602,28072,treino
603,28072,treino
604,28072,treino
605,28072,treino
606,28072,treino
609,28072,treino
612,28072,treino
613,28072,treino
614,28072,treino
615,28072,treino
616,28072,treino
617,28072,treino
618,28072,treino
619,28072,treino
620,28072,treino
621,28072,treino
622,28072,treino
623,28072,treino
624,28072,treino
625,28072,treino
626,28072,treino
627,27938,treino
628,28072,treino
629,28072,treino
630,28072,treino
631,28072,treino
632,28072,treino
633,28072,treino
634,28072,treino
635,28072,treino
636,28072,treino
637,28072,treino
638,28072,treino
639,28072,treino
640,28072,treino
641,28072,treino
642,28072,treino
643,28072,treino
644,28072,treino
645,28072,treino
646,28072,treino
647,28072,treino
648,28072,treino
649,28072,treino
650,28072,treino
651,28072,treino
652,28072,treino
653,28072,treino
654,28072,treino
655,28072,treino
656,28072,treino
657,28010,treino
658,27961,treino
659,30842,treino
660,31275,teste
661,31209,treino
662,31305,treino
663,30750,treino
664,30632,treino
665,30879,treino
666,28169,treino
667,28169,treino
668,28169,treino
669,28169,treino
670,28169,treino
671,28169,treino
672,28169,treino
673,28169,treino
674,28169,treino
675,28169,treino
676,28169,treino
677,28169,treino
678,28169,treino
679,28169,treino
680,28169,treino
681,28169,treino
682,28169,treino
683,28169,treino
684,28169,treino
685,28169,treino
686,28169,treino
687,28169,treino
688,28169,treino
689,28169,treino
690,28169,treino
691,28169,treino
694,28169,treino
697,28169,treino
698,28169,treino
699,28169,treino
700,28169,treino
701,28169,treino
702,28169,treino
703,28169,treino
704,28169,treino
705,28169,treino
706,28169,treino
707,28169,treino
708,28169,treino
709,28169,treino
710,28169,treino
711,28169,treino
712,28169,treino
713,28169,treino
714,28169,treino
715,28169,treino
716,28169,treino
717,28169,treino
718,28169,treino
719,28169,treino
720,28169,treino
721,28169,treino
722,28169,treino
723,28169,treino
724,28169,treino
725,28169,treino
726,28169,treino
727,28169,treino
728,28169,treino
729,28169,treino
730,28169,treino
731,28169,treino
732,28169,treino
733,28169,treino
734,28169,treino
735,28169,treino
736,28169,treino
737,28169,treino
738,28169,treino
739,28169,treino
740,28169,treino
741,28072,treino
742,28072,treino
743,28072,treino
744,28169,treino
745,28169,treino
746,28169,treino
747,28169,treino
748,28169,treino
749,28169,treino
750,28169,treino
751,28169,treino
752,28169,treino
753,28169,treino
754,28169,treino
755,28169,treino
756,28169,treino
757,28169,treino
758,28169,treino
759,28169,treino
760,28169,treino
761,28169,treino
762,28169,treino
763,28169,treino
764,28169,treino
765,28169,treino
766,28169,treino
767,28169,treino
768,28169,treino
769,28169,treino
770,28169,treino
771,28169,treino
772,28169,treino
773,28169,treino
774,28169,treino
775,28169,treino
776,28169,treino
777,28169,treino
778,28169,treino
779,28169,treino
780,28169,treino
781,28169,treino
782,28169,treino
783,28169,treino
784,28169,treino
785,28169,treino
786,28169,treino
787,28169,treino
788,28169,treino
789,28169,treino
790,28169,treino
791,28169,treino
793,28169,treino
795,28169,treino
796,28169,treino
798,28169,treino
800,28169,treino
801,28169,treino
802,28169,treino
804,28169,treino
805,28169,treino
806,28169,treino
807,28169,treino
808,28169,treino
809,28169,treino
810,28169,treino
811,28169,treino
812,28169,treino
813,28215,teste
814,28215,teste
815,28215,teste
816,28215,teste
817,28215,teste
818,28215,teste
819,28215,teste
820,28215,teste
821,28215,teste
822,28215,teste
823,28215,teste
824,28215,teste
825,28215,teste
826,28215,teste
827,28215,teste
828,28215,teste
829,28215,teste
830,28215,teste
831,28215,teste
832,28215,teste
833,28215,teste
834,28215,teste
835,28215,teste
836,28215,teste
837,28215,teste
838,28215,teste
839,28215,teste
840,28215,teste
841,28215,teste
842,28215,teste
843,28215,teste
844,28215,teste
845,28215,teste
846,28215,teste
847,28215,teste
848,28215,teste
849,28215,teste
850,28215,teste
851,28215,teste
852,28215,teste
853,28215,teste
854,28215,teste
855,28215,teste
856,28215,teste
857,28215,teste
858,28215,teste
859,28215,teste
860,28215,teste
861,28215,teste
862,28215,teste
864,31099,treino
866,28169,treino
867,28215,teste
868,28215,teste
869,28215,teste
870,28215,teste
871,28215,teste
872,28215,teste
873,28215,teste
874,28215,teste
875,28215,teste
876,28215,teste
877,28215,teste
878,28215,teste
879,28215,teste
880,28215,teste
881,28215,teste
882,28215,teste
883,28215,teste
884,28215,teste
885,28215,teste
886,28215,teste
887,19,teste
888,28215,teste
889,28215,teste
890,28215,teste
891,28215,teste
892,28215,teste
893,28215,teste
894,28215,teste
895,28215,teste
896,28215,teste
897,28215,teste
898,28215,teste
899,28215,teste
900,28215,teste
901,28215,teste
902,28215,teste
903,28215,teste
904,28215,teste
905,28215,teste
906,28215,teste
907,28215,teste
908,28215,teste
909,28215,teste
910,28215,teste
911,28215,teste
912,28215,teste
913,28215,teste
914,28215,teste
915,28215,teste
916,28215,teste
917,28215,teste
918,28215,teste
919,28215,teste
920,28215,teste
923,28215,teste
924,28215,teste
925,28215,teste
926,76,treino
927,76,treino
928,76,treino
929,76,treino
930,76,treino
931,76,treino
932,76,treino
933,76,treino
934,76,treino
935,76,treino
936,76,treino
937,76,treino
938,76,treino
939,76,treino
940,76,treino
941,76,treino
942,76,treino
943,76,treino
944,76,treino
945,76,treino
946,76,treino
947,76,treino
948,76,treino
949,76,treino
950,76,treino
951,76,treino
954,76,treino
957,76,treino
958,76,treino
959,76,treino
960,76,treino
961,76,treino
962,76,treino
963,76,treino
964,76,treino
965,76,treino
966,76,treino
967,76,treino
968,76,treino
969,76,treino
970,76,treino
971,76,treino
972,76,treino
973,76,treino
974,76,treino
975,76,treino
976,76,treino
977,76,treino
978,76,treino
979,82,treino
980,76,treino
981,76,treino
982,76,treino
983,76,treino
984,76,treino
985,76,treino
986,76,treino
987,76,treino
988,76,treino
989,76,treino
990,76,treino
991,76,treino
992,76,treino
993,76,treino
994,76,treino
995,76,treino
996,76,treino
997,76,treino
998,76,treino
999,76,treino
1000,76,treino
1001,76,treino
1002,82,treino
1003,76,treino
1004,76,treino
1005,76,treino
1006,76,treino
1007,76,treino
1008,76,treino
1009,76,treino
1010,76,treino
1011,76,treino
1012,76,treino
1013,76,treino
1014,76,treino
1015,76,treino
1016,76,treino
1017,76,treino
1018,76,treino
1019,76,treino
1020,76,treino
1021,76,treino
1022,76,treino
1023,76,treino
1024,76,treino
1025,76,treino
1026,76,treino
1027,76,treino
1028,76,treino
1029,76,treino
1030,76,treino
1031,76,treino
1032,76,treino
1033,76,treino
1034,76,treino
1035,76,treino
1036,76,treino
1037,76,treino
1038,76,treino
1039,76,treino
1040,76,treino
1041,76,treino
1042,76,treino
1043,76,treino
1044,76,treino
1045,76,treino
1046,76,treino
1047,76,treino
1048,76,treino
1049,76,treino
1051,76,treino
1053,76,treino
1054,76,treino
1056,76,treino
1058,76,treino
1059,76,treino
1060,76,treino
1062,76,treino
1063,76,treino
1064,76,treino
1065,76,treino
1066,76,treino
1067,76,treino
1068,76,treino
1069,76,treino
1070,76,treino
1071,118,treino
1072,118,treino
1073,118,treino
1074,118,treino
1075,118,treino
1076,118,treino
1077,118,treino
1078,118,treino
1079,118,treino
1080,118,treino
1081,118,treino
1082,118,treino
1083,118,treino
1084,118,treino
1085,118,treino
1086,118,treino
1087,118,treino
1088,118,treino
1089,118,treino
1090,118,treino
1091,118,treino
1092,118,treino
1093,118,treino
1094,118,treino
1095,118,treino
1096,118,treino
1097,118,treino
1098,118,treino
1099,118,treino
1100,118,treino
1101,118,treino
1102,118,treino
1103,118,treino
1104,118,treino
1105,118,treino
1106,118,treino
1107,118,treino
1108,118,treino
1109,118,treino
1110,118,treino
1111,118,treino
1112,118,treino
1113,118,treino
1114,118,treino
1115,118,treino
1116,118,treino
1117,118,treino
1118,82,treino
1119,31100,teste
1121,118,treino
1122,118,treino
1123,118,treino
1124,118,treino
1125,118,treino
1126,118,treino
1127,118,treino
1128,118,treino
1129,118,treino
1130,118,treino
1131,118,treino
1132,118,treino
1133,118,treino
1134,76,treino
1135,118,treino
1136,118,treino
1137,118,treino
1138,118,treino
1139,118,treino
1140,118,treino
1141,118,treino
1142,118,treino
1143,118,treino
1144,118,treino
1145,118,treino
1146,118,treino
1147,118,treino
1148,118,treino
1149,118,treino
1150,118,treino
1151,118,treino
1152,118,treino
1153,118,treino
1154,118,treino
1155,118,treino
1156,118,treino
1157,118,treino
1158,118,treino
1159,118,treino
1160,118,treino
1161,118,treino
1162,118,treino
1163,118,treino
1164,118,treino
1165,118,treino
1166,118,treino
1167,118,treino
1168,118,treino
1169,118,treino
1170,118,treino
1171,118,treino
1172,118,treino
1173,118,treino
1176,118,treino
1177,31099,treino
1179,31107,treino
1180,118,treino
1181,31473,treino
1182,30632,treino
1183,31014,teste
1184,31413,validacao
1185,31091,treino
1186,31209,treino
1187,226,treino
1188,226,treino
1189,226,treino
1190,226,treino
1191,226,treino
1192,226,treino
1193,226,treino
1194,226,treino
1195,226,treino
1196,226,treino
1197,30750,treino
1198,226,treino
1199,226,treino
1200,226,treino
1201,226,treino
1202,226,treino
1203,226,treino
1204,226,treino
1205,226,treino
1206,226,treino
1207,226,treino
1208,226,treino
1209,226,treino
1210,226,treino
1211,226,treino
1212,226,treino
1213,226,treino
1216,226,treino
1219,226,treino
1220,226,treino
1221,226,treino
1222,226,treino
1223,226,treino
1224,226,treino
1225,226,treino
1226,226,treino
1227,226,treino
1228,226,treino
1229,226,treino
1230,226,treino
1231,226,treino
1232,226,treino
1233,226,treino
1234,226,treino
1235,226,treino
1236,226,treino
1237,226,treino
1238,226,treino
1239,226,treino
1240,226,treino
1241,226,treino
1242,226,treino
1243,226,treino
1244,226,treino
1245,226,treino
1246,226,treino
1247,226,treino
1248,226,treino
1249,226,treino
1250,226,treino
1251,226,treino
1252,226,treino
1253,226,treino
1254,226,treino
1255,226,treino
1256,226,treino
1257,226,treino
1258,226,treino
1259,226,treino
1260,226,treino
1261,226,treino
1262,226,treino
1263,226,treino
1264,226,treino
1265,226,treino
1266,226,treino
1267,226,treino
1268,226,treino
1269,226,treino
1270,226,treino
1271,226,treino
1272,226,treino
1273,226,treino
1274,226,treino
1275,226,treino
1276,226,treino
1277,226,treino
1278,226,treino
1279,226,treino
1280,226,treino
1281,226,treino
1282,226,treino
1283,226,treino
1284,226,treino
1285,226,treino
1286,226,treino
1287,226,treino
1288,226,treino
1289,226,treino
1290,226,treino
1291,226,treino
1292,226,treino
1293,226,treino
1294,226,treino
1295,226,treino
1296,226,treino
1297,226,treino
1298,226,treino
1299,226,treino
1300,226,treino
1301,226,treino
1302,226,treino
1303,226,treino
1304,226,treino
1305,226,treino
1306,226,treino
1307,226,treino
1308,226,treino
1309,226,treino
1311,226,treino
1313,226,treino
1314,226,treino
1316,226,treino
1318,226,treino
1319,226,treino
1320,226,treino
1322,226,treino
1323,226,treino
1324,226,treino
1325,226,treino
1326,226,treino
1327,226,treino
1328,226,treino
1329,226,treino
1330,226,treino
1331,289,treino
1332,289,treino
1333,289,treino
1334,289,treino
1335,289,treino
1336,289,treino
1337,289,treino
1338,289,treino
1339,289,treino
1340,289,treino
1341,289,treino
1342,289,treino
1343,289,treino
1344,289,treino
1345,289,treino
1346,289,treino
1347,289,treino
1348,289,treino
1349,289,treino
1350,289,treino
1351,289,treino
1352,289,treino
1353,289,treino
1354,289,treino
1355,289,treino
1356,289,treino
1357,289,treino
1358,289,treino
1359,289,treino
1360,289,treino
1361,289,treino
1362,289,treino
1363,289,treino
1364,289,treino
1365,289,treino
1366,289,treino
1367,289,treino
1368,289,treino
1369,289,treino
1370,289,treino
1371,289,treino
1372,289,treino
1373,289,treino
1374,289,treino
1375,289,treino
1376,289,treino
1377,289,treino
1379,289,treino
1380,226,treino
1381,289,treino
1382,289,treino
1383,289,treino
1384,289,treino
1385,289,treino
1386,289,treino
1387,289,treino
1388,289,treino
1389,289,treino
1390,289,treino
1391,289,treino
1392,289,treino
1393,289,treino
1394,289,treino
1395,289,treino
1396,289,treino
1397,289,treino
1398,289,treino
1399,289,treino
1400,289,treino
1401,289,treino
1402,289,treino
1403,289,treino
1404,289,treino
1405,289,treino
1406,289,treino
1407,289,treino
1408,289,treino
1409,289,treino
1410,289,treino
1411,289,treino
1412,289,treino
1413,289,treino
1414,289,treino
1415,289,treino
1416,289,treino
1417,289,treino
1418,289,treino
1419,289,treino
1420,289,treino
1421,289,treino
1422,289,treino
1423,289,treino
1424,289,treino
1425,289,treino
1426,289,treino
1427,289,treino
1428,289,treino
1429,289,treino
1430,289,treino
1431,289,treino
1434,289,treino
1435,388,teste
1436,388,teste
1437,388,teste
1439,388,teste
1440,19,teste
1441,424,treino
1442,424,treino
1443,424,treino
1444,424,treino
1445,424,treino
1446,424,treino
1447,424,treino
1448,424,treino
1449,424,treino
1450,429,treino
1451,431,treino
1452,429,treino
1453,289,treino
1454,431,treino
1455,431,treino
1456,431,treino
1457,431,treino
1458,431,treino
1459,424,treino
1460,431,treino
1461,424,treino
1462,431,treino
1463,431,treino
1464,431,treino
1465,431,treino
1466,431,treino
1467,431,treino
1468,431,treino
1469,431,treino
1470,431,treino
1471,424,treino
1472,431,treino
1473,424,treino
1474,441,treino
1475,448,treino
1476,453,treino
1477,443,validacao
1478,445,treino
1479,451,treino
1480,441,treino
1481,443,validacao
1482,451,treino
1483,445,treino
1484,448,treino
1485,453,treino
1486,424,treino
1487,424,treino
1488,431,treino
1489,431,treino
1490,424,treino
1491,458,teste
1492,424,treino
1493,455,treino
1494,463,treino
1495,461,treino
1496,468,treino
1497,465,treino
1498,458,teste
1499,461,treino
1500,465,treino
1501,455,treino
1502,468,treino
1503,463,treino
1504,424,treino
1505,424,treino
1506,424,treino
1507,424,treino
1508,424,treino
1509,424,treino
1510,424,treino
1511,424,treino
1512,424,treino
1513,424,treino
1514,424,treino
1515,424,treino
1516,431,treino
1517,424,treino
1518,431,treino
1519,424,treino
1520,424,treino
1521,424,treino
1522,431,treino
1523,424,treino
1524,431,treino
1525,431,treino
1526,431,treino
1527,431,treino
1529,480,treino
1530,480,treino
1531,480,treino
1532,480,treino
1533,480,treino
1534,480,treino
1535,480,treino
1536,480,treino
1537,480,treino
1538,480,treino
1539,480,treino
1540,480,treino
1541,480,treino
1542,480,treino
1543,480,treino
1544,480,treino
1545,480,treino
1546,480,treino
1547,480,treino
1548,480,treino
1549,480,treino
1550,480,treino
1551,480,treino
1552,480,treino
1553,480,treino
1554,480,treino
1557,480,treino
1561,431,treino
1562,480,treino
1563,480,treino
1564,480,treino
1565,480,treino
1566,480,treino
1567,480,treino
1568,480,treino
1569,480,treino
1570,480,treino
1571,480,treino
1572,480,treino
1573,480,treino
1574,480,treino
1575,480,treino
1576,480,treino
1577,480,treino
1578,480,treino
1579,480,treino
1580,480,treino
1581,480,treino
1582,480,treino
1583,480,treino
1584,480,treino
1585,480,treino
1586,480,treino
1587,480,treino
1588,480,treino
1589,480,treino
1590,480,treino
1591,480,treino
1592,480,treino
1593,480,treino
1594,480,treino
1595,480,treino
1596,480,treino
1597,480,treino
1598,480,treino
1599,480,treino
1600,480,treino
1601,480,treino
1602,480,treino
1603,480,treino
1604,480,treino
1605,480,treino
1606,424,treino
1607,431,treino
1608,388,teste
1609,429,treino
1610,441,treino
1611,451,treino
1612,465,treino
1613,443,validacao
1614,461,treino
1615,458,teste
1616,445,treino
1617,463,treino
1618,453,treino
1619,448,treino
1620,455,treino
1621,468,treino
1622,480,treino
1623,480,treino
1624,480,treino
1625,480,treino
1626,480,treino
1627,480,treino
1628,480,treino
1629,480,treino
1630,480,treino
1631,480,treino
1632,480,treino
1633,480,treino
1634,480,treino
1635,480,treino
1636,480,treino
1637,480,treino
1638,480,treino
1639,480,treino
1640,480,treino
1641,480,treino
1642,480,treino
1643,480,treino
1644,480,treino
1645,480,treino
1646,480,treino
1647,480,treino
1648,480,treino
1649,480,treino
1650,480,treino
1651,480,treino
1652,480,treino
1653,480,treino
1654,480,treino
1655,480,treino
1656,480,treino
1657,480,treino
1658,480,treino
1659,480,treino
1660,480,treino
1661,480,treino
1662,480,treino
1663,480,treino
1664,480,treino
1665,480,treino
1666,480,treino
1667,480,treino
1668,480,treino
1670,480,treino
1672,480,treino
1673,480,treino
1675,480,treino
1677,480,treino
1678,480,treino
1679,480,treino
1681,480,treino
1682,480,treino
1683,480,treino
1684,480,treino
1685,480,treino
1686,480,treino
1687,424,treino
1688,480,treino
1689,480,treino
1690,480,treino
1691,528,teste
1692,528,teste
1693,528,teste
1694,528,teste
1695,528,teste
1696,528,teste
1697,528,teste
1698,528,teste
1699,528,teste
1700,528,teste
1701,528,teste
1702,528,teste
1703,528,teste
1704,528,teste
1705,431,treino
1706,528,teste
1707,528,teste
1708,528,teste
1709,528,teste
1710,528,teste
1711,528,teste
1712,528,teste
1713,528,teste
1714,528,teste
1715,528,teste
1716,528,teste
1717,528,teste
1718,528,teste
1719,528,teste
1720,528,teste
1721,528,teste
1722,528,teste
1723,528,teste
1724,528,teste
1725,528,teste
1726,528,teste
1727,528,teste
1728,528,teste
1729,528,teste
1730,528,teste
1731,528,teste
1732,528,teste
1733,528,teste
1734,528,teste
1735,528,teste
1736,528,teste
1737,528,teste
1738,528,teste
1740,480,treino
1741,578,treino
1742,578,treino
1743,578,treino
1744,578,treino
1745,578,treino
1746,578,treino
1747,578,treino
1748,578,treino
1749,578,treino
1750,578,treino
1751,578,treino
1752,578,treino
1753,578,treino
1754,578,treino
1755,578,treino
1756,578,treino
1757,578,treino
1758,578,treino
1759,578,treino
1760,578,treino
1761,578,treino
1762,528,teste
1763,578,treino
1764,578,treino
1765,528,teste
1766,528,teste
1767,578,treino
1768,528,teste
1769,578,treino
1770,528,teste
1771,578,treino
1772,528,teste
1774,528,teste
1776,528,teste
1777,578,treino
1778,528,teste
1780,528,teste
1782,528,teste
1783,578,treino
1784,578,treino
1785,528,teste
1786,528,teste
1787,578,treino
1788,578,treino
1789,528,teste
1790,578,treino
1791,578,treino
1792,528,teste
1793,578,treino
1794,528,teste
1795,578,treino
1796,528,teste
1797,578,treino
1798,528,teste
1799,578,treino
1800,528,teste
1801,578,treino
1802,578,treino
1803,528,teste
1804,578,treino
1805,528,teste
1806,578,treino
1807,528,teste
1808,578,treino
1809,578,treino
1810,528,teste
1811,578,treino
1812,528,teste
1813,578,treino
1814,528,teste
1815,578,treino
1816,528,teste
1817,578,treino
1818,578,treino
1819,578,treino
1820,528,teste
1821,528,teste
1822,578,treino
1823,528,teste
1824,578,treino
1825,578,treino
1826,528,teste
1827,578,treino
1828,528,teste
1829,578,treino
1830,528,teste
1831,578,treino
1832,578,treino
1833,528,teste
1834,578,treino
1835,528,teste
1836,578,treino
1837,528,teste
1838,578,treino
1839,578,treino
1840,528,teste
1841,528,teste
1842,578,treino
1843,528,teste
1844,578,treino
1845,578,treino
1846,528,teste
1847,578,treino
1848,528,teste
1849,578,treino
1850,528,teste
1851,528,teste
1852,578,treino
1853,528,teste
1854,528,teste
1855,578,treino
1856,528,teste
1857,528,teste
1858,578,treino
1859,528,teste
1860,578,treino
1861,528,teste
1862,528,teste
1863,578,treino
1864,578,treino
1865,528,teste
1866,528,teste
1867,528,teste
1870,528,teste
1871,626,validacao
1872,626,validacao
1873,626,validacao
1874,626,validacao
1875,626,validacao
1876,626,validacao
1879,626,validacao
1880,626,validacao
1921,528,teste
1923,646,teste
1924,646,teste
1925,646,teste
1926,646,teste
1927,646,teste
1928,646,teste
1929,646,teste
1930,646,teste
1931,646,teste
1932,646,teste
1933,646,teste
1934,646,teste
1935,646,teste
1936,646,teste
1937,646,teste
1938,646,teste
1939,646,teste
1940,646,teste
1941,646,teste
1942,646,teste
1943,646,teste
1944,646,teste
1945,646,teste
1946,646,teste
1947,646,teste
1948,646,teste
1951,646,teste
1954,646,teste
1955,646,teste
1956,646,teste
1957,646,teste
1958,646,teste
1959,646,teste
1960,646,teste
1961,646,teste
1962,646,teste
1963,646,teste
1964,646,teste
1965,646,teste
1966,646,teste
1967,646,teste
1968,646,teste
1969,646,teste
1970,646,teste
1971,646,teste
1972,646,teste
1973,646,teste
1974,646,teste
1975,646,teste
1976,646,teste
1977,646,teste
1978,646,teste
1979,646,teste
1980,646,teste
1981,646,teste
1982,646,teste
1983,646,teste
1984,646,teste
1985,646,teste
1986,646,teste
1987,646,teste
1988,646,teste
1989,646,teste
1990,646,teste
1991,646,teste
1992,646,teste
1993,646,teste
1994,646,teste
1995,646,teste
1996,646,teste
1997,646,teste
1998,578,treino
1999,578,treino
2000,578,treino
2001,626,validacao
2002,646,teste
2003,30750,treino
2004,30632,treino
2005,30671,treino
2006,31225,treino
2007,31144,teste
2008,646,teste
2009,30774,validacao
2010,31209,treino
2011,698,treino
2012,698,treino
2013,698,treino
2014,698,treino
2015,698,treino
2016,698,treino
2017,698,treino
2018,698,treino
2019,698,treino
2020,698,treino
2021,698,treino
2022,698,treino
2023,698,treino
2024,698,treino
2025,698,treino
2026,698,treino
2027,698,treino
2028,698,treino
2029,698,treino
2030,698,treino
2031,698,treino
2032,698,treino
2033,698,treino
2034,698,treino
2035,705,treino
2036,705,treino
2037,705,treino
2038,705,treino
2039,705,treino
2040,705,treino
2041,705,treino
2042,705,treino
2043,705,treino
2044,705,treino
2045,705,treino
2046,705,treino
2047,705,treino
2048,705,treino
2049,705,treino
2050,705,treino
2051,705,treino
2052,709,treino
2053,705,treino
2054,705,treino
2055,705,treino
2056,705,treino
2057,705,treino
2058,705,treino
2059,709,treino
2060,709,treino
2061,709,treino
2063,709,treino
2064,712,validacao
2066,705,treino
2069,705,treino
2070,698,treino
2071,705,treino
2072,705,treino
2073,705,treino
2074,705,treino
2075,705,treino
2076,705,treino
2077,705,treino
2078,705,treino
2079,705,treino
2080,705,treino
2081,705,treino
2082,705,treino
2083,705,treino
2084,705,treino
2085,705,treino
2086,705,treino
2087,705,treino
2088,705,treino
2089,705,treino
2090,705,treino
2091,646,teste
2092,705,treino
2093,705,treino
2094,705,treino
2095,705,treino
2096,705,treino
2097,705,treino
2098,705,treino
2099,705,treino
2100,709,treino
2101,712,validacao
2102,705,treino
2103,705,treino
2104,705,treino
2105,705,treino
2106,705,treino
2107,705,treino
2108,705,treino
2109,31107,treino
2110,705,treino
2111,705,treino
2112,705,treino
2113,705,treino
2114,705,treino
2115,705,treino
2116,705,treino
2117,705,treino
2119,698,treino
2120,712,validacao
2121,705,treino
2122,709,treino
2123,705,treino
2124,705,treino
2125,705,treino
2126,705,treino
2127,705,treino
2128,705,treino
2129,705,treino
2130,705,treino
2131,705,treino
2132,705,treino
2133,705,treino
2134,705,treino
2135,705,treino
2136,705,treino
2137,705,treino
2138,705,treino
2139,705,treino
2140,705,treino
2141,705,treino
2142,705,treino
2143,705,treino
2144,705,treino
2145,705,treino
2146,705,treino
2147,705,treino
2148,705,treino
2149,705,treino
2150,705,treino
2151,705,treino
2152,705,treino
2153,705,treino
2154,705,treino
2155,705,treino
2156,705,treino
2157,705,treino
2158,705,treino
2159,705,treino
2160,705,treino
2161,705,treino
2162,705,treino
2163,705,treino
2164,705,treino
2165,705,treino
2166,705,treino
2167,705,treino
2168,705,treino
2169,705,treino
2170,705,treino
2171,705,treino
2172,705,treino
2173,705,treino
2174,705,treino
2175,705,treino
2176,705,treino
2177,705,treino
2178,705,treino
2179,705,treino
2180,705,treino
2181,705,treino
2182,766,treino
2183,768,treino
2184,771,treino
2185,773,treino
2186,773,treino
2187,773,treino
2188,773,treino
2189,773,treino
2190,773,treino
2193,773,treino
2194,776,treino
2195,779,treino
2196,782,teste
2197,784,teste
2198,766,treino
2199,773,treino
2203,787,teste
2209,768,treino
2211,790,teste
2212,771,treino
2213,793,treino
2214,776,treino
2215,779,treino
2216,796,treino
2217,799,treino
2218,782,teste
2219,801,teste
2220,784,teste
2221,804,treino
2222,787,teste
2224,807,validacao
2225,790,teste
2226,809,treino
2227,793,treino
2228,812,treino
2229,796,treino
2230,815,treino
2231,799,treino
2232,818,validacao
2234,801,teste
2235,821,treino
2236,804,treino
2237,807,validacao
2238,824,treino
2239,809,treino
2240,827,treino
2241,812,treino
2242,829,treino
2243,832,teste
2244,815,treino
2245,818,validacao
2246,835,treino
2247,821,treino
2248,838,treino
2249,841,treino
2250,824,treino
2251,844,treino
2252,827,treino
2253,847,treino
2254,829,treino
2255,850,treino
2256,832,teste
2257,853,treino
2258,835,treino
2259,856,teste
2260,838,treino
2261,766,treino
2262,841,treino
2263,705,treino
2264,858,treino
2265,858,treino
2266,844,treino
2267,847,treino
2268,862,treino
2269,771,treino
2270,850,treino
2271,865,treino
2272,768,treino
2273,853,treino
2274,868,teste
2275,776,treino
2276,856,teste
2277,782,teste
2278,871,validacao
2279,784,teste
2280,874,teste
2281,779,treino
2282,876,treino
2283,787,teste
2284,879,treino
2285,862,treino
2286,882,treino
2287,773,treino
2288,865,treino
2289,796,treino
2290,885,treino
2291,868,teste
2292,790,teste
2293,887,treino
2294,887,treino
2295,887,treino
2296,887,treino
2297,887,treino
2298,890,validacao
2299,887,treino
2302,887,treino
2303,871,validacao
2304,793,treino
2305,887,treino
2315,892,treino
2317,874,teste
2319,804,treino
2328,799,treino
2331,895,treino
2332,876,treino
2341,801,teste
2351,879,treino
2353,898,treino
2356,807,validacao
2367,882,treino
2376,901,treino
2387,809,treino
2388,885,treino
2391,904,validacao
2402,890,validacao
2407,818,validacao
2410,907,treino
2413,812,treino
2414,821,treino
2415,892,treino
2416,909,treino
2417,815,treino
2418,895,treino
2419,824,treino
2420,912,treino
2421,898,treino
2422,915,validacao
2423,915,validacao
2424,827,treino
2425,915,validacao
2426,915,validacao
2427,915,validacao
2428,915,validacao
2430,901,treino
2432,915,validacao
2433,915,validacao
2434,915,validacao
2435,915,validacao
2436,904,validacao
2437,915,validacao
2438,832,teste
2439,915,validacao
2440,915,validacao
2441,829,treino
2442,915,validacao
2443,915,validacao
2444,915,validacao
2445,915,validacao
2446,907,treino
2448,915,validacao
2449,915,validacao
2450,915,validacao
2451,915,validacao
2452,915,validacao
2453,909,treino
2454,915,validacao
2455,835,treino
2456,915,validacao
2457,915,validacao
2458,915,validacao
2459,838,treino
2460,915,validacao
2461,915,validacao
2462,912,treino
2463,915,validacao
2464,915,validacao
2465,915,validacao
2466,915,validacao
2467,923,teste
2468,923,teste
2469,923,teste
2470,915,validacao
2471,923,teste
2472,923,teste
2473,915,validacao
2474,923,teste
2477,923,teste
2478,915,validacao
2479,915,validacao
2480,923,teste
2484,915,validacao
2487,915,validacao
2492,915,validacao
2493,915,validacao
2496,847,treino
2501,915,validacao
2504,915,validacao
2507,841,treino
2508,844,treino
2509,915,validacao
2516,915,validacao
2519,915,validacao
2522,915,validacao
2525,915,validacao
2529,915,validacao
2535,915,validacao
2538,915,validacao
2540,915,validacao
2547,915,validacao
2549,915,validacao
2550,850,treino
2553,915,validacao
2560,915,validacao
2561,915,validacao
2568,853,treino
2571,915,validacao
2574,915,validacao
2577,915,validacao
2582,915,validacao
2587,915,validacao
2590,915,validacao
2595,915,validacao
2597,915,validacao
2603,915,validacao
2604,915,validacao
2605,915,validacao
2606,856,teste
2607,915,validacao
2608,915,validacao
2609,915,validacao
2610,915,validacao
2611,862,treino
2612,915,validacao
2613,915,validacao
2614,915,validacao
2615,915,validacao
2616,915,validacao
2617,915,validacao
2618,915,validacao
2619,858,treino
2620,915,validacao
2621,915,validacao
2622,915,validacao
2623,915,validacao
2624,915,validacao
2625,915,validacao
2626,915,validacao
2627,871,validacao
2628,868,teste
2629,915,validacao
2630,915,validacao
2631,915,validacao
2632,915,validacao
2633,865,treino
2635,876,treino
2636,874,teste
2637,879,treino
2638,890,validacao
2639,885,treino
2640,882,treino
2641,892,treino
2643,895,treino
2644,904,validacao
2645,898,treino
2646,909,treino
2647,901,treino
2648,887,treino
2649,907,treino
2650,912,treino
2651,915,validacao
2652,915,validacao
2653,915,validacao
2654,915,validacao
2655,915,validacao
2656,915,validacao
2657,915,validacao
2658,915,validacao
2659,915,validacao
2660,915,validacao
2661,923,teste
2662,915,validacao
2663,915,validacao
2664,915,validacao
2665,915,validacao
2666,915,validacao
2667,915,validacao
2668,915,validacao
2669,915,validacao
2670,915,validacao
2671,915,validacao
2672,915,validacao
2673,915,validacao
2674,915,validacao
2675,915,validacao
2676,915,validacao
2677,915,validacao
2678,915,validacao
2679,915,validacao
2680,915,validacao
2681,915,validacao
2682,915,validacao
2683,915,validacao
2684,915,validacao
2685,915,validacao
2686,915,validacao
2687,915,validacao
2688,915,validacao
2689,915,validacao
2690,915,validacao
2691,915,validacao
2692,915,validacao
2693,915,validacao
2694,915,validacao
2695,915,validacao
2696,976,teste
2697,976,teste
2698,976,teste
2699,979,teste
2700,983,treino
2701,989,validacao
2702,994,validacao
2703,999,treino
2704,976,teste
2705,1004,teste
2706,979,teste
2707,1008,treino
2708,983,treino
2709,1014,treino
2710,1016,treino
2711,989,validacao
2712,1022,validacao
2713,994,validacao
2714,1027,treino
2715,999,treino
2716,1032,treino
2717,1004,teste
2718,1035,teste
2719,1008,treino
2720,1042,treino
2721,1014,treino
2722,1048,treino
2723,1016,treino
2724,1053,treino
2725,1022,validacao
2726,1061,teste
2727,1027,treino
2728,1032,treino
2729,1070,teste
2730,1035,teste
2731,1073,treino
2732,1042,treino
2733,1078,treino
2734,1048,treino
2735,1083,teste
2736,1053,treino
2737,1088,treino
2738,1061,teste
2739,1093,treino
2740,1070,teste
2741,1098,validacao
2742,1073,treino
2743,1103,validacao
2744,1078,treino
2745,1106,validacao
2746,1083,teste
2747,1111,treino
2748,1088,treino
2749,1116,treino
2750,1119,treino
2751,1119,treino
2752,1119,treino
2753,1119,treino
2754,1119,treino
2755,1119,treino
2756,1119,treino
2757,1119,treino
2758,1124,teste
2759,1119,treino
2760,1093,treino
2761,1119,treino
2762,1119,treino
2763,1119,treino
2764,1119,treino
2765,1119,treino
2766,1119,treino
2767,1119,treino
2768,1119,treino
2769,1119,treino
2770,1119,treino
2771,1119,treino
2772,1119,treino
2773,1119,treino
2774,1119,treino
2775,1119,treino
2776,1129,treino
2777,1119,treino
2778,1098,validacao
2779,1119,treino
2780,1119,treino
2781,1119,treino
2782,1119,treino
2783,1119,treino
2784,1119,treino
2785,915,validacao
2786,1119,treino
2787,1119,treino
2788,1119,treino
2789,1119,treino
2790,1119,treino
2791,1119,treino
2792,1119,treino
2793,1119,treino
2794,1119,treino
2795,1119,treino
2796,1119,treino
2797,1119,treino
2798,1119,treino
2799,1119,treino
2800,1132,teste
2801,1119,treino
2802,1119,treino
2803,1103,validacao
2804,1119,treino
2805,1119,treino
2806,1119,treino
2807,1119,treino
2808,1119,treino
2809,1119,treino
2810,1119,treino
2811,1119,treino
2812,1119,treino
2813,1119,treino
2816,1119,treino
2817,1119,treino
2818,1137,treino
2819,1119,treino
2820,1119,treino
2821,1119,treino
2822,1106,validacao
2823,1119,treino
2824,1119,treino
2825,1119,treino
2826,1119,treino
2827,976,teste
2828,1119,treino
2829,1119,treino
2830,1119,treino
2831,1119,treino
2832,1119,treino
2833,1119,treino
2834,1119,treino
2835,1141,treino
2836,1119,treino
2837,1119,treino
2838,1119,treino
2839,1119,treino
2840,1119,treino
2841,1119,treino
2842,983,treino
2843,1119,treino
2844,1111,treino
2845,1119,treino
2846,1119,treino
2847,1119,treino
2848,1119,treino
2849,1119,treino
2850,1119,treino
2851,1119,treino
2852,1119,treino
2853,1119,treino
2854,1147,treino
2855,1119,treino
2856,1119,treino
2857,1119,treino
2858,979,teste
2859,1119,treino
2860,1119,treino
2861,1116,treino
2862,1119,treino
2863,1119,treino
2864,1119,treino
2865,989,validacao
2866,1119,treino
2867,1119,treino
2868,1119,treino
2871,1119,treino
2872,1152,treino
2873,1119,treino
2874,1119,treino
2875,1119,treino
2876,1124,teste
2877,1119,treino
2878,1119,treino
2879,1119,treino
2880,1119,treino
2881,1119,treino
2882,1119,treino
2883,1119,treino
2884,1155,treino
2885,1119,treino
2886,1119,treino
2887,1119,treino
2888,1119,treino
2889,1129,treino
2890,994,validacao
2891,1119,treino
2892,1119,treino
2893,1119,treino
2894,1119,treino
2895,1119,treino
2896,1119,treino
2897,1119,treino
2898,31099,treino
2900,1119,treino
2901,1159,treino
2902,1119,treino
2903,1119,treino
2904,1119,treino
2905,1119,treino
2906,1132,teste
2907,1119,treino
2908,1119,treino
2909,1167,validacao
2910,1137,treino
2911,1172,treino
2912,1004,teste
2913,1008,treino
2914,999,treino
2915,1141,treino
2916,1014,treino
2917,1175,treino
2918,1147,treino
2919,1180,treino
2920,1152,treino
2921,1016,treino
2922,1027,treino
2923,1155,treino
2924,1185,treino
2925,1159,treino
2926,1185,treino
2927,1196,treino
2928,1167,validacao
2929,1022,validacao
2930,1035,teste
2931,1042,treino
2932,1172,treino
2933,1201,treino
2934,1175,treino
2935,1208,teste
2936,1032,treino
2937,1180,treino
2938,1213,treino
2939,1048,treino
2940,1053,treino
2941,1218,treino
2942,1223,treino
2943,1229,teste
2944,1196,treino
2945,1236,treino
2946,1201,treino
2947,1061,teste
2948,1070,teste
2949,1083,teste
2950,1239,treino
2951,1208,teste
2952,1078,treino
2953,1073,treino
2954,1246,validacao
2955,1213,treino
2956,1251,validacao
2957,1218,treino
2958,1258,treino
2959,1223,treino
2960,1263,treino
2961,1263,treino
2962,1263,treino
2963,1263,treino
2964,1263,treino
2965,1263,treino
2967,1266,teste
2969,1263,treino
2970,1229,teste
2971,1088,treino
2972,1263,treino
2975,1103,validacao
2983,1269,treino
2984,1093,treino
2989,1236,treino
2999,1098,validacao
3007,1273,treino
3008,1239,treino
3027,1246,validacao
3030,1279,treino
3043,1287,treino
3044,1251,validacao
3053,1111,treino
3062,1106,validacao
3065,1258,treino
3066,1294,treino
3067,1129,treino
3068,1124,teste
3079,1266,teste
3080,1119,treino
3081,1119,treino
3083,1119,treino
3085,1301,treino
3086,1119,treino
3088,1119,treino
3090,1119,treino
3091,1269,treino
3092,1119,treino
3093,1116,treino
3094,1119,treino
3095,1309,treino
3096,1306,treino
3097,1309,treino
3098,1309,treino
3099,1309,treino
3100,1309,treino
3101,1309,treino
3102,1309,treino
3103,1309,treino
3104,1309,treino
3105,1132,teste
3106,1309,treino
3107,1309,treino
3108,1309,treino
3109,1273,treino
3110,1309,treino
3111,1309,treino
3112,1314,teste
3113,1309,treino
3114,1309,treino
3115,1309,treino
3116,1309,treino
3117,1309,treino
3118,1309,treino
3119,1309,treino
3120,1309,treino
3121,1309,treino
3122,1309,treino
3123,1309,treino
3124,1309,treino
3125,1309,treino
3126,1309,treino
3127,1309,treino
3128,1309,treino
3129,1309,treino
3130,1309,treino
3131,1309,treino
3132,1309,treino
3133,1309,treino
3134,1319,teste
3135,1279,treino
3136,1324,treino
3137,1287,treino
3138,1141,treino
3139,1137,treino
3140,1155,treino
3141,1147,treino
3142,1329,treino
3143,1294,treino
3145,1334,treino
3146,1152,treino
3147,1301,treino
3148,30885,validacao
3149,1337,treino
3150,1159,treino
3151,1306,treino
3152,1342,treino
3153,1314,teste
3154,1346,treino
3155,1172,treino
3156,31209,treino
3157,1167,validacao
3158,1319,teste
3159,1352,treino
3160,30951,treino
3161,1180,treino
3162,1324,treino
3163,31367,treino
3164,30750,treino
3165,31311,treino
3166,30632,treino
3167,1355,teste
3168,1329,treino
3169,1175,treino
3170,1360,treino
3171,1334,treino
3172,1365,treino
3173,1337,treino
3174,1185,treino
3175,1374,treino
3177,1342,treino
3178,1377,teste
3179,1346,treino
3180,1208,teste
3181,1201,treino
3182,1382,treino
3183,1352,treino
3184,1213,treino
3185,1387,teste
3186,1196,treino
3187,1355,teste
3188,1392,treino
3189,1360,treino
3190,1395,validacao
3191,1365,treino
3192,1400,treino
3193,1374,treino
3194,1223,treino
3195,1218,treino
3196,1229,teste
3197,1377,teste
3198,1405,teste
3199,1382,treino
3200,1410,treino
3201,1236,treino
3202,1387,teste
3203,1415,validacao
3204,1392,treino
3205,1420,teste
3206,1246,validacao
3207,1395,validacao
3208,1239,treino
3209,1425,teste
3210,1400,treino
3211,1428,treino
3212,1433,treino
3213,1405,teste
3214,1251,validacao
3215,1269,treino
3216,1438,treino
3217,1266,teste
3218,1410,treino
3219,1258,treino
3220,1443,treino
3221,1119,treino
3222,1415,validacao
3223,1448,treino
3224,1420,teste
3225,1279,treino
3226,1273,treino
3227,1294,treino
3228,1456,treino
3229,1425,teste
3230,1461,treino
3231,1428,treino
3232,1466,treino
3233,1301,treino
3234,1306,treino
3235,1433,treino
3236,1287,treino
3237,1471,teste
3238,1263,treino
3239,1438,treino
3240,1476,treino
3241,1443,treino
3242,1319,teste
3243,1479,treino
3244,1448,treino
3245,1324,treino
3246,1490,validacao
3247,1456,treino
3248,1314,teste
3249,1495,treino
3250,1495,treino
3251,1495,treino
3252,1495,treino
3253,1495,treino
3254,1309,treino
3255,1495,treino
3258,1495,treino
3259,1498,treino
3260,1495,treino
3262,1329,treino
3263,1461,treino
3276,1503,treino
3278,1337,treino
3284,1466,treino
3294,1334,treino
3296,1506,treino
3299,1471,teste
3314,1511,validacao
3319,1476,treino
3322,1346,treino
3331,1516,treino
3336,1479,treino
3348,1521,teste
3354,1342,treino
3355,1490,validacao
3366,1526,treino
3367,1352,treino
3368,1498,treino
3369,1529,treino
3370,1503,treino
3371,1534,validacao
3372,1534,validacao
3373,1534,validacao
3374,1360,treino
3375,1534,validacao
3376,1534,validacao
3377,1534,validacao
3378,1534,validacao
3379,1534,validacao
3380,1534,validacao
3381,1355,teste
3382,1534,validacao
3383,1534,validacao
3384,1534,validacao
3385,1534,validacao
3386,1534,validacao
3387,1537,teste
3388,1534,validacao
3389,1534,validacao
3390,1534,validacao
3391,1534,validacao
3392,1534,validacao
3393,1534,validacao
3394,1374,treino
3395,1534,validacao
3396,1506,treino
3397,1534,validacao
3398,1534,validacao
3399,1534,validacao
3400,1534,validacao
3401,1534,validacao
3404,1534,validacao
3407,1542,treino
3408,1534,validacao
3409,1534,validacao
3410,1534,validacao
3411,1534,validacao
3412,1534,validacao
3413,1534,validacao
3414,1534,validacao
3415,1511,validacao
3416,1534,validacao
3417,1534,validacao
3418,1534,validacao
3419,1534,validacao
3420,1534,validacao
3421,1534,validacao
3422,1534,validacao
3423,1534,validacao
3424,1534,validacao
3425,1534,validacao
3426,1382,treino
3427,1534,validacao
3428,1534,validacao
3429,1547,treino
3430,1534,validacao
3431,1534,validacao
3432,1534,validacao
3433,1534,validacao
3434,1534,validacao
3435,1516,treino
3436,1365,treino
3437,1534,validacao
3438,1534,validacao
3439,1534,validacao
3440,1534,validacao
3441,1534,validacao
3442,1534,validacao
3443,1534,validacao
3444,1377,teste
3445,1534,validacao
3446,1534,validacao
3447,1534,validacao
3448,1534,validacao
3449,1534,validacao
3450,1552,teste
3451,1534,validacao
3452,1534,validacao
3453,1534,validacao
3454,1534,validacao
3455,1521,teste
3456,1534,validacao
3457,1534,validacao
3458,1534,validacao
3459,1534,validacao
3460,1387,teste
3461,1557,treino
3463,1526,treino
3464,1562,treino
3465,1529,treino
3466,1567,teste
3467,1392,treino
3468,1537,teste
3469,1572,teste
3470,1542,treino
3471,1395,validacao
3472,1575,teste
3473,1547,treino
3474,1400,treino
3475,1582,validacao
3476,1405,teste
3477,1552,teste
3478,1587,treino
3479,1557,treino
3480,1592,treino
3481,1415,validacao
3482,1425,teste
3483,1562,treino
3484,1596,treino
3485,1410,treino
3486,1601,treino
3487,1567,teste
3488,1605,treino
3489,1428,treino
3490,1572,teste
3491,1612,treino
3492,1612,treino
3493,1612,treino
3494,1612,treino
3495,1612,treino
3496,1612,treino
3499,1612,treino
3500,1617,teste
3501,1420,teste
3502,1612,treino
3508,1575,teste
3513,1443,treino
3514,1621,treino
3515,1625,validacao
3516,1625,validacao
3517,1625,validacao
3518,1625,validacao
3519,1625,validacao
3520,1625,validacao
3523,1625,validacao
3524,1582,validacao
3525,1625,validacao
3529,1438,treino
3535,1630,teste
3537,1433,treino
3540,1587,treino
3551,1634,teste
3560,1592,treino
3571,1639,teste
3572,1596,treino
3576,1456,treino
3578,1601,treino
3585,1461,treino
3592,1644,treino
3596,1448,treino
3597,1605,treino
3609,1649,treino
3610,1617,teste
3612,1654,teste
3613,1621,treino
3614,1479,treino
3615,1476,treino
3616,1630,teste
3617,1661,treino
3618,1471,teste
3619,1466,treino
3620,1634,teste
3621,1664,teste
3622,1669,treino
3623,1639,teste
3624,1503,treino
3625,1674,treino
3626,1644,treino
3628,1679,treino
3629,1649,treino
3630,1498,treino
3631,1490,validacao
3632,1684,validacao
3633,1654,teste
3634,1516,treino
3635,1687,treino
3636,1661,treino
3637,1534,validacao
3638,1521,teste
3639,1694,treino
3640,1694,treino
3641,1664,teste
3642,1506,treino
3643,1669,treino
3644,1701,validacao
3645,1495,treino
3646,1511,validacao
3647,1706,treino
3648,1674,treino
3649,1529,treino
3650,1679,treino
3651,1712,treino
3652,1537,teste
3653,1717,teste
3654,1684,validacao
3655,1542,treino
3656,1526,treino
3657,1721,teste
3658,1687,treino
3659,1727,treino
3660,1534,validacao
3661,1552,teste
3662,1732,treino
3663,1701,validacao
3664,1557,treino
3665,1547,treino
3666,1562,treino
3667,19,teste
3668,1737,treino
3669,1706,treino
3670,1742,validacao
3671,1712,treino
3672,1745,teste
3673,1717,teste
3674,1750,validacao
3675,1721,teste
3676,1567,teste
3677,1755,teste
3678,1727,treino
3679,1572,teste
3680,1759,treino
3681,1732,treino
3682,1575,teste
3683,1767,validacao
3684,1737,treino
3685,1582,validacao
3686,1596,treino
3687,1769,teste
3688,1742,validacao
3689,1601,treino
3690,1775,treino
3691,1745,teste
3692,1592,treino
3693,31107,treino
3694,1587,treino
3695,1750,validacao
3696,1780,treino
3697,1612,treino
3698,1755,teste
3699,1787,validacao
3700,1605,treino
3701,1759,treino
3702,1791,treino
3703,1630,teste
3704,1617,teste
3705,1767,validacao
3706,1634,teste
3707,1797,treino
3708,1621,treino
3709,1769,teste
3710,1800,treino
3711,1807,treino
3712,1775,treino
3713,1625,validacao
3714,1812,treino
3715,1780,treino
3716,1639,teste
3717,1644,treino
3718,1817,treino
3720,1787,validacao
3721,1823,treino
3722,1791,treino
3723,1649,treino
3724,1654,teste
3725,1797,treino
3726,1828,treino
3727,1664,teste
3728,1661,treino
3729,1800,treino
3730,1834,treino
3731,1674,treino
3732,1679,treino
3733,1807,treino
3734,1837,treino
3735,1812,treino
3736,1842,teste
3737,1669,treino
3738,1684,validacao
3739,1817,treino
3740,1847,treino
3741,1852,treino
3742,1534,validacao
3743,1823,treino
3744,1687,treino
3745,1855,treino
3746,1828,treino
3747,1701,validacao
3748,1860,validacao
3749,1834,treino
3750,1706,treino
3751,1865,treino
3752,1837,treino
3753,1694,treino
3754,1870,validacao
3755,1842,teste
3756,1875,treino
3757,1847,treino
3758,1727,treino
3759,1880,teste
3760,1852,treino
3761,1712,treino
3762,1717,teste
3763,1721,teste
3764,1883,treino
3765,1855,treino
3766,1860,validacao
3767,1888,teste
3768,1737,treino
3769,1893,treino
3770,1732,treino
3771,1865,treino
3772,1898,treino
3773,1870,validacao
3774,1742,validacao
3775,1745,teste
3776,1875,treino
3777,1903,treino
3778,1880,teste
3779,1908,teste
3780,1750,validacao
3781,1759,treino
3782,1883,treino
3783,1913,treino
3784,1767,validacao
3785,1888,teste
3786,1916,treino
3787,1755,teste
3788,1893,treino
3789,1921,treino
3790,1926,validacao
3791,1898,treino
3792,1931,treino
3793,1903,treino
3794,1769,teste
3795,1934,treino
3796,1908,teste
3797,1780,treino
3798,1939,teste
3799,1787,validacao
3800,1775,treino
3801,1913,treino
3802,1944,treino
3803,1916,treino
3804,1949,treino
3805,1800,treino
3806,1921,treino
3807,1954,treino
3808,1926,validacao
3809,1791,treino
3810,1959,treino
3811,1931,treino
3812,1812,treino
3813,1797,treino
3814,1807,treino
3815,1934,treino
3816,1962,validacao
3817,1967,treino
3818,1939,teste
3819,1971,treino
3820,1944,treino
3821,1817,treino
3822,1977,validacao
3823,1949,treino
3824,1828,treino
3825,1982,treino
3826,1985,validacao
3827,1954,treino
3828,1985,validacao
3829,1985,validacao
3830,1985,validacao
3831,1985,validacao
3832,1985,validacao
3835,1985,validacao
3836,1823,treino
3837,1988,treino
3838,1959,treino
3839,1834,treino
3840,1993,teste
3841,1842,teste
3842,1962,validacao
3843,1847,treino
3844,1998,validacao
3845,1967,treino
3846,1837,treino
3847,2003,teste
3848,1852,treino
3850,1971,treino
3851,2006,treino
3852,1977,validacao
3853,1860,validacao
3854,2011,teste
3855,1982,treino
3856,1865,treino
3857,2016,treino
3858,1985,validacao
3859,1988,treino
3860,1855,treino
3861,2021,treino
3862,1993,teste
3863,1870,validacao
3864,2026,validacao
3865,1998,validacao
3866,2031,treino
3867,1875,treino
3868,2003,teste
3869,1880,teste
3870,2036,validacao
3871,2006,treino
3872,2041,treino
3873,2011,teste
3874,1888,teste
3875,2045,validacao
3876,2016,treino
3877,1883,treino
3878,2021,treino
3879,2051,validacao
3880,2051,validacao
3881,1893,treino
3882,2026,validacao
3883,2058,treino
3884,1908,teste
3885,2031,treino
3886,2061,validacao
3887,1898,treino
3888,1903,treino
3889,2036,validacao
3890,2066,teste
3891,2041,treino
3892,2071,treino
3893,2045,validacao
3894,2076,validacao
3895,1913,treino
3896,1921,treino
3897,2079,treino
3898,1916,treino
3899,2083,teste
3900,2058,treino
3901,1931,treino
3902,1934,treino
3903,2089,treino
3904,2061,validacao
3905,2094,treino
3906,2066,teste
3907,1926,validacao
3908,1939,teste
3909,2099,teste
3910,2071,treino
3911,2104,teste
3912,2076,validacao
3913,2107,validacao
3914,2079,treino
3915,1949,treino
3916,2112,validacao
3917,1954,treino
3918,2083,teste
3919,1959,treino
3920,1944,treino
3921,2117,treino
3922,2089,treino
3923,1967,treino
3924,2124,treino
3925,2094,treino
3926,2129,treino
3927,2099,teste
3928,1971,treino
3929,1962,validacao
3930,2104,teste
3931,2132,validacao
3932,2107,validacao
3933,2137,treino
3934,2112,validacao
3935,1982,treino
3936,2146,treino
3937,2117,treino
3938,1988,treino
3939,2151,treino
3940,1977,validacao
3941,1993,teste
3942,1985,validacao
3943,2124,treino
3944,2155,treino
3945,2129,treino
3946,2161,treino
3947,2003,teste
3948,2166,treino
3949,1998,validacao
3950,2132,validacao
3951,2168,treino
3952,2016,treino
3953,2137,treino
3954,2011,teste
3955,2006,treino
3956,2174,treino
3957,2146,treino
3958,2021,treino
3959,2178,teste
3960,2151,treino
3961,2184,teste
3962,2155,treino
3963,2026,validacao
3964,2187,validacao
3965,2031,treino
3966,2161,treino
3967,2192,treino
3968,2036,validacao
3969,2166,treino
3970,2197,treino
3971,2197,treino
3972,2197,treino
3973,2197,treino
3974,2197,treino
3975,2197,treino
3978,2197,treino
3979,2200,treino
3980,2168,treino
3981,2045,validacao
3982,2205,treino
3983,2174,treino
3984,2210,treino
3985,2058,treino
3986,2051,validacao
3987,2178,teste
3988,2041,treino
3989,2197,treino
3999,2213,treino
4000,2184,teste
4013,2218,treino
4020,2187,validacao
4033,2223,treino
4034,2071,treino
4036,2192,treino
4048,2228,teste
4057,2200,treino
4058,2061,validacao
4067,2076,validacao
4068,2066,teste
4071,2233,treino
4074,2205,treino
4091,2236,treino
4094,2210,treino
4105,2241,treino
4106,2213,treino
4107,2079,treino
4108,2246,treino
4109,2218,treino
4110,2251,treino
4111,2223,treino
4112,2089,treino
4113,2099,teste
4114,2083,teste
4115,2255,teste
4116,2228,teste
4117,2259,validacao
4118,2094,treino
4119,2233,treino
4120,2270,treino
4121,2236,treino
4122,2275,treino
4124,2241,treino
4125,2117,treino
4126,2282,teste
4127,2104,teste
4128,2246,treino
4129,2107,validacao
4130,2285,treino
4131,2251,treino
4132,2129,treino
4133,2124,treino
4134,2112,validacao
4135,2290,teste
4136,2255,teste
4137,2295,treino
4138,2259,validacao
4139,2132,validacao
4140,2300,teste
4141,2270,treino
4142,2137,treino
4143,2304,treino
4144,2275,treino
4145,2146,treino
4146,2310,treino
4147,2282,teste
4148,2317,teste
4149,2155,treino
4150,2285,treino
4151,2322,treino
4152,2151,treino
4153,2290,teste
4154,2329,treino
4155,2295,treino
4156,2339,treino
4157,2166,treino
4158,2300,teste
4159,2347,treino
4160,2347,treino
4161,2304,treino
4162,2161,treino
4163,2310,treino
4164,2352,teste
4165,2168,treino
4166,2174,treino
4167,2317,teste
4168,2357,validacao
4169,2178,teste
4170,2322,treino
4171,2357,validacao
4172,2329,treino
4173,2364,treino
4174,2187,validacao
4175,2364,treino
4176,2339,treino
4177,2192,treino
4178,2184,teste
4179,2368,treino
4180,2200,treino
4181,2368,treino
4182,2352,teste
4183,2375,treino
4184,2375,treino
4185,2205,treino
4186,2383,treino
4187,2386,treino
4188,2213,treino
4189,2210,treino
4190,2391,teste
4191,2391,teste
4192,2218,treino
4193,2398,teste
4194,2228,teste
4195,2223,treino
4196,2402,treino
4197,2241,treino
4198,2383,treino
4199,2233,treino
4200,2408,teste
4201,2246,treino
4202,2236,treino
4203,2386,treino
4204,2197,treino
4205,2417,treino
4206,2251,treino
4207,2426,validacao
4209,2259,validacao
4210,2431,validacao
4211,2398,teste
4212,2255,teste
4213,2270,treino
4214,2434,teste
4215,2434,teste
4216,2434,teste
4217,2434,teste
4218,2434,teste
4219,2434,teste
4222,2434,teste
4223,2437,treino
4224,2402,treino
4225,2434,teste
4235,2442,treino
4246,2275,treino
4247,2408,teste
4264,2446,teste
4268,2282,teste
4269,2290,teste
4271,2417,treino
4282,2285,treino
4293,2426,validacao
4294,2446,teste
4305,2295,treino
4308,2431,validacao
4311,2458,validacao
4328,2461,validacao
4329,2437,treino
4330,2468,treino
4331,2442,treino
4332,2310,treino
4333,2300,teste
4334,2473,validacao
4335,2304,treino
4336,2482,treino
4337,2317,teste
4338,2329,treino
4339,2489,treino
4340,2492,validacao
4343,2339,treino
4350,2458,validacao
4353,2322,treino
4354,2347,treino
4363,2497,validacao
4367,2461,validacao
4381,2502,teste
4388,2468,treino
4400,2352,teste
4402,2473,validacao
4404,2507,treino
4411,2357,validacao
4424,2482,treino
4425,2515,treino
4442,2489,treino
4445,2523,treino
4457,2364,treino
4459,2492,validacao
4460,2526,treino
4461,2530,treino
4462,2497,validacao
4463,2368,treino
4464,2536,treino
4465,2502,teste
4466,2507,treino
4467,2541,treino
4468,2541,treino
4469,2515,treino
4470,2545,treino
4471,2383,treino
4472,2375,treino
4473,2523,treino
4474,2551,teste
4476,2551,teste
4477,2526,treino
4478,2556,treino
4479,2530,treino
4480,2391,teste
4481,2386,treino
4482,2561,treino
4483,2536,treino
4484,2402,treino
4485,2564,teste
4486,2569,treino
4487,2545,treino
4488,2408,teste
4489,2398,teste
4490,2417,treino
4491,2574,treino
4492,2574,treino
4493,2584,treino
4494,2581,treino
4495,2556,treino
4496,2584,treino
4497,2588,treino
4498,2584,treino
4499,2584,treino
4500,2561,treino
4501,2594,treino
4502,2584,treino
4503,2584,treino
4504,2564,teste
4505,30750,treino
4506,30632,treino
4507,2431,validacao
4508,2584,treino
4510,2599,treino
4511,2426,validacao
4512,2569,treino
4513,2442,treino
4514,2604,treino
4515,30689,treino
4516,2437,treino
4517,2607,teste
4519,2584,treino
4520,2612,validacao
4521,2614,teste
4522,2584,treino
4523,31160,teste
4524,31209,treino
4525,30935,treino
4526,31353,treino
4527,2581,treino
4528,2618,validacao
4529,2446,teste
4530,2588,treino
4531,2623,teste
4532,2461,validacao
4533,2594,treino
4534,2628,treino
4535,2458,validacao
4536,2633,treino
4537,2599,treino
4538,2638,treino
4539,2612,validacao
4540,2612,validacao
4541,2612,validacao
4542,2612,validacao
4543,2612,validacao
4544,2604,treino
4545,2612,validacao
4546,2612,validacao
4549,2612,validacao
4550,2482,treino
4551,2612,validacao
4561,2641,treino
4562,2607,teste
4563,2614,teste
4568,2489,treino
4575,2468,treino
4578,2646,treino
4586,2473,validacao
4588,2618,validacao
4599,2651,treino
4600,2492,validacao
4607,2623,teste
4611,2497,validacao
4617,2656,treino
4624,2628,treino
4635,2661,treino
4642,2633,treino
4653,2664,treino
4658,2638,treino
4669,2502,teste
4675,2669,treino
4679,2641,treino
4684,2507,treino
4693,2674,teste
4694,2646,treino
4707,2523,treino
4708,2526,treino
4711,2678,validacao
4714,2651,treino
4719,2515,treino
4730,2683,treino
4733,2656,treino
4734,2530,treino
4749,2687,treino
4754,2661,treino
4765,2434,teste
4766,2694,validacao
4768,2664,treino
4772,2536,treino
4780,2541,treino
4781,2699,teste
4782,2699,teste
4783,2699,teste
4784,2699,teste
4785,2699,teste
4786,2699,teste
4789,2699,teste
4790,2701,treino
4791,2669,treino
4792,2699,teste
4802,2545,treino
4811,2674,teste
4814,2707,validacao
4826,2678,validacao
4836,2551,teste
4839,2712,treino
4848,2683,treino
4858,2556,treino
4862,2687,treino
4869,2717,treino
4882,2694,validacao
4893,2722,validacao
4904,2701,treino
4915,2727,treino
4916,2564,teste
4917,2569,treino
4927,2561,treino
4929,2707,validacao
4933,2731,treino
4941,2581,treino
4952,2737,treino
4953,2712,treino
4956,2588,treino
4957,2584,treino
4970,2742,treino
4978,2574,treino
4980,2717,treino
4989,2747,treino
5004,2722,validacao
5011,2752,teste
5012,2752,teste
5016,2594,treino
5017,2755,teste
5018,2755,teste
5019,2755,teste
5020,2755,teste
5021,2755,teste
5022,2755,teste
5023,2755,teste
5024,2755,teste
5031,2727,treino
5035,2759,validacao
5040,2599,treino
5047,2731,treino
5058,2765,treino
5063,2614,teste
5066,2737,treino
5080,2604,treino
5082,2770,treino
5083,2742,treino
5097,2775,treino
5103,2747,treino
5105,2607,teste
5117,2778,teste
5118,2618,validacao
5119,2633,treino
5128,2623,teste
5131,2638,treino
5132,2783,treino
5133,2759,validacao
5134,2628,treino
5135,2788,treino
5136,2646,treino
5137,2765,treino
5138,2793,teste
5139,2770,treino
5147,2798,treino
5150,2641,treino
5154,2651,treino
5161,2775,treino
5164,2661,treino
5165,2803,treino
5178,2778,teste
5186,2810,treino
5200,2813,validacao
5201,2656,treino
5206,2783,treino
5221,2822,teste
5223,2788,treino
5225,2612,validacao
5238,2828,treino
5241,2664,treino
5244,2793,teste
5249,2678,validacao
5258,2833,treino
5264,2798,treino
5265,2836,treino
5266,2669,treino
5267,2674,teste
5268,2836,treino
5269,2836,treino
5270,2836,treino
5271,2836,treino
5272,2836,treino
5274,2683,treino
5276,2836,treino
5277,2836,treino
5281,2841,treino
5284,2803,treino
5295,2844,treino
5304,2810,treino
5313,2694,validacao
5316,2849,validacao
5319,2813,validacao
5331,2853,teste
5337,2687,treino
5341,2822,teste
5352,2859,treino
5356,2828,treino
5367,2701,treino
5368,2863,treino
5377,2833,treino
5387,2867,teste
5395,2841,treino
5402,2872,treino
5411,2844,treino
5414,2712,treino
5415,2707,validacao
5424,2877,treino
5431,2849,validacao
5439,2882,teste
5447,2717,treino
5448,2853,teste
5459,2883,treino
5468,2859,treino
5471,2722,validacao
5480,2889,teste
5485,2863,treino
5494,2699,teste
5495,2894,treino
5503,2897,treino
5504,2867,teste
5505,2897,treino
5506,2897,treino
5507,2897,treino
5509,2731,treino
5511,2897,treino
5512,2897,treino
5513,2897,treino
5514,2897,treino
5518,2727,treino
5519,2737,treino
5520,2902,validacao
5521,2872,treino
5533,2747,treino
5537,2907,teste
5543,2877,treino
5555,2910,validacao
5556,2742,treino
5559,2882,teste
5577,2915,treino
5579,2883,treino
5594,2889,teste
5596,2752,teste
5604,2922,treino
5613,2894,treino
5620,2770,treino
5635,2902,validacao
5636,2775,treino
5643,2759,validacao
5648,2922,treino
5652,2907,teste
5660,2765,treino
5671,2910,validacao
5690,2915,treino
5693,2939,treino
5704,2778,teste
5707,2948,treino
5726,2953,teste
5727,2783,treino
5728,2788,treino
5729,2958,treino
5730,2793,teste
5731,2963,validacao
5732,2803,treino
5733,2966,validacao
5734,2798,treino
5735,2755,teste
5736,2971,treino
5737,2939,treino
5738,2948,treino
5739,2976,teste
5740,2828,treino
5741,2810,treino
5743,2833,treino
5744,2813,validacao
5745,2953,teste
5746,2981,treino
5747,2822,teste
5748,2958,treino
5749,2985,treino
5750,2963,validacao
5751,2991,treino
5752,2966,validacao
5753,2996,teste
5754,2844,treino
5755,2841,treino
5756,2971,treino
5757,3001,teste
5758,2849,validacao
5759,2853,teste
5760,3006,treino
5761,2976,teste
5762,3011,validacao
5763,2981,treino
5764,2859,treino
5765,3016,treino
5766,2985,treino
5767,2863,treino
5768,3023,treino
5769,3020,treino
5770,3023,treino
5771,2872,treino
5772,3023,treino
5773,3023,treino
5774,3023,treino
5775,2991,treino
5776,3023,treino
5779,3023,treino
5780,2836,treino
5781,3023,treino
5791,3027,treino
5794,2996,teste
5811,3031,treino
5814,3001,teste
5819,2867,teste
5827,2882,teste
5830,3006,treino
5831,3037,treino
5839,2889,teste
5845,2877,treino
5852,3041,validacao
5853,3011,validacao
5864,2883,treino
5873,3047,treino
5876,3016,treino
5889,3050,treino
5892,3020,treino
5909,3055,treino
5910,3027,treino
5924,3062,treino
5931,3031,treino
5933,2894,treino
5934,2902,validacao
5945,3075,treino
5948,3037,treino
5963,2907,teste
5964,3082,teste
5969,3041,validacao
5981,3087,validacao
5987,2915,treino
5988,2910,validacao
5991,3047,treino
6000,3092,teste
6005,3050,treino
6009,3096,teste
6010,3096,teste
6011,3096,teste
6012,3096,teste
6013,3096,teste
6014,3096,teste
6015,3096,teste
6016,3096,teste
6018,3100,validacao
6027,3055,treino
6038,3105,treino
6046,3062,treino
6053,3108,treino
6062,3075,treino
6073,3113,teste
6082,3082,teste
6088,2922,treino
6095,3118,treino
6099,3087,validacao
6110,3123,treino
6117,3092,teste
6130,2939,treino
6131,3128,teste
6134,3100,validacao
6137,2948,treino
6138,2958,treino
6145,2897,treino
6147,3131,treino
6156,2963,validacao
6157,3105,treino
6162,2953,teste
6170,3136,treino
6173,3108,treino
6188,3140,validacao
6193,3113,teste
6206,3146,validacao
6207,2966,validacao
6214,3118,treino
6226,2971,treino
6228,3151,validacao
6229,3123,treino
6245,3156,treino
6246,3156,treino
6247,3156,treino
6248,3128,teste
6249,3156,treino
6250,2976,teste
6251,2981,treino
6252,3156,treino
6253,3159,treino
6254,3156,treino
6257,3156,treino
6258,2991,treino
6259,3156,treino
6265,3131,treino
6272,3164,teste
6281,2985,treino
6288,3136,treino
6289,3167,teste
6300,2996,teste
6307,3140,validacao
6311,3172,treino
6315,3001,teste
6326,3177,treino
6327,3146,validacao
6338,3006,treino
6347,3182,treino
6348,3151,validacao
6359,3016,treino
6360,3187,treino
6361,3159,treino
6362,3011,validacao
6363,3020,treino
6364,3189,treino
6365,3164,teste
6366,3027,treino
6367,3193,treino
6368,3167,teste
6369,3197,treino
6370,3172,treino
6371,3203,treino
6372,3177,treino
6373,3037,treino
6374,3206,treino
6375,3182,treino
6376,3031,treino
6378,3211,teste
6379,3187,treino
6380,3050,treino
6381,3216,treino
6382,3189,treino
6383,3221,validacao
6384,3193,treino
6385,3041,validacao
6386,3047,treino
6387,3228,teste
6388,3197,treino
6389,3023,treino
6390,3055,treino
6391,3233,treino
6392,3203,treino
6393,31107,treino
6394,3237,teste
6395,3062,treino
6396,3206,treino
6397,3243,validacao
6398,3211,teste
6399,3075,treino
6400,3250,treino
6401,3082,teste
6402,3087,validacao
6403,3216,treino
6404,3100,validacao
6405,3255,treino
6406,3221,validacao
6407,3092,teste
6408,3260,teste
6409,3228,teste
6410,3105,treino
6411,3263,treino
6412,3233,treino
6413,3268,teste
6414,3237,teste
6415,3275,treino
6416,3243,validacao
6417,3108,treino
6418,3279,treino
6419,3118,treino
6420,3250,treino
6421,3283,treino
6422,3123,treino
6423,3113,teste
6424,3255,treino
6425,3128,teste
6426,3131,treino
6427,3290,treino
6428,3260,teste
6429,3295,treino
6430,3263,treino
6431,3096,teste
6432,3300,validacao
6433,3268,teste
6434,3136,treino
6435,3312,treino
6436,3140,validacao
6437,3275,treino
6438,3319,treino
6439,3279,treino
6440,3151,validacao
6441,3323,validacao
6442,3283,treino
6443,3159,treino
6444,3146,validacao
6445,3332,validacao
6446,3290,treino
6447,3337,teste
6448,3295,treino
6449,3164,teste
6450,3342,treino
6451,3300,validacao
6452,3177,treino
6453,3345,treino
6454,3312,treino
6455,3350,treino
6456,3319,treino
6457,3167,teste
6458,3172,treino
6459,3355,teste
6460,3182,treino
6461,3323,validacao
6462,3187,treino
6463,3189,treino
6464,3363,treino
6465,3332,validacao
6466,3359,treino
6467,3156,treino
6468,3337,teste
6469,3368,validacao
6470,3193,treino
6471,3373,treino
6472,3342,treino
6473,3197,treino
6474,3378,validacao
6475,3345,treino
6476,3203,treino
6477,3380,validacao
6478,3350,treino
6479,30557,treino
6480,30557,treino
6481,31103,treino
6482,3355,teste
6483,3206,treino
6484,3386,teste
6485,3211,teste
6486,3363,treino
6487,3359,treino
6488,3390,treino
6489,3368,validacao
6490,3216,treino
6491,3396,teste
6492,3373,treino
6493,3401,treino
6494,3233,treino
6495,3378,validacao
6496,3221,validacao
6497,3228,teste
6498,3406,validacao
6499,3380,validacao
6500,3411,treino
6501,3243,validacao
6502,3414,teste
6503,3250,treino
6504,3237,teste
6505,3386,teste
6506,3419,teste
6507,3422,teste
6508,3425,teste
6509,3422,teste
6510,3428,teste
6511,3390,treino
6512,3433,teste
6513,3396,teste
6514,3260,teste
6515,3438,treino
6516,3401,treino
6517,3441,treino
6518,3406,validacao
6519,3255,treino
6520,3446,treino
6521,3411,treino
6522,3263,treino
6523,3451,treino
6524,3414,teste
6525,3456,validacao
6526,3456,validacao
6527,3456,validacao
6528,3268,teste
6529,3456,validacao
6530,3456,validacao
6531,3456,validacao
6532,3456,validacao
6533,3456,validacao
6534,3419,teste
6535,3425,teste
6536,3456,validacao
6537,3456,validacao
6538,3456,validacao
6539,3459,treino
6540,3456,validacao
6541,3456,validacao
6542,31103,treino
6543,3456,validacao
6544,3456,validacao
6545,3456,validacao
6546,3456,validacao
6547,3456,validacao
6548,3428,teste
6549,3456,validacao
6550,3456,validacao
6551,3456,validacao
6552,3456,validacao
6553,3456,validacao
6554,3275,treino
6555,3456,validacao
6556,3464,treino
6557,3464,treino
6558,3464,treino
6559,3464,treino
6560,3464,treino
6561,3464,treino
6562,3464,treino
6563,3464,treino
6564,30557,treino
6565,3464,treino
6566,3467,validacao
6567,3464,treino
6568,3464,treino
6569,3464,treino
6570,3464,treino
6571,3464,treino
6572,3464,treino
6573,3464,treino
6574,3464,treino
6575,3464,treino
6576,3433,teste
6577,3464,treino
6578,3464,treino
6579,3283,treino
6580,3464,treino
6581,3464,treino
6582,3464,treino
6585,3464,treino
6586,16,validacao
6589,3464,treino
6590,3464,treino
6591,3464,treino
6592,3464,treino
6593,3472,validacao
6594,3464,treino
6595,3438,treino
6596,3464,treino
6597,3464,treino
6598,3464,treino
6599,3464,treino
6600,3464,treino
6601,3464,treino
6602,3464,treino
6603,3464,treino
6604,3464,treino
6605,3290,treino
6606,3464,treino
6607,3464,treino
6608,3464,treino
6609,3464,treino
6610,3464,treino
6611,3464,treino
6612,3474,treino
6613,3279,treino
6614,3,treino
6615,4,validacao
6616,3464,treino
6617,3464,treino
6618,3464,treino
6619,3441,treino
6620,3464,treino
6621,3464,treino
6622,3464,treino
6623,3464,treino
6624,3464,treino
6625,3464,treino
6626,3295,treino
6627,3464,treino
6628,3464,treino
6629,3464,treino
6630,3464,treino
6631,3464,treino
6632,3464,treino
6633,3464,treino
6634,3480,treino
6635,3300,validacao
6636,3464,treino
6637,3464,treino
6638,3482,treino
6639,3464,treino
6640,3464,treino
6641,3464,treino
6642,3464,treino
6643,3464,treino
6644,3446,treino
6645,3464,treino
6646,3490,treino
6647,3451,treino
6648,3495,teste
6649,3312,treino
6650,3459,treino
6651,3319,treino
6652,3480,treino
6653,3480,treino
6654,3456,validacao
6655,3498,treino
6656,3323,validacao
6657,3467,validacao
6658,3480,treino
6659,3480,treino
6660,3503,validacao
6661,3472,validacao
6662,3480,treino
6663,3508,teste
6664,3480,treino
6665,3474,treino
6666,3332,validacao
6667,3513,validacao
6668,3480,treino
6669,3482,treino
6670,3480,treino
6671,3517,teste
6672,3480,treino
6673,3480,treino
6674,3490,treino
6675,3480,treino
6676,3337,teste
6677,3520,teste
6678,3342,treino
6679,3480,treino
6680,3480,treino
6681,3495,teste
6682,3345,treino
6683,3480,treino
6684,3480,treino
6685,3528,treino
6686,3480,treino
6688,3498,treino
6690,3480,treino
6691,3480,treino
6692,3535,teste
6693,3355,teste
6694,3503,validacao
6695,3363,treino
6696,17,treino
6697,3539,treino
6698,3359,treino
6699,3508,teste
6700,3350,treino
6701,3368,validacao
6702,3543,treino
6703,3373,treino
6704,3513,validacao
6705,3548,validacao
6706,3517,teste
6707,3380,validacao
6708,3553,validacao
6709,3520,teste
6710,3378,validacao
6711,3558,treino
6712,3528,treino
6713,3565,treino
6714,3480,treino
6716,3390,treino
6717,3386,teste
6718,3535,teste
6719,3568,treino
6722,3539,treino
6725,3575,treino
6726,3401,treino
6727,3543,treino
6730,3422,teste
6731,3582,teste
6732,3548,validacao
6735,3589,teste
6738,3553,validacao
6739,3396,teste
6740,3596,treino
6741,3406,validacao
6744,3558,treino
6745,3411,treino
6748,3565,treino
6749,3603,treino
6750,3603,treino
6751,3419,teste
6754,3568,treino
6755,3607,treino
6756,3425,teste
6759,3433,teste
6760,3575,treino
6761,3613,treino
6762,3414,teste
6765,3428,teste
6766,3441,treino
6767,3582,teste
6768,3618,treino
6771,3438,treino
6772,3464,treino
6773,3464,treino
6774,3464,treino
6775,3464,treino
6776,3589,teste
6777,3464,treino
6778,3464,treino
6781,3625,treino
6782,3464,treino
6783,3464,treino
6784,3464,treino
6785,3464,treino
6786,3464,treino
6787,3464,treino
6788,3464,treino
6789,3464,treino
6790,3464,treino
6791,3464,treino
6792,3464,treino
6793,3464,treino
6794,3464,treino
6795,3464,treino
6796,3464,treino
6797,3464,treino
6798,3464,treino
6799,3628,treino
6800,3596,treino
6803,3464,treino
6804,3464,treino
6805,3464,treino
6806,3464,treino
6807,3464,treino
6808,3464,treino
6809,17,treino
6810,3446,treino
6811,3464,treino
6812,3464,treino
6813,3464,treino
6816,3633,teste
6817,3464,treino
6818,3464,treino
6819,3464,treino
6820,3464,treino
6821,3464,treino
6822,3464,treino
6823,3464,treino
6824,3464,treino
6825,3464,treino
6826,3464,treino
6827,3464,treino
6828,3464,treino
6829,3464,treino
6830,3464,treino
6831,3464,treino
6832,3464,treino
6834,3464,treino
6836,3464,treino
6837,3464,treino
6838,3638,treino
6839,3464,treino
6840,3464,treino
6841,3464,treino
6842,3464,treino
6843,3464,treino
6844,3464,treino
6845,3456,validacao
6846,3464,treino
6847,3464,treino
6848,3464,treino
6849,3641,treino
6852,3607,treino
6853,3467,validacao
6854,3451,treino
6855,3459,treino
6856,3646,teste
6857,3649,validacao
6859,3652,treino
6862,3613,treino
6863,3655,treino
6864,3658,treino
6865,3661,treino
6866,3666,teste
6869,3669,teste
6870,3618,treino
6871,3672,treino
6872,3675,teste
6873,3678,treino
6876,3683,validacao
6877,3625,treino
6878,3472,validacao
6879,3688,treino
6880,3691,treino
6883,3694,treino
6884,3697,teste
6885,3628,treino
6886,3700,treino
6887,3707,teste
6890,3710,validacao
6891,3713,treino
6892,3633,teste
6893,3716,teste
6895,3719,treino
6897,3722,teste
6898,3474,treino
6899,3495,teste
6900,3727,treino
6901,3638,treino
6902,3498,treino
6903,3730,validacao
6906,3733,validacao
6907,3736,validacao
6908,3641,treino
6909,3739,treino
6910,3482,treino
6911,3646,teste
6912,3744,treino
6913,3649,validacao
6916,3747,teste
6917,3652,treino
6918,3750,validacao
6919,3753,validacao
6920,3655,treino
6921,3490,treino
6922,3756,treino
6923,3658,treino
6925,3661,treino
6927,3759,treino
6928,3666,teste
6929,3764,treino
6930,3767,treino
6931,3669,teste
6932,3770,treino
6933,3672,treino
6935,3675,teste
6937,3773,teste
6938,3678,treino
6939,3776,validacao
6940,3779,treino
6941,3784,treino
6942,3683,validacao
6945,3688,treino
6946,3691,treino
6947,3694,treino
6948,3503,validacao
6949,3508,teste
6950,3697,teste
6951,3787,treino
6952,3787,treino
6953,3790,treino
6957,3700,treino
6958,3520,teste
6959,3707,teste
6960,3795,teste
6961,3710,validacao
6962,3798,treino
6963,3713,treino
6966,3801,teste
6967,3804,teste
6968,3716,teste
6969,3719,treino
6970,3806,treino
6971,3722,teste
6972,3727,treino
6973,3814,treino
6976,3820,treino
6977,3730,validacao
6978,3513,validacao
6979,3817,teste
6980,3823,treino
6981,3733,validacao
6982,3736,validacao
6983,3826,validacao
6984,3739,treino
6987,3828,treino
6988,3744,treino
6989,3834,validacao
6990,3837,validacao
6991,3747,teste
6992,3840,teste
6993,3535,teste
6994,3517,teste
6995,3750,validacao
6996,3753,validacao
6997,3843,treino
7000,3756,treino
7001,3846,treino
7002,3849,treino
7003,3759,treino
7004,3528,treino
7005,3764,treino
7006,3767,treino
7009,3770,treino
7010,3854,treino
7011,3773,teste
7012,3857,treino
7013,3860,treino
7014,3776,validacao
7015,3863,treino
7018,3779,treino
7019,3784,treino
7020,3868,treino
7021,3871,treino
7022,3874,teste
7023,3877,treino
7026,3877,treino
7027,3877,treino
7028,3877,treino
7029,3539,treino
7030,3877,treino
7031,3877,treino
7032,3790,treino
7035,3877,treino
7036,3877,treino
7037,3877,treino
7038,3877,treino
7039,3795,teste
7040,3877,treino
7041,3877,treino
7044,3877,treino
7045,3877,treino
7046,3877,treino
7047,3883,treino
7048,3877,treino
7049,3877,treino
7050,3798,treino
7051,3877,treino
7052,3877,treino
7053,3877,treino
7054,3877,treino
7055,3877,treino
7056,3801,teste
7057,3877,treino
7058,3804,teste
7059,3877,treino
7060,3877,treino
7061,3877,treino
7062,3877,treino
7063,3877,treino
7066,3877,treino
7067,3806,treino
7068,3877,treino
7069,3877,treino
7070,3877,treino
7071,3553,validacao
7072,3877,treino
7073,3877,treino
7074,3814,treino
7075,3877,treino
7076,3888,validacao
7077,3877,treino
7078,3877,treino
7079,3820,treino
7080,3877,treino
7081,3877,treino
7082,3877,treino
7083,3817,teste
7084,3543,treino
7085,3877,treino
7086,3823,treino
7087,3877,treino
7088,3877,treino
7091,3877,treino
7092,3877,treino
7093,3826,validacao
7094,3877,treino
7095,3565,treino
7096,3548,validacao
7097,3877,treino
7098,3877,treino
7099,3828,treino
7100,3877,treino
7101,3891,treino
7102,3877,treino
7103,3877,treino
7104,3877,treino
7105,3877,treino
7106,3877,treino
7107,3834,validacao
7108,3837,validacao
7109,3877,treino
7110,3877,treino
7111,3877,treino
7113,3877,treino
7115,3877,treino
7116,3840,teste
7117,3877,treino
7118,3877,treino
7119,3877,treino
7120,3877,treino
7121,3877,treino
7122,3877,treino
7123,3843,treino
7124,3877,treino
7125,3896,treino
7126,3877,treino
7127,3877,treino
7128,3877,treino
7129,3846,treino
7130,3849,treino
7131,3877,treino
7134,3877,treino
7135,3877,treino
7136,3877,treino
7137,3877,treino
7138,3877,treino
7139,3877,treino
7140,3877,treino
7141,3877,treino
7142,3877,treino
7143,3854,treino
7144,3877,treino
7145,3558,treino
7146,3877,treino
7147,3901,treino
7148,3877,treino
7151,3857,treino
7152,3877,treino
7153,3860,treino
7154,3877,treino
7155,3877,treino
7156,3877,treino
7157,3877,treino
7158,3877,treino
7159,3863,treino
7160,3877,treino
7161,3868,treino
7164,3908,validacao
7165,3871,treino
7166,3874,teste
7167,3568,treino
7170,3911,treino
7171,3589,teste
7172,3883,treino
7175,3916,treino
7176,3575,treino
7177,3582,teste
7178,3888,validacao
7181,3921,treino
7184,3891,treino
7185,3926,validacao
7186,3596,treino
7189,3896,treino
7190,3929,teste
7191,3613,treino
7194,3901,treino
7195,3607,treino
7196,3603,treino
7197,17,treino
7200,3936,validacao
7201,3908,validacao
7202,3941,treino
7203,3911,treino
7204,3946,treino
7205,3916,treino
7206,3625,treino
7207,3953,treino
7208,3618,treino
7209,3628,treino
7210,3921,treino
7211,3633,teste
7212,3956,treino
7213,3641,treino
7214,3926,validacao
7215,3464,treino
7216,3638,treino
7217,3961,treino
7218,3929,teste
7219,3646,teste
7220,3649,validacao
7221,3652,treino
7222,3655,treino
7223,3966,validacao
7225,3936,validacao
7226,3669,teste
7227,3971,teste
7228,3666,teste
7229,3941,treino
7230,3675,teste
7231,3688,treino
7232,3976,treino
7233,3946,treino
7234,3683,validacao
7235,3678,treino
7236,3707,teste
7237,3979,treino
7238,3691,treino
7239,3713,treino
7240,3658,treino
7241,3953,treino
7242,3661,treino
7243,3730,validacao
7244,3984,validacao
7245,3672,treino
7246,3697,teste
7247,3736,validacao
7248,3710,validacao
7249,3956,treino
7250,3733,validacao
7251,3744,treino
7252,3722,teste
7253,3700,treino
7254,3989,treino
7255,3739,treino
7256,3961,treino
7257,3727,treino
7258,3694,treino
7259,3716,teste
7260,3753,validacao
7261,3999,teste
7262,3966,validacao
7263,3747,teste
7264,3719,treino
7265,3764,treino
7266,4003,treino
7267,3770,treino
7268,3971,teste
7269,4008,treino
7270,3759,treino
7271,3750,validacao
7272,3767,treino
7273,3976,treino
7274,4013,teste
7275,3790,treino
7276,3756,treino
7277,3804,teste
7278,3979,treino
7279,3795,teste
7280,3798,treino
7281,3773,teste
7282,4018,treino
7283,3820,treino
7284,3984,validacao
7285,3784,treino
7286,3779,treino
7287,3776,validacao
7288,4021,validacao
7289,3823,treino
7290,3989,treino
7291,3801,teste
7292,3806,treino
7293,3787,treino
7294,4025,treino
7295,4031,treino
7296,3999,teste
7297,3814,treino
7298,3843,treino
7299,31057,treino
7300,31083,treino
7301,3846,treino
7302,3837,validacao
7303,4036,treino
7304,3877,treino
7305,4003,treino
7306,3877,treino
7307,3877,treino
7308,3877,treino
7309,3877,treino
7310,3877,treino
7311,3877,treino
7312,30750,treino
7313,30632,treino
7314,3868,treino
7315,3854,treino
7316,3863,treino
7317,3877,treino
7318,3877,treino
7319,3877,treino
7320,4043,teste
7321,3877,treino
7322,3877,treino
7323,3877,treino
7324,3877,treino
7325,3817,teste
7326,3877,treino
7327,3877,treino
7328,3877,treino
7329,4008,treino
7330,3877,treino
7331,3877,treino
7332,3877,treino
7333,3877,treino
7334,31468,treino
7335,3840,teste
7336,3826,validacao
7337,3877,treino
7338,3877,treino
7339,3877,treino
7340,3877,treino
7341,3877,treino
7342,4047,treino
7343,3877,treino
7344,3828,treino
7345,3874,teste
7346,3857,treino
7347,3834,validacao
7348,3877,treino
7349,3877,treino
7350,3877,treino
7351,3877,treino
7352,3877,treino
7353,3877,treino
7354,4013,teste
7355,3877,treino
7356,3877,treino
7357,31447,validacao
7358,3877,treino
7359,3877,treino
7360,3877,treino
7361,3877,treino
7362,3877,treino
7363,3877,treino
7364,3860,treino
7365,3877,treino
7366,4051,treino
7367,3877,treino
7368,3877,treino
7369,4056,treino
7370,3849,treino
7371,4018,treino
7372,31209,treino
7373,4059,treino
7374,4062,treino
7375,4065,treino
7376,4021,validacao
7377,4070,treino
7378,3871,treino
7379,4072,treino
7380,4076,validacao
7381,4078,treino
7382,4025,treino
7383,4082,validacao
7384,4031,treino
7385,4087,treino
7386,4089,treino
7387,3883,treino
7388,4093,teste
7389,4096,treino
7390,3888,validacao
7391,4036,treino
7392,4099,treino
7393,4102,treino
7394,4104,treino
7395,4110,treino
7396,4113,validacao
7397,4043,teste
7398,4116,treino
7399,4119,treino
7400,4122,treino
7401,3896,treino
7402,3901,treino
7403,4125,treino
7404,4047,treino
7405,3891,treino
7406,4130,teste
7407,4133,teste
7408,4136,validacao
7409,4139,validacao
7410,4051,treino
7411,4142,teste
7412,4056,treino
7413,4150,treino
7414,4147,validacao
7415,3916,treino
7416,4153,treino
7417,4059,treino
7418,4062,treino
7419,4156,validacao
7420,4065,treino
7421,4161,treino
7422,4164,teste
7423,4070,treino
7424,3911,treino
7425,4167,validacao
7426,4072,treino
7427,4076,validacao
7428,4172,teste
7429,3908,validacao
7430,4078,treino
7431,4174,teste
7432,4082,validacao
7433,4178,treino
7434,4181,treino
7435,4087,treino
7436,4089,treino
7437,4186,validacao
7438,4093,teste
7439,4096,treino
7440,4191,treino
7441,3929,teste
7442,4194,treino
7443,4099,treino
7444,4197,teste
7445,4102,treino
7446,4200,treino
7447,3921,treino
7448,4104,treino
7449,4110,treino
7450,4205,teste
7451,3480,treino
7452,4113,validacao
7453,4207,treino
7454,30557,treino
7456,4211,treino
7457,4116,treino
7458,4213,treino
7459,4217,treino
7460,4119,treino
7461,4122,treino
7462,4220,treino
7463,3926,validacao
7464,4125,treino
7465,4224,validacao
7466,4130,teste
7467,4231,treino
7468,4133,teste
7469,4228,treino
7470,4136,validacao
7471,4234,treino
7472,4139,validacao
7473,4142,teste
7474,4241,treino
7475,4150,treino
7476,4147,validacao
7477,4236,treino
7478,4153,treino
7479,3941,treino
7480,4156,validacao
7481,4236,treino
7482,4245,treino
7483,3936,validacao
7484,4161,treino
7485,4164,teste
7486,4250,treino
7487,3946,treino
7488,4253,treino
7489,4167,validacao
7490,4256,treino
7491,4172,teste
7492,4259,teste
7493,4174,teste
7494,4262,treino
7495,4178,treino
7496,4181,treino
7497,4265,treino
7498,4186,validacao
7499,4270,validacao
7500,4273,treino
7501,4276,treino
7502,4191,treino
7503,4194,treino
7504,4197,teste
7505,4278,validacao
7506,4200,treino
7507,4281,treino
7508,3961,treino
7509,4205,teste
7510,4287,treino
7511,4290,treino
7512,4207,treino
7513,4292,validacao
7514,4211,treino
7515,4213,treino
7516,4300,treino
7517,3953,treino
7518,4217,treino
7519,4303,treino
7520,4220,treino
7521,4305,validacao
7522,3956,treino
7523,4309,teste
7524,4224,validacao
7525,4314,treino
7526,4231,treino
7527,4228,treino
7528,4234,treino
7529,4320,treino
7530,4317,treino
7531,4323,treino
7532,4241,treino
7533,4328,validacao
7534,4331,treino
7535,4334,treino
7536,4339,validacao
7537,4245,treino
7538,3971,teste
7539,3966,validacao
7540,4342,treino
7541,4250,treino
7542,4347,validacao
7543,4253,treino
7544,3979,treino
7545,4350,treino
7546,4353,treino
7547,4256,treino
7548,4259,teste
7549,4356,teste
7550,4262,treino
7551,4359,validacao
7552,3989,treino
7553,4265,treino
7554,4362,treino
7555,4367,treino
7556,4370,treino
7557,4270,validacao
7558,4372,teste
7559,4273,treino
7560,4276,treino
7561,4376,treino
7562,3976,treino
7563,4278,validacao
7564,4383,validacao
7565,4385,treino
7566,4281,treino
7567,4389,treino
7568,4287,treino
7569,4393,validacao
7570,4290,treino
7571,4292,validacao
7572,4397,treino
7573,4300,treino
7574,4399,treino
7575,3999,teste
7576,3984,validacao
7577,4403,teste
7578,4303,treino
7579,4406,teste
7580,4305,validacao
7581,4409,treino
7582,4309,teste
7583,30557,treino
7584,4414,treino
7585,4314,treino
7586,4417,validacao
7587,4420,teste
7588,4013,teste
7589,16,validacao
7590,4320,treino
7591,4422,treino
7592,4317,treino
7593,4426,treino
7594,4323,treino
7595,4431,teste
7596,4434,teste
7597,4328,validacao
7598,4437,treino
7599,4331,treino
7600,4334,treino
7601,4008,treino
7602,3,treino
7603,4,validacao
7604,4440,validacao
7605,4339,validacao
7606,4443,treino
7607,4446,treino
7608,4018,treino
7609,4342,treino
7610,4451,teste
7611,4347,validacao
7612,4454,validacao
7613,4350,treino
7614,4003,treino
7615,4353,treino
7616,4457,treino
7617,4356,teste
7618,31103,treino
7619,4460,validacao
7620,4463,teste
7621,4359,validacao
7622,4466,validacao
7623,4362,treino
7624,4367,treino
7625,4470,treino
7626,4370,treino
7627,4372,teste
7628,4474,validacao
7629,4477,validacao
7630,4376,treino
7631,4479,teste
7632,4383,validacao
7633,4483,treino
7634,4385,treino
7635,4389,treino
7636,4021,validacao
7637,4487,validacao
7638,4393,validacao
7639,4491,treino
7640,4494,treino
7641,4397,treino
7642,4496,treino
7643,4399,treino
7644,4403,teste
7645,4500,validacao
7646,4406,teste
7647,4503,treino
7648,4409,treino
7649,4025,treino
7650,4506,treino
7651,4510,treino
7652,4414,treino
7653,4031,treino
7654,4514,treino
7655,4417,validacao
7656,4420,teste
7657,4516,validacao
7658,4036,treino
7659,4520,treino
7660,4523,teste
7661,4422,treino
7662,4526,teste
7663,4426,treino
7664,4431,teste
7665,4434,teste
7666,4530,teste
7667,4533,teste
7668,4437,treino
7669,4537,treino
7670,4540,teste
7671,4440,validacao
7672,3877,treino
7673,4543,teste
7674,4443,treino
7675,4446,treino
7676,4546,treino
7677,4043,teste
7678,4451,teste
7679,4551,treino
7680,4454,validacao
7681,4554,treino
7682,4557,treino
7683,4457,treino
7684,4560,treino
7685,4047,treino
7686,4460,validacao
7687,4463,teste
7688,4562,treino
7689,4466,validacao
7690,4566,validacao
7691,4470,treino
7692,4571,treino
7693,4574,treino
7694,4474,validacao
7695,4577,treino
7696,4477,validacao
7697,4479,teste
7698,4056,treino
7699,4580,treino
7700,4483,treino
7701,4583,treino
7702,4051,treino
7703,4062,treino
7704,4089,treino
7705,4076,validacao
7706,4487,validacao
7707,4588,treino
7708,4590,treino
7709,4491,treino
7710,4494,treino
7711,4594,validacao
7712,4496,treino
7713,4597,treino
7714,4500,validacao
7715,4600,treino
7716,4503,treino
7717,4603,validacao
7718,4605,teste
7719,4059,treino
7720,4082,validacao
7721,4065,treino
7722,4506,treino
7723,4510,treino
7724,4611,treino
7725,4514,treino
7726,4070,treino
7727,4614,treino
7728,4516,validacao
7729,4617,validacao
7730,4620,treino
7731,4072,treino
7732,4113,validacao
7733,4122,treino
7734,4087,treino
7735,4093,teste
7736,17,treino
7737,4116,treino
7738,4520,treino
7739,4523,teste
7740,4623,treino
7741,4526,teste
7742,4136,validacao
7743,4078,treino
7744,4139,validacao
7745,4626,treino
7746,4530,teste
7747,4633,treino
7748,4104,treino
7749,4533,teste
7750,4636,treino
7751,4537,treino
7752,4540,teste
7753,4638,treino
7754,4096,treino
7755,4099,treino
7756,4543,teste
7757,4642,treino
7758,4546,treino
7759,4153,treino
7760,4110,treino
7761,4645,teste
7762,4551,treino
7763,4650,treino
7764,4653,validacao
7765,4554,treino
7766,4125,treino
7767,4102,treino
7768,4557,treino
7769,4655,teste
7770,4560,treino
7771,4142,teste
7772,4562,treino
7773,4659,treino
7774,4659,treino
7775,4662,validacao
7776,4566,validacao
7777,4150,treino
7778,4665,teste
7779,4571,treino
7780,4574,treino
7781,4670,treino
7782,4130,teste
7783,4133,teste
7784,4119,treino
7785,4181,treino
7786,4174,teste
7787,4577,treino
7788,4673,treino
7789,4580,treino
7790,4676,validacao
7791,4156,validacao
7792,4679,treino
7793,4583,treino
7794,4682,teste
7795,4167,validacao
7796,4588,treino
7797,4590,treino
7798,4687,treino
7799,4594,validacao
7800,4161,treino
7801,4197,teste
7802,4147,validacao
7803,4690,treino
7804,4693,treino
7805,4597,treino
7806,4696,treino
7807,4207,treino
7808,4600,treino
7809,4164,teste
7810,4699,treino
7811,4603,validacao
7812,4605,teste
7813,4702,teste
7814,4172,teste
7815,4611,treino
7816,4707,treino
7817,4710,treino
7818,4614,treino
7819,4213,treino
7820,4713,treino
7821,4617,validacao
7822,4620,treino
7823,4716,treino
7824,4178,treino
7825,4623,treino
7826,4719,treino
7827,4722,treino
7828,4234,treino
7829,4194,treino
7830,4626,treino
7831,4726,treino
7832,4730,teste
7833,4633,treino
7834,4186,validacao
7835,4636,treino
7836,4638,treino
7837,4733,treino
7838,4224,validacao
7839,4220,treino
7840,4200,treino
7841,4231,treino
7842,4191,treino
7843,4642,treino
7844,4736,treino
7845,4739,teste
7846,4645,teste
7847,4205,teste
7848,4228,treino
7849,4744,treino
7850,4650,treino
7851,4653,validacao
7852,4747,validacao
7853,4655,teste
7854,4750,treino
7855,4753,treino
7856,4217,treino
7857,4241,treino
7858,4211,treino
7859,4756,validacao
7860,4662,validacao
7861,4758,treino
7862,4665,teste
7863,4253,treino
7864,4262,treino
7865,4670,treino
7866,4764,treino
7867,4769,teste
7868,4256,treino
7869,4250,treino
7870,4265,treino
7871,4771,teste
7872,4769,teste
7873,4769,teste
7874,4673,treino
7875,4775,treino
7876,4676,validacao
7877,4245,treino
7878,4679,treino
7879,4778,treino
7880,4682,teste
7881,4278,validacao
7882,4781,teste
7883,4687,treino
7884,4786,treino
7885,4690,treino
7886,4276,treino
7887,4693,treino
7888,4789,treino
7889,4696,treino
7890,4792,validacao
7891,4281,treino
7892,4236,treino
7893,4290,treino
7894,4699,treino
7895,4794,treino
7896,4798,teste
7897,4702,teste
7898,4273,treino
7899,4287,treino
7900,4303,treino
7901,4803,treino
7902,4707,treino
7903,4710,treino
7904,4806,treino
7905,4713,treino
7906,4809,treino
7907,4716,treino
7908,4816,teste
7909,4300,treino
7910,4292,validacao
7911,4259,teste
7912,4719,treino
7913,4821,treino
7914,4722,treino
7915,4726,treino
7916,4828,validacao
7918,4730,teste
7919,4314,treino
7920,4831,treino
7921,4834,teste
7922,4837,treino
7923,4733,treino
7924,4270,validacao
7925,4839,treino
7926,4736,treino
7927,4739,teste
7928,4305,validacao
7929,4334,treino
7930,4843,teste
7931,4848,treino
7932,4744,treino
7933,4851,treino
7934,4747,validacao
7935,4309,teste
7936,4328,validacao
7937,4750,treino
7938,4753,treino
7939,4854,treino
7940,4323,treino
7941,4756,validacao
7942,4860,validacao
7943,4857,teste
7944,4758,treino
7945,4331,treino
7946,4864,treino
7947,4764,treino
7948,4868,validacao
7949,4359,validacao
7950,4356,teste
7951,4771,teste
7952,4769,teste
7953,4870,treino
7954,4775,treino
7955,4874,teste
7956,4317,treino
7957,4339,validacao
7958,4367,treino
7959,4778,treino
7960,4877,teste
7961,4880,treino
7962,4320,treino
7963,17,treino
7964,4362,treino
7965,4781,teste
7966,4786,treino
7967,4885,teste
7968,4888,treino
7969,4353,treino
7970,4789,treino
7971,4891,validacao
7972,4894,treino
7973,4792,validacao
7974,4350,treino
7975,4347,validacao
7976,4897,treino
7977,4794,treino
7978,4798,teste
7979,4900,validacao
7980,4803,treino
7981,4342,treino
7982,4397,treino
7983,4376,treino
7984,4383,validacao
7985,4905,treino
7986,4908,validacao
7987,4806,treino
7988,4393,validacao
7989,4385,treino
7990,4911,treino
7991,4809,treino
7992,4914,teste
7993,4816,teste
7994,4372,teste
7995,4917,treino
7996,4821,treino
7997,4919,treino
7998,4923,teste
7999,4828,validacao
8000,4928,treino
8001,4831,treino
8002,4422,treino
8003,4834,teste
8004,4931,validacao
8005,4837,treino
8006,4934,teste
8007,4937,treino
8008,4403,teste
8009,4370,treino
8010,4431,teste
8011,4839,treino
8012,4940,treino
8013,4942,validacao
8014,4843,teste
8015,4389,treino
8016,4409,treino
8017,4420,teste
8018,4848,treino
8019,4948,treino
8020,4851,treino
8021,4951,teste
8022,4417,validacao
8023,4443,treino
8024,4954,treino
8025,4854,treino
8026,4957,treino
8027,4426,treino
8028,4414,treino
8029,4860,validacao
8030,4857,teste
8031,4960,treino
8032,4399,treino
8033,4406,teste
8034,4463,teste
8035,4451,teste
8036,4864,treino
8037,4965,treino
8038,4967,teste
8039,4970,teste
8040,4868,validacao
8041,4434,teste
8042,4870,treino
8043,4974,teste
8044,4874,teste
8045,4977,teste
8046,4454,validacao
8047,4460,validacao
8048,4877,teste
8049,4979,treino
8050,4880,treino
8051,4983,teste
8052,4477,validacao
8053,4988,teste
8054,4885,teste
8055,4888,treino
8056,4891,validacao
8057,4437,treino
8058,4894,treino
8059,4991,treino
8060,4991,treino
8061,4446,treino
8062,4466,validacao
8063,4897,treino
8064,4994,treino
8065,4997,treino
8066,4900,validacao
8067,4440,validacao
8068,4905,treino
8069,5002,treino
8070,4908,validacao
8071,5005,treino
8072,4503,treino
8073,4479,teste
8074,4491,treino
8075,4911,treino
8076,5008,teste
8077,4914,teste
8078,4474,validacao
8079,5011,treino
8080,5016,treino
8081,4917,treino
8082,4919,treino
8083,5018,validacao
8084,4923,teste
8085,4457,treino
8086,4514,treino
8087,4928,treino
8088,5024,treino
8089,4470,treino
8090,4487,validacao
8091,4931,validacao
8092,5027,treino
8093,5030,treino
8094,4934,teste
8095,5035,treino
8096,4937,treino
8097,4533,teste
8098,4496,treino
8099,4940,treino
8100,5037,validacao
8101,4942,validacao
8102,4494,treino
8103,4483,treino
8104,5042,treino
8105,4948,treino
8106,4951,teste
8107,5046,treino
8108,5049,validacao
8109,4530,teste
8110,4500,validacao
8111,4506,treino
8112,4954,treino
8113,5052,treino
8114,4957,treino
8115,5055,teste
8116,4516,validacao
8117,4523,teste
8118,4520,treino
8119,4960,treino
8120,5058,treino
8121,5061,treino
8122,4965,treino
8123,4537,treino
8124,4967,teste
8125,5066,treino
8126,4970,teste
8127,4510,treino
8128,4974,teste
8129,4977,teste
8130,4571,treino
8131,4562,treino
8132,4577,treino
8133,4557,treino
8134,5070,teste
8135,5075,validacao
8136,4979,treino
8137,4983,teste
8138,5079,treino
8139,4988,teste
8140,4551,treino
8141,4543,teste
8142,4554,treino
8143,4560,treino
8144,4526,teste
8145,5084,treino
8146,4580,treino
8147,5087,teste
8148,5091,treino
8149,4546,treino
8150,4574,treino
8151,5095,treino
8152,4994,treino
8153,4997,treino
8154,5098,treino
8155,4605,teste
8156,4540,teste
8157,4566,validacao
8158,5002,treino
8159,5103,treino
8160,5005,treino
8161,5106,validacao
8162,4583,treino
8163,5008,teste
8164,5108,teste
8165,5112,validacao
8166,29050,validacao
8167,5011,treino
8168,4611,treino
8169,5016,treino
8170,5114,validacao
8171,5018,validacao
8172,5118,treino
8173,4597,treino
8174,5024,treino
8175,5123,validacao
8176,5126,treino
8177,5027,treino
8178,4594,validacao
8179,5129,validacao
8180,5030,treino
8181,5035,treino
8182,5132,treino
8183,4636,treino
8184,4588,treino
8185,5037,validacao
8186,5135,treino
8187,5138,treino
8188,5042,treino
8189,5143,teste
8190,4590,treino
8191,4645,teste
8192,4633,treino
8193,4600,treino
8194,5046,treino
8195,5049,validacao
8196,5146,treino
8197,4623,treino
8198,5052,treino
8199,5149,teste
8200,5055,teste
8201,5152,treino
8202,5155,treino
8203,4620,treino
8204,4650,treino
8205,4603,validacao
8206,5058,treino
8207,5158,teste
8208,5061,treino
8209,4626,treino
8210,5066,treino
8211,5162,treino
8212,5166,teste
8213,4614,treino
8214,4642,treino
8215,5168,teste
8216,5172,treino
8217,4617,validacao
8218,4662,validacao
8219,4638,treino
8220,5070,teste
8221,5075,validacao
8222,5175,validacao
8223,5079,treino
8224,4673,treino
8225,5180,treino
8226,5084,treino
8227,5186,validacao
8228,5183,treino
8229,4670,treino
8230,5087,teste
8231,5189,teste
8232,5091,treino
8233,5095,treino
8234,5192,teste
8235,5098,treino
8236,5195,treino
8237,4665,teste
8238,4682,teste
8239,5103,treino
8240,5202,treino
8241,5106,validacao
8242,5200,treino
8243,5206,treino
8244,4659,treino
8245,4653,validacao
8246,5108,teste
8247,5112,validacao
8248,5208,validacao
8249,5114,validacao
8250,4693,treino
8251,4655,teste
8252,4676,validacao
8253,5212,teste
8254,5118,treino
8255,5217,treino
8256,4722,treino
8257,5220,teste
8258,5123,validacao
8259,5126,treino
8260,5223,treino
8261,4679,treino
8262,4699,treino
8263,5129,validacao
8264,5226,treino
8265,5132,treino
8266,5229,validacao
8267,4687,treino
8268,4719,treino
8269,4710,treino
8270,5135,treino
8271,5232,validacao
8272,5235,teste
8273,5138,treino
8274,5143,teste
8275,4736,treino
8276,4716,treino
8277,4690,treino
8278,5240,treino
8279,5146,treino
8280,5242,treino
8281,4702,teste
8282,5149,teste
8283,5152,treino
8284,5155,treino
8285,5249,treino
8286,5246,treino
8287,4696,treino
8288,5246,treino
8289,5158,teste
8290,5252,validacao
8291,4744,treino
8292,4707,treino
8293,4713,treino
8294,5162,treino
8295,5166,teste
8296,5260,teste
8297,4726,treino
8298,4753,treino
8299,5257,treino
8300,5168,teste
8301,5172,treino
8302,4769,teste
8303,4739,teste
8304,4747,validacao
8305,5175,validacao
8306,5257,treino
8307,5180,treino
8308,17,treino
8309,5270,treino
8310,5183,treino
8311,5186,validacao
8312,4733,treino
8313,4764,treino
8314,4730,teste
8315,5267,treino
8316,5189,teste
8317,5192,teste
8318,5195,treino
8319,5273,treino
8320,5267,treino
8321,5202,treino
8322,5200,treino
8323,5206,treino
8324,4758,treino
8325,4794,treino
8326,5278,validacao
8327,5208,validacao
8328,5281,teste
8329,4775,treino
8330,4756,validacao
8331,4750,treino
8332,5278,validacao
8333,5212,teste
8334,5217,treino
8335,5220,teste
8336,4789,treino
8337,4798,teste
8338,4771,teste
8339,5223,treino
8340,5286,validacao
8341,5286,validacao
8342,4781,teste
8343,4816,teste
8344,5226,treino
8345,5289,validacao
8346,5229,validacao
8347,5292,treino
8348,4778,treino
8349,4831,treino
8350,5232,validacao
8351,5235,teste
8352,5295,treino
8353,5240,treino
8354,4806,treino
8355,4792,validacao
8356,5303,validacao
8357,5242,treino
8358,4786,treino
8359,4834,teste
8360,5299,teste
8361,5249,treino
8362,5299,teste
8363,4803,treino
8364,5306,treino
8365,5310,teste
8366,5252,validacao
8367,4809,treino
8368,5260,teste
8369,4851,treino
8370,4848,treino
8371,4857,teste
8372,5314,validacao
8373,4821,treino
8374,4843,teste
8375,5321,teste
8376,5317,validacao
8377,4839,treino
8378,4828,validacao
8379,4880,treino
8380,4877,teste
8381,5270,treino
8382,5329,treino
8383,4860,validacao
8384,4885,teste
8385,4870,treino
8386,4874,teste
8387,5339,validacao
8388,4837,treino
8389,5336,treino
8391,5273,treino
8392,5343,treino
8393,4888,treino
8394,4854,treino
8395,5350,treino
8396,5347,treino
8397,4894,treino
8398,5353,treino
8399,5281,teste
8400,4864,treino
8401,5361,treino
8402,4891,validacao
8403,5356,treino
8404,5289,validacao
8405,4900,validacao
8406,4868,validacao
8407,5292,treino
8408,4897,treino
8409,4914,teste
8410,5364,treino
8411,5295,treino
8412,4940,treino
8413,5303,validacao
8414,5356,treino
8415,4905,treino
8416,5368,treino
8417,5372,validacao
8418,4951,teste
8419,4919,treino
8420,5306,treino
8421,5310,teste
8422,5377,treino
8423,4908,validacao
8424,4934,teste
8425,4928,treino
8426,5380,validacao
8427,5383,treino
8428,5386,treino
8429,5314,validacao
8430,4917,treino
8431,4954,treino
8432,4937,treino
8433,4911,treino
8434,5389,treino
8435,5321,teste
8436,4931,validacao
8437,5392,treino
8438,5317,validacao
8439,5396,treino
8440,4923,teste
8441,4967,teste
8442,4979,treino
8443,4948,treino
8444,5400,treino
8445,5329,treino
8446,5403,treino
8447,4957,treino
8448,5339,validacao
8449,5406,treino
8450,5336,treino
8451,4970,teste
8452,4988,teste
8453,4965,treino
8454,5343,treino
8455,5409,treino
8456,5414,treino
8457,4942,validacao
8458,5417,treino
8459,5350,treino
8460,5347,treino
8461,4960,treino
8462,5420,treino
8463,5353,treino
8464,5005,treino
8465,5423,treino
8466,5426,teste
8467,5431,treino
8468,5361,treino
8469,5011,treino
8470,5434,treino
8471,5018,validacao
8472,5440,treino
8473,5437,treino
8474,4974,teste
8475,4977,teste
8476,4983,teste
8477,5027,treino
8478,5364,treino
8479,5437,treino
8480,5445,treino
8481,5042,treino
8482,4991,treino
8483,5008,teste
8484,5451,validacao
8485,5448,treino
8486,5368,treino
8487,5372,validacao
8488,4997,treino
8489,5030,treino
8490,5016,treino
8491,4994,treino
8492,5448,treino
8493,5377,treino
8494,5049,validacao
8495,5035,treino
8496,5024,treino
8497,5061,treino
8498,5455,treino
8499,5380,validacao
8500,5459,treino
8501,5383,treino
8502,5462,treino
8503,5386,treino
8504,5002,treino
8505,5389,treino
8506,5465,treino
8507,5392,treino
8508,5468,validacao
8509,5473,validacao
8510,5396,treino
8511,5052,treino
8512,5400,treino
8513,5403,treino
8514,5476,treino
8515,5476,treino
8516,5037,validacao
8517,5479,teste
8518,5406,treino
8519,5482,treino
8520,5070,teste
8521,5091,treino
8522,5485,teste
8523,5409,treino
8524,5414,treino
8525,5075,validacao
8526,5087,teste
8527,5489,treino
8528,5417,treino
8529,5492,teste
8530,5098,treino
8531,5055,teste
8532,5420,treino
8533,5496,teste
8534,5499,validacao
8535,5423,treino
8536,5046,treino
8537,5058,treino
8538,5502,treino
8539,5426,teste
8540,5431,treino
8541,5066,treino
8542,5103,treino
8543,5106,validacao
8544,5507,teste
8545,5434,treino
8546,5510,treino
8547,5513,treino
8548,5112,validacao
8549,5095,treino
8550,5114,validacao
8551,5516,treino
8552,5440,treino
8553,5132,treino
8554,5084,treino
8555,5518,validacao
8556,5524,validacao
8557,5445,treino
8558,5527,treino
8559,5135,treino
8560,5079,treino
8561,5530,teste
8562,5143,teste
8563,5108,teste
8564,5118,treino
8565,5451,validacao
8566,5533,treino
8567,5536,teste
8568,5538,treino
8569,5544,treino
8570,5123,validacao
8571,5158,teste
8572,5455,treino
8573,5459,treino
8574,5547,teste
8575,5462,treino
8576,5155,treino
8577,5126,treino
8578,5149,teste
8579,5550,treino
8580,5465,treino
8581,5553,treino
8582,5129,validacao
8583,5468,validacao
8584,5556,teste
8585,5473,validacao
8586,5560,treino
8587,5564,treino
8588,5567,treino
8589,5162,treino
8590,5570,treino
8591,5479,teste
8592,5573,treino
8593,5482,treino
8594,5138,treino
8595,5576,validacao
8596,5485,teste
8597,5168,teste
8598,5180,treino
8599,5489,treino
8600,5581,treino
8601,5492,teste
8602,5584,treino
8603,5152,treino
8604,5166,teste
8605,5146,treino
8606,5175,validacao
8607,5496,teste
8608,5499,validacao
8609,5502,treino
8610,5208,validacao
8611,5195,treino
8612,5586,treino
8613,5592,treino
8614,5507,teste
8615,5510,treino
8616,5513,treino
8617,5183,treino
8618,5595,teste
8619,5516,treino
8620,5598,treino
8621,5518,validacao
8622,5212,teste
8623,5172,treino
8624,5524,validacao
8625,5527,treino
8626,5601,treino
8627,5202,treino
8628,5206,treino
8629,5530,teste
8630,5186,validacao
8631,5226,treino
8632,5223,treino
8633,5200,treino
8634,5235,teste
8635,5615,treino
8636,5533,treino
8637,5609,treino
8638,5536,teste
8639,5189,teste
8640,5217,treino
8641,5538,treino
8642,5544,treino
8643,5220,teste
8644,5240,treino
8645,5625,treino
8646,5618,treino
8647,5547,teste
8648,5628,treino
8649,5192,teste
8650,5550,treino
8651,5553,treino
8652,5631,treino
8653,5249,treino
8654,5242,treino
8655,5556,teste
8656,5634,validacao
8657,5636,teste
8658,5560,treino
8659,5232,validacao
8660,5246,treino
8661,5642,teste
8662,5564,treino
8663,5567,treino
8664,5570,treino
8665,5645,treino
8666,5573,treino
8667,5645,treino
8668,5648,validacao
8669,5229,validacao
8670,5576,validacao
8671,5653,treino
8672,5581,treino
8673,5257,treino
8674,5584,treino
8675,5656,teste
8676,5252,validacao
8677,5659,teste
8678,5662,teste
8679,5586,treino
8680,5592,treino
8681,5666,treino
8682,5260,teste
8683,5670,treino
8684,5673,treino
8685,5595,teste
8686,5598,treino
8687,5273,treino
8688,5676,treino
8689,5680,treino
8690,5684,treino
8691,5601,treino
8692,5687,treino
8693,5690,treino
8694,5615,treino
8695,5281,teste
8696,5609,treino
8697,5693,treino
8698,5695,treino
8699,5270,treino
8700,5289,validacao
8701,5278,validacao
8702,5699,treino
8703,5704,treino
8704,5303,validacao
8705,5295,treino
8706,5267,treino
8707,5625,treino
8708,5618,treino
8709,5707,teste
8710,5628,treino
8711,5710,teste
8712,5631,treino
8713,5713,treino
8714,5286,validacao
8715,5292,treino
8716,5716,treino
8717,5634,validacao
8718,5636,teste
8719,5721,treino
8720,5724,teste
8721,5310,teste
8722,5299,teste
8723,5642,teste
8724,5726,treino
8725,5730,treino
8726,5317,validacao
8727,5306,treino
8728,5321,teste
8729,5733,teste
8730,5648,validacao
8731,5739,treino
8732,5736,treino
8733,5744,treino
8734,5653,treino
8735,5329,treino
8736,5746,validacao
8737,5656,teste
8738,5659,teste
8739,5343,treino
8740,5750,teste
8741,5756,validacao
8742,5753,treino
8743,5662,teste
8744,5336,treino
8745,5353,treino
8746,5759,treino
8747,5666,treino
8748,5670,treino
8749,5673,treino
8750,5764,treino
8751,5767,treino
8752,5770,teste
8753,5772,treino
8754,5350,treino
8755,5314,validacao
8756,5676,treino
8757,5776,treino
8758,5680,treino
8759,5684,treino
8760,5781,validacao
8761,5784,treino
8762,5687,treino
8763,5690,treino
8764,5787,treino
8765,5339,validacao
8766,5790,teste
8767,5693,treino
8768,5695,treino
8769,5364,treino
8770,5699,treino
8771,5798,teste
8772,5704,treino
8773,5707,teste
8774,5793,treino
8775,5361,treino
8776,5713,treino
8777,5805,teste
8778,5347,treino
8779,5716,treino
8780,5721,treino
8781,5724,teste
8782,5377,treino
8783,5726,treino
8784,5730,treino
8785,5810,treino
8786,5733,teste
8787,5380,validacao
8788,5368,treino
8789,5403,treino
8790,5739,treino
8791,5736,treino
8792,5744,treino
8793,5372,validacao
8794,5746,validacao
8795,5815,treino
8796,5793,treino
8797,5750,teste
8798,5356,treino
8799,5392,treino
8800,5756,validacao
8801,5753,treino
8802,5759,treino
8803,5822,teste
8804,5426,teste
8805,5386,treino
8806,5406,treino
8807,5764,treino
8808,5389,treino
8809,5396,treino
8810,5770,teste
8811,5772,treino
8812,5827,treino
8813,5383,treino
8814,5423,treino
8815,5832,teste
8816,5776,treino
8817,5781,validacao
8818,5420,treino
8819,5835,treino
8820,5784,treino
8821,5787,treino
8822,5838,treino
8823,5400,treino
8824,5840,treino
8825,5790,teste
8826,5844,teste
8827,5409,treino
8828,5440,treino
8829,5846,treino
8830,5798,teste
8831,5852,validacao
8832,5417,treino
8833,5414,treino
8834,5854,validacao
8835,5858,treino
8836,5455,treino
8837,5861,treino
8838,5805,teste
8839,5445,treino
8840,5864,treino
8841,5431,treino
8842,5437,treino
8843,5868,validacao
8844,5872,treino
8845,5874,teste
8846,5434,treino
8847,5878,treino
8848,5883,treino
8849,5886,treino
8850,5473,validacao
8851,5451,validacao
8852,5462,treino
8853,5891,treino
8854,5459,treino
8855,5894,treino
8856,5815,treino
8857,5897,treino
8858,5448,treino
8859,5465,treino
8860,5476,treino
8861,5468,validacao
8862,5900,treino
8863,5903,treino
8864,5906,treino
8865,5911,treino
8866,5479,teste
8867,5914,treino
8868,5917,treino
8869,5920,teste
8870,5923,treino
8871,5827,treino
8872,5482,treino
8873,5926,treino
8874,5832,teste
8875,5931,treino
8876,5934,validacao
8877,5499,validacao
8878,5492,teste
8879,5835,treino
8880,5937,treino
8881,5838,treino
8882,17,treino
8883,5840,treino
8884,5939,treino
8885,5844,teste
8886,5943,teste
8887,5945,treino
8888,5485,teste
8889,5846,treino
8890,5951,treino
8891,5852,validacao
8892,5954,validacao
8893,5507,teste
8894,5489,treino
8895,5524,validacao
8896,5530,teste
8897,5536,teste
8898,5854,validacao
8899,5957,treino
8900,5858,treino
8901,5527,treino
8902,5502,treino
8903,5960,treino
8904,5963,treino
8905,5861,treino
8906,5966,treino
8907,5864,treino
8908,5538,treino
8909,5496,teste
8910,5518,validacao
8911,5872,treino
8912,5868,validacao
8913,31102,validacao
8914,31102,validacao
8915,5971,treino
8916,5556,teste
8917,5874,teste
8918,5974,treino
8919,5977,treino
8920,5516,treino
8921,5513,treino
8922,5980,treino
8923,5878,treino
8924,5983,teste
8925,5883,treino
8926,5886,treino
8927,5510,treino
8928,5564,treino
8929,5544,treino
8930,5891,treino
8931,5988,treino
8932,5533,treino
8933,5894,treino
8934,5991,teste
8935,5994,treino
8936,5897,treino
8937,5997,validacao
8938,5567,treino
8939,5560,treino
8940,5570,treino
8941,5900,treino
8942,5903,treino
8943,6000,treino
8944,5906,treino
8945,5547,teste
8946,5576,validacao
8947,5550,treino
8948,6005,treino
8949,5911,treino
8950,6007,treino
8951,5553,treino
8952,5914,treino
8953,5917,treino
8954,6011,teste
8955,5920,teste
8956,6016,teste
8957,5923,treino
8958,6018,treino
8959,5926,treino
8960,6022,treino
8961,5931,treino
8962,5934,validacao
8963,5584,treino
8964,5595,teste
8965,6027,treino
8966,5937,treino
8967,6030,treino
8968,5573,treino
8969,5939,treino
8970,6036,teste
8971,6033,treino
8972,5943,teste
8973,5945,treino
8974,5586,treino
8975,6041,treino
8976,5951,treino
8977,5954,validacao
8978,6044,treino
8979,5581,treino
8980,5957,treino
8981,6047,teste
8982,5592,treino
8983,5615,treino
8984,6050,treino
8985,5960,treino
8986,5963,treino
8987,6053,treino
8988,5966,treino
8989,6056,teste
8990,5971,treino
8991,6060,treino
8992,5625,treino
8993,5628,treino
8994,5636,teste
8995,5974,treino
8996,6064,treino
8997,6067,treino
8998,5977,treino
8999,5601,treino
9000,5980,treino
9001,6070,treino
9002,5983,teste
9003,6073,treino
9004,5598,treino
9005,5988,treino
9006,6077,treino
9007,6079,treino
9008,5991,teste
9009,5994,treino
9010,6081,treino
9011,5997,validacao
9012,6083,treino
9013,5634,validacao
9014,6085,treino
9015,6000,treino
9016,5631,treino
9017,5618,treino
9018,6090,teste
9019,6005,treino
9020,6087,teste
9021,6007,treino
9022,5609,treino
9023,5656,teste
9024,6092,treino
9025,6094,teste
9026,6011,teste
9027,5642,teste
9028,5659,teste
9029,5645,treino
9030,6096,treino
9031,6016,teste
9032,6099,teste
9033,6102,validacao
9034,6018,treino
9035,5648,validacao
9036,5666,treino
9037,6022,treino
9038,6107,treino
9039,6094,teste
9041,6110,treino
9042,5653,treino
9043,6027,treino
9044,6113,treino
9045,6030,treino
9046,5684,treino
9047,6116,treino
9048,6119,treino
9049,6036,teste
9050,6033,treino
9053,6122,treino
9054,5673,treino
9055,6041,treino
9056,6127,validacao
9057,6044,treino
9058,6130,treino
9059,6132,treino
9060,6047,teste
9063,6136,treino
9064,6050,treino
9065,5662,teste
9066,6053,treino
9067,6139,treino
9068,6056,teste
9069,5680,treino
9070,6143,treino
9071,6146,validacao
9074,6060,treino
9075,6149,treino
9076,5687,treino
9077,5699,treino
9078,5713,treino
9079,5710,teste
9080,6064,treino
9081,6067,treino
9082,6151,treino
9083,5704,treino
9084,5670,treino
9085,5707,teste
9086,6070,treino
9087,6154,treino
9090,6073,treino
9091,5676,treino
9092,6162,validacao
9093,6077,treino
9094,6156,treino
9095,6079,treino
9096,5690,treino
9097,6081,treino
9098,6165,treino
9099,6083,treino
9100,5695,treino
9103,6168,treino
9104,6085,treino
9105,6171,treino
9106,5721,treino
9107,6174,teste
9108,6090,teste
9109,6087,teste
9110,6179,treino
9111,5693,treino
9114,6092,treino
9115,6181,treino
9116,6185,teste
9117,6096,treino
9118,6188,treino
9119,5733,teste
9120,5746,validacao
9121,5730,treino
9122,5716,treino
9123,6099,teste
9124,6102,validacao
9125,6191,treino
9126,5726,treino
9127,5753,treino
9128,5724,teste
9131,6107,treino
9132,6110,treino
9133,5736,treino
9134,6195,treino
9135,6199,treino
9136,6113,treino
9137,6201,teste
9138,5764,treino
9139,5739,treino
9140,6116,treino
9143,6119,treino
9144,6205,treino
9145,6122,treino
9146,5744,treino
9147,6209,teste
9148,6127,validacao
9149,6213,treino
9150,5750,teste
9151,5759,treino
9152,5772,treino
9153,5756,validacao
9156,6216,treino
9157,6130,treino
9158,6132,treino
9159,6219,validacao
9160,6136,treino
9161,5767,treino
9162,6222,treino
9163,6139,treino
9164,6224,treino
9165,5790,teste
9168,6143,treino
9169,6230,treino
9170,6232,validacao
9171,6146,validacao
9172,6149,treino
9173,6236,validacao
9174,6151,treino
9175,6239,treino
9178,6242,teste
9179,6154,treino
9180,6245,validacao
9181,5770,teste
9182,6248,treino
9183,6162,validacao
9184,6156,treino
9185,6252,treino
9186,5776,treino
9189,6165,treino
9190,6256,validacao
9191,5781,validacao
9192,5810,treino
9193,5784,treino
9194,6259,treino
9195,6168,treino
9196,6262,treino
9197,6171,treino
9198,6265,treino
9200,6174,teste
9202,5798,teste
9203,6270,treino
9204,6179,treino
9205,6272,teste
9206,5787,treino
9207,5805,teste
9208,6181,treino
9209,6276,treino
9210,6185,teste
9211,6279,treino
9213,6188,treino
9215,6282,teste
9216,6285,treino
9217,6191,treino
9218,5793,treino
9219,6289,treino
9220,6293,treino
9223,6296,treino
9224,6195,treino
9225,6199,treino
9226,6299,teste
9227,6201,teste
9228,5815,treino
9229,6301,treino
9230,6205,treino
9231,6305,treino
9234,5835,treino
9235,6209,teste
9236,6310,teste
9237,6313,treino
9238,6213,treino
9239,6316,teste
9240,5832,teste
9241,5838,treino
9242,6216,treino
9243,6219,validacao
9244,6319,treino
9247,6322,treino
9248,6222,treino
9249,6325,treino
9250,6328,treino
9251,6224,treino
9252,5844,teste
9253,5827,treino
9254,6333,treino
9255,6230,treino
9256,6232,validacao
9257,6336,treino
9258,5822,teste
9259,5840,treino
9262,6236,validacao
9263,6338,treino
9264,6239,treino
9265,6342,treino
9266,5868,validacao
9267,6345,teste
9268,6242,teste
9269,6348,teste
9270,6245,validacao
9271,5846,treino
9272,5883,treino
9273,6248,treino
9276,6353,validacao
9277,6252,treino
9278,6356,treino
9279,5858,treino
9280,5854,validacao
9281,6256,validacao
9282,6359,treino
9283,5872,treino
9284,6259,treino
9285,6262,treino
9288,6265,treino
9289,6362,treino
9290,6362,treino
9291,5886,treino
9292,5894,treino
9293,6270,treino
9294,6366,teste
9295,6272,teste
9296,5861,treino
9297,6373,treino
9300,6276,treino
9301,6279,treino
9302,6376,teste
9303,5864,treino
9304,5852,validacao
9305,5878,treino
9306,5917,treino
9307,6282,teste
9308,6370,treino
9309,6370,treino
9310,6379,treino
9311,6285,treino
9312,5891,treino
9313,5897,treino
9314,6384,treino
9317,6289,treino
9318,6389,treino
9319,6293,treino
9320,6296,treino
9321,5874,teste
9322,6392,teste
9323,6299,teste
9324,5903,treino
9325,6395,teste
9326,6301,treino
9330,6401,treino
9331,6305,treino
9332,6398,treino
9333,5900,treino
9334,6310,teste
9335,6406,treino
9336,6313,treino
9337,6409,treino
9338,6316,teste
9339,5945,treino
9340,5911,treino
9341,5906,treino
9342,5939,treino
9345,6411,treino
9346,6319,treino
9347,5960,treino
9348,5926,treino
9349,6322,treino
9350,6417,validacao
9351,6325,treino
9352,6328,treino
9353,6425,treino
9354,5920,teste
9355,5931,treino
9356,5954,validacao
9357,5923,treino
9359,6333,treino
9361,6430,treino
9362,6420,treino
9363,6420,treino
9364,6336,treino
9365,6433,treino
9366,5914,treino
9367,5963,treino
9368,6338,treino
9369,6436,treino
9370,6342,treino
9371,5934,validacao
9372,5971,treino
9373,5977,treino
9375,6345,teste
9377,6439,validacao
9378,6348,teste
9379,6443,treino
9380,5980,treino
9381,5966,treino
9382,6353,validacao
9383,6449,treino
9384,6356,treino
9385,5991,teste
9386,5937,treino
9387,5957,treino
9390,6452,validacao
9391,6457,treino
9392,6359,treino
9393,5943,teste
9394,6462,treino
9395,6465,treino
9396,5983,teste
9397,5951,treino
9400,6469,treino
9401,6366,teste
9402,5988,treino
9403,6373,treino
9404,6475,teste
9405,6376,teste
9406,6478,treino
9407,5994,treino
9408,5974,treino
9409,6005,treino
9412,6472,treino
9413,6472,treino
9414,6379,treino
9415,6480,teste
9416,6384,treino
9417,6485,treino
9418,6389,treino
9419,6016,teste
9421,6489,teste
9423,6392,teste
9424,6492,treino
9425,6395,teste
9426,6022,treino
9427,6495,treino
9428,6497,treino
9429,6401,treino
9430,6398,treino
9431,6018,treino
9434,6500,teste
9435,6406,treino
9436,6506,treino
9437,6409,treino
9438,6044,treino
9439,6000,treino
9440,5997,validacao
9441,6411,treino
9442,6509,treino
9443,6512,teste
9444,6007,treino
9445,6417,validacao
9448,6515,treino
9449,6425,treino
9450,6518,teste
9451,6030,treino
9452,6050,treino
9453,6430,treino
9454,6523,treino
9455,6433,treino
9456,6033,treino
9457,6047,teste
9458,6011,teste
9459,6526,validacao
9462,6529,treino
9463,6436,treino
9464,6532,treino
9465,6056,teste
9466,6439,validacao
9467,6535,treino
9468,6443,treino
9469,6537,treino
9472,6041,treino
9473,6027,treino
9474,6067,treino
9475,6543,teste
9476,6449,treino
9477,6546,treino
9478,6077,treino
9479,6548,treino
9480,6452,validacao
9481,6457,treino
9482,6552,validacao
9483,6462,treino
9485,6064,treino
9487,6555,treino
9488,6465,treino
9489,6561,validacao
9490,6558,treino
9491,6060,treino
9492,6036,teste
9493,6469,treino
9494,6566,teste
9496,6083,treino
9498,6569,validacao
9499,6475,teste
9500,6571,treino
9501,6478,treino
9502,6087,teste
9503,6070,treino
9504,6575,teste
9505,6578,validacao
9506,6480,teste
9509,6053,treino
9510,6079,treino
9511,6580,treino
9512,6485,treino
9513,6586,treino
9514,6110,treino
9515,6073,treino
9516,6489,teste
9517,6588,validacao
9518,6492,treino
9519,6592,treino
9522,6092,treino
9523,6595,validacao
9524,6495,treino
9525,6598,treino
9526,6497,treino
9527,6500,teste
9528,6113,treino
9529,6601,treino
9530,6506,treino
9531,6606,validacao
9534,6102,validacao
9535,6509,treino
9536,6609,treino
9537,6512,teste
9538,6612,validacao
9539,6615,treino
9540,31107,treino
9541,6081,treino
9542,6107,treino
9543,6136,treino
9544,6515,treino
9545,6617,treino
9546,6518,teste
9548,6116,treino
9549,6130,treino
9550,6085,treino
9552,6623,treino
9553,6523,treino
9554,6626,treino
9555,6526,validacao
9556,6096,treino
9557,6119,treino
9558,6090,teste
9559,6149,treino
9560,6529,treino
9561,6628,validacao
9562,6632,treino
9563,6532,treino
9565,6099,teste
9567,6635,validacao
9568,6535,treino
9569,6537,treino
9570,6139,treino
9571,6639,treino
9572,6543,teste
9573,6546,treino
9574,6645,validacao
9575,6146,validacao
9576,6548,treino
9579,6647,treino
9580,6651,treino
9581,6552,validacao
9582,6156,treino
9583,6127,validacao
9584,6154,treino
9585,6151,treino
9586,6143,treino
9587,6654,treino
9588,6555,treino
9589,6656,teste
9590,6561,validacao
9591,6558,treino
9594,6162,validacao
9595,6122,treino
9596,6662,treino
9597,6566,teste
9598,6665,validacao
9599,6668,teste
9600,6132,treino
9601,6171,treino
9602,6168,treino
9603,6569,validacao
9604,6671,treino
9605,6571,treino
9608,6179,treino
9609,6673,validacao
9610,6575,teste
9611,6578,validacao
9612,6683,treino
9613,6686,validacao
9614,6580,treino
9615,6191,treino
9616,6691,treino
9617,6586,treino
9618,6694,treino
9621,6174,teste
9622,6588,validacao
9623,6697,teste
9624,6592,treino
9625,6165,treino
9626,6595,validacao
9627,6703,treino
9628,6700,treino
9629,6598,treino
9630,6706,treino
9631,6601,treino
9632,6185,teste
9635,6711,treino
9636,6606,validacao
9637,6714,teste
9638,6205,treino
9639,6609,treino
9640,6717,validacao
9641,6720,treino
9642,6612,validacao
9643,6615,treino
9644,6199,treino
9645,6201,teste
9648,6723,treino
9649,6617,treino
9650,6728,teste
9651,6181,treino
9652,6195,treino
9653,6623,treino
9654,6735,treino
9655,6626,treino
9656,6188,treino
9658,6740,teste
9660,6738,treino
9661,6628,validacao
9662,6632,treino
9663,6744,treino
9664,6213,treino
9665,6222,treino
9666,6635,validacao
9667,6747,treino
9668,6750,treino
9669,6219,validacao
9670,6639,treino
9671,6755,treino
9672,6758,treino
9673,6645,validacao
9674,6647,treino
9675,6761,teste
9676,6651,treino
9677,6764,treino
9678,6654,treino
9679,6252,treino
9680,6769,treino
9681,6656,teste
9682,6772,treino
9683,6774,treino
9684,6224,treino
9685,6248,treino
9686,6662,treino
9687,6665,validacao
9688,6780,validacao
9689,6668,teste
9690,6236,validacao
9691,6245,validacao
9692,6209,teste
9693,6265,treino
9694,6783,validacao
9695,6671,treino
9696,6786,treino
9697,6232,validacao
9698,6239,treino
9699,6216,treino
9700,6262,treino
9701,6789,treino
9702,6673,validacao
9703,6794,treino
9704,6683,treino
9705,6686,validacao
9706,6797,teste
9707,6270,treino
9708,6272,teste
9709,6256,validacao
9710,6230,treino
9711,6691,treino
9712,6802,treino
9713,6694,treino
9714,6242,teste
9715,6282,teste
9716,6276,treino
9717,6805,treino
9718,6697,teste
9719,6808,treino
9720,6811,treino
9721,6285,treino
9722,6703,treino
9723,6700,treino
9724,6814,teste
9725,6706,treino
9726,6817,validacao
9727,6305,treino
9728,6711,treino
9729,6824,treino
9730,6827,treino
9731,6714,teste
9732,6830,treino
9733,6301,treino
9734,6313,treino
9735,6833,validacao
9736,6717,validacao
9737,6720,treino
9738,6259,treino
9739,6837,treino
9740,6723,treino
9741,6841,treino
9742,6728,teste
9743,6846,treino
9744,6279,treino
9745,6853,treino
9746,6735,treino
9747,6856,treino
9748,6336,treino
9750,6740,teste
9751,6859,treino
9752,6738,treino
9753,6744,treino
9754,6862,treino
9755,29050,validacao
9756,6293,treino
9757,6296,treino
9758,6868,treino
9759,6747,treino
9760,6865,treino
9761,6871,treino
9762,6750,treino
9763,6876,treino
9764,6338,treino
9765,6316,teste
9766,6879,teste
9767,6755,treino
9768,6758,treino
9769,6882,treino
9770,6319,treino
9771,6289,treino
9772,6325,treino
9773,6299,teste
9774,6348,teste
9775,6761,teste
9776,6885,validacao
9777,6887,treino
9778,6891,treino
9779,6764,treino
9780,6333,treino
9781,6328,treino
9782,6769,treino
9783,6894,validacao
9784,6772,treino
9785,6774,treino
9786,6322,treino
9787,6897,treino
9788,6780,validacao
9789,6902,treino
9790,6310,teste
9791,6783,validacao
9792,6905,treino
9793,6908,teste
9794,6786,treino
9795,6345,teste
9796,6789,treino
9797,6794,treino
9798,6911,treino
9799,6797,teste
9800,6914,treino
9801,6359,treino
9802,6353,validacao
9803,6802,treino
9804,6919,treino
9805,6922,treino
9806,6805,treino
9807,6342,treino
9808,6362,treino
9809,6808,treino
9810,6924,treino
9811,6811,treino
9812,6814,teste
9813,6928,teste
9814,6817,validacao
9815,6931,validacao
9816,6934,treino
9817,6370,treino
9818,6379,treino
9819,6824,treino
9820,6939,treino
9821,6827,treino
9822,6830,treino
9823,6356,treino
9824,6389,treino
9825,6942,treino
9826,6833,validacao
9827,6945,treino
9828,6837,treino
9829,6411,treino
9830,6366,teste
9831,6395,teste
9832,6841,treino
9833,6951,treino
9834,6846,treino
9835,6948,teste
9836,6398,treino
9837,6853,treino
9838,6856,treino
9839,6956,treino
9840,6859,treino
9841,6373,treino
9842,6376,teste
9843,6959,teste
9844,6862,treino
9845,6962,validacao
9846,6868,treino
9847,6401,treino
9848,6420,treino
9849,6865,treino
9850,6965,treino
9851,6871,treino
9852,6968,treino
9853,6876,treino
9854,6417,validacao
9855,6430,treino
9856,6409,treino
9857,6973,treino
9858,6879,teste
9859,6882,treino
9860,6975,treino
9861,6436,treino
9862,6384,treino
9863,6885,validacao
9864,6979,treino
9865,6887,treino
9866,6981,treino
9867,6891,treino
9868,6406,treino
9869,6439,validacao
9870,6392,teste
9871,6443,treino
9872,6983,treino
9873,6894,validacao
9874,6986,validacao
9875,6433,treino
9876,6897,treino
9877,6990,teste
9878,6902,treino
9879,6994,treino
9880,6425,treino
9881,6997,treino
9882,6905,treino
9883,6908,teste
9884,7000,treino
9885,6462,treino
9886,7003,validacao
9887,6911,treino
9888,7008,validacao
9889,6914,treino
9890,7013,treino
9891,7015,treino
9892,6919,treino
9893,6922,treino
9894,6469,treino
9895,7019,treino
9896,6924,treino
9897,7032,teste
9898,6928,teste
9899,7037,validacao
9900,7041,treino
9901,6931,validacao
9902,6934,treino
9903,6457,treino
9904,6449,treino
9905,6452,validacao
9906,7059,treino
9907,6939,treino
9908,7086,validacao
9909,6465,treino
9910,6478,treino
9911,6942,treino
9912,7097,treino
9913,7106,teste
9914,6945,treino
9915,7109,treino
9916,6480,teste
9917,6500,teste
9918,7114,treino
9919,6951,treino
9920,6948,teste
9921,6485,treino
9922,6489,teste
9923,6475,teste
9924,6472,treino
9925,7124,treino
9926,6956,treino
9927,7146,treino
9928,7149,treino
9929,6509,treino
9930,6959,teste
9931,7152,treino
9932,6962,validacao
9933,6495,treino
9934,7155,treino
9935,6965,treino
9936,6968,treino
9937,7158,treino
9938,7160,treino
9939,6492,treino
9940,6497,treino
9941,6973,treino
9942,7166,treino
9943,6975,treino
9944,6526,validacao
9945,7169,teste
9946,6979,treino
9947,6981,treino
9948,7172,treino
9949,6546,treino
9950,6535,treino
9951,6983,treino
9952,7175,treino
9953,7178,treino
9954,6986,validacao
9955,6518,teste
9956,6506,treino
9957,7183,treino
9958,6990,teste
9959,6994,treino
9960,7185,teste
9961,6997,treino
9962,6543,teste
9963,6515,treino
9964,6512,teste
9965,7189,teste
9966,7000,treino
9967,7192,treino
9968,6523,treino
9969,6532,treino
9970,6537,treino
9971,7003,validacao
9972,7195,treino
9973,7008,validacao
9974,7198,treino
9975,6558,treino
9976,6529,treino
9977,7013,treino
9978,7015,treino
9979,7202,treino
9980,7019,treino
9981,7206,treino
9982,7032,teste
9983,7212,treino
9984,7209,treino
9985,6569,validacao
9986,7215,treino
9987,7037,validacao
9988,7041,treino
9989,7218,treino
9990,7059,treino
9991,6578,validacao
9992,6552,validacao
9993,7223,treino
9994,7086,validacao
9995,7226,validacao
9996,7229,treino
9997,6548,treino
9998,6586,treino
9999,7097,treino
10000,7106,teste
10001,7232,treino
10002,7235,teste
10003,7109,treino
10004,6606,validacao
10005,7114,treino
10006,7238,treino
10007,7241,validacao
10008,6601,treino
10009,6575,teste
10010,7124,treino
10011,6571,treino
10012,6580,treino
10013,6617,treino
10014,6561,validacao
10015,6555,treino
10016,7246,treino
10017,7249,treino
10018,7146,treino
10019,7149,treino
10020,6566,teste
10022,7252,treino
10023,7152,treino
10024,7259,teste
10025,6612,validacao
10026,6598,treino
10027,6632,treino
10028,7155,treino
10029,7262,treino
10030,7158,treino
10031,7160,treino
10032,7265,treino
10033,6592,treino
10034,6615,treino
10035,7270,treino
10036,7273,validacao
10037,7166,treino
10038,7276,treino
10039,6595,validacao
10040,7169,teste
10041,7279,teste
10042,7172,treino
10043,7281,treino
10044,6628,validacao
10045,6588,validacao
10046,7285,treino
10047,7175,treino
10048,7178,treino
10049,7288,teste
10050,6639,treino
10051,6651,treino
10052,6635,validacao
10053,7293,treino
10054,7183,treino
10055,7185,teste
10056,7296,teste
10057,6656,teste
10058,7299,treino
10059,7189,teste
10060,7302,treino
10061,7192,treino
10062,6609,treino
10063,7195,treino
10064,7305,teste
10065,7308,treino
10066,7198,treino
10067,6626,treino
10068,6623,treino
10069,6671,treino
10070,6654,treino
10071,7313,teste
10072,7202,treino
10073,7315,teste
10074,7319,validacao
10075,7206,treino
10076,7322,treino
10077,7212,treino
10078,7209,treino
10079,6645,validacao
10080,7215,treino
10081,7325,treino
10082,7218,treino
10083,7328,treino
10084,6691,treino
10085,6673,validacao
10086,6697,teste
10087,7332,teste
10088,7336,teste
10089,7226,validacao
10090,7229,treino
10091,6694,treino
10092,6662,treino
10093,6665,validacao
10094,7339,treino
10095,7232,treino
10096,7235,teste
10097,7342,teste
10098,6700,treino
10099,6647,treino
10100,7345,teste
10101,7241,validacao
10102,7348,treino
10103,7353,treino
10104,29051,treino
10105,6683,treino
10106,7246,treino
10107,7249,treino
10108,7356,treino
10109,6717,validacao
10110,6668,teste
10111,7252,treino
10112,7359,treino
10113,7362,teste
10114,6686,validacao
10115,6703,treino
10116,7365,teste
10117,7262,treino
10118,7368,validacao
10119,6738,treino
10120,7270,treino
10121,7373,treino
10122,7273,validacao
10123,7276,treino
10124,7376,validacao
10125,6711,treino
10126,7279,teste
10127,7382,teste
10128,7281,treino
10129,7379,treino
10130,6740,teste
10131,7385,validacao
10132,7285,treino
10133,7288,teste
10134,7387,treino
10135,7293,treino
10136,6750,treino
10137,6744,treino
10138,6758,treino
10139,6772,treino
10140,6720,treino
10141,7393,treino
10142,7296,teste
10143,6706,treino
10144,6780,validacao
10145,7396,treino
10146,7299,treino
10147,7399,treino
10148,7302,treino
10149,7402,treino
10150,7305,teste
10151,6723,treino
10152,6728,teste
10153,6714,teste
10154,6735,treino
10155,6769,treino
10156,7405,treino
10157,7308,treino
10158,6786,treino
10159,6783,validacao
10160,7409,treino
10161,7313,teste
10162,7413,treino
10163,7315,teste
10164,7319,validacao
10165,6774,treino
10166,6755,treino
10167,6094,teste
10168,7415,treino
10169,7419,treino
10170,7322,treino
10171,6797,teste
10172,6789,treino
10173,7325,treino
10174,7422,treino
10175,7328,treino
10176,6747,treino
10177,6761,teste
10178,7332,teste
10179,7336,teste
10180,7430,treino
10181,6805,treino
10182,6817,validacao
10183,7339,treino
10184,7425,treino
10185,7425,treino
10186,7342,teste
10187,6814,teste
10188,6811,treino
10189,7345,teste
10190,7433,teste
10191,7348,treino
10192,7436,teste
10193,7353,treino
10194,6824,treino
10195,7356,treino
10196,6764,treino
10197,6794,treino
10198,6833,validacao
10199,7359,treino
10200,7362,teste
10201,7441,treino
10202,7441,treino
10203,7365,teste
10204,6802,treino
10205,7444,treino
10206,7368,validacao
10207,7446,teste
10208,6830,treino
10209,6808,treino
10210,7373,treino
10211,7376,validacao
10212,6876,treino
10213,7382,teste
10214,7455,treino
10215,7379,treino
10216,7452,treino
10217,7452,treino
10218,7385,validacao
10219,6871,treino
10220,6827,treino
10221,6862,treino
10222,6859,treino
10223,6887,treino
10224,7387,treino
10225,7458,treino
10226,6882,treino
10227,6856,treino
10228,6837,treino
10229,7393,treino
10230,7462,treino
10231,7466,treino
10232,7396,treino
10233,6853,treino
10234,7469,treino
10235,7399,treino
10236,7402,treino
10237,7472,teste
10238,6891,treino
10239,7405,treino
10240,7475,treino
10241,7478,treino
10242,7409,treino
10243,6868,treino
10244,6865,treino
10245,6841,treino
10246,7482,validacao
10247,7413,treino
10248,6846,treino
10249,7415,treino
10250,7486,teste
10251,7419,treino
10252,7491,treino
10253,6905,treino
10254,6885,validacao
10255,6908,teste
10256,7422,treino
10257,7494,treino
10258,7497,teste
10259,6911,treino
10260,7430,treino
10261,7504,treino
10262,6897,treino
10263,7507,treino
10264,7509,validacao
10265,7513,validacao
10266,6879,teste
10267,7433,teste
10268,7516,treino
10269,7436,teste
10270,6894,validacao
10271,6922,treino
10272,6928,teste
10273,6942,treino
10274,6914,treino
10275,6902,treino
10276,7521,treino
10277,7524,treino
10278,7526,treino
10279,6956,treino
10280,7530,treino
10281,6919,treino
10282,7533,treino
10283,7444,treino
10284,7536,validacao
10285,7446,teste
10286,6931,validacao
10287,6968,treino
10288,7541,teste
10289,7544,treino
10290,6924,treino
10291,7547,validacao
10292,7550,teste
10293,6951,treino
10294,6939,treino
10295,6959,teste
10296,7553,teste
10297,7458,treino
10298,7555,treino
10299,7561,teste
10300,7462,treino
10301,7466,treino
10302,7564,treino
10303,7469,treino
10304,6979,treino
10305,6934,treino
10306,6965,treino
10307,7567,teste
10308,7472,teste
10309,6973,treino
10310,6983,treino
10311,6962,validacao
10312,6997,treino
10313,7569,teste
10314,7573,validacao
10315,7475,treino
10316,7478,treino
10317,6945,treino
10318,6986,validacao
10319,7578,treino
10320,7482,validacao
10321,7584,teste
10322,7581,teste
10323,6948,teste
10324,7486,teste
10325,7587,treino
10326,7590,treino
10327,7491,treino
10328,17,treino
10329,7494,treino
10330,7592,validacao
10331,7584,teste
10333,7497,teste
10334,6981,treino
10335,7003,validacao
10336,7598,treino
10337,7504,treino
10338,7601,teste
10339,7604,teste
10340,7507,treino
10341,6994,treino
10342,7041,treino
10343,6990,teste
10344,7607,teste
10345,7509,validacao
10347,7513,validacao
10349,7610,treino
10350,6975,treino
10351,7516,treino
10352,7613,treino
10353,7521,treino
10354,7008,validacao
10355,7000,treino
10356,7618,validacao
10357,7621,treino
10360,7524,treino
10361,7526,treino
10362,7624,treino
10363,7109,treino
10364,7106,teste
10365,7530,treino
10366,7533,treino
10367,7032,teste
10368,7059,treino
10369,7086,validacao
10370,7013,treino
10371,7015,treino
10372,7097,treino
10373,7627,validacao
10374,7630,treino
10377,7536,validacao
10378,7037,validacao
10379,7152,treino
10380,7634,teste
10381,7541,teste
10382,7544,treino
10383,7638,treino
10384,7547,validacao
10385,7019,treino
10386,7640,treino
10388,7550,teste
10390,7644,treino
10391,7647,validacao
10392,7553,teste
10393,7650,treino
10394,7555,treino
10395,7561,teste
10396,7114,treino
10397,7655,teste
10400,7564,treino
10401,7658,treino
10402,7155,treino
10403,7160,treino
10404,7146,treino
10405,7175,treino
10406,7661,treino
10407,7567,teste
10408,7664,validacao
10409,7178,treino
10410,7158,treino
10411,7124,treino
10412,7169,teste
10413,7172,treino
10414,7569,teste
10415,7573,validacao
10418,7667,teste
10419,7578,treino
10420,7192,treino
10421,7675,treino
10422,7672,treino
10423,7581,teste
10424,7149,treino
10425,7587,treino
10427,7590,treino
10429,7678,teste
10430,7166,treino
10431,7592,validacao
10432,7681,treino
10433,7598,treino
10434,7189,teste
10435,7215,treino
10436,7218,treino
10437,7183,treino
10438,7686,validacao
10439,7689,treino
10442,7601,teste
10443,7692,treino
10444,7604,teste
10445,7223,treino
10446,7607,teste
10447,7695,treino
10448,7610,treino
10449,7202,treino
10450,7700,treino
10451,7613,treino
10453,7706,treino
10455,7703,teste
10456,7206,treino
10457,7621,treino
10458,7618,validacao
10459,7711,validacao
10460,7624,treino
10461,7713,treino
10462,7198,treino
10463,7717,treino
10466,7185,teste
10467,7195,treino
10468,7723,treino
10469,7720,treino
10470,7627,validacao
10471,7630,treino
10472,7726,treino
10473,7634,teste
10474,7733,treino
10475,7638,treino
10478,7235,teste
10479,7265,treino
10480,7246,treino
10481,7232,treino
10482,7249,treino
10483,7241,validacao
10484,7736,treino
10485,7640,treino
10486,7644,treino
10487,7742,treino
10488,7739,treino
10489,7647,validacao
10490,7259,teste
10491,7212,treino
10492,7209,treino
10493,7744,treino
10494,7650,treino
10496,7750,teste
10498,7226,validacao
10499,7655,teste
10500,7753,treino
10501,7658,treino
10502,7262,treino
10503,7238,treino
10504,7661,treino
10505,7755,treino
10506,7759,treino
10507,7664,validacao
10509,7252,treino
10510,7229,treino
10511,7288,teste
10513,7762,validacao
10514,7667,teste
10515,7765,validacao
10516,7270,treino
10517,7770,validacao
10518,7675,treino
10519,7672,treino
10520,7776,teste
10521,7772,treino
10522,7281,treino
10523,7276,treino
10526,7678,teste
10527,7779,treino
10528,7285,treino
10529,7319,validacao
10530,7279,teste
10531,7302,treino
10532,7681,treino
10533,7781,treino
10534,7293,treino
10535,7686,validacao
10536,7689,treino
10537,7787,teste
10538,7790,treino
10541,7793,teste
10542,7692,treino
10543,7313,teste
10544,7315,teste
10545,7273,validacao
10546,7336,teste
10547,7695,treino
10548,7796,validacao
10549,30934,treino
10550,7799,treino
10553,7706,treino
10554,7801,treino
10555,7703,teste
10556,7807,treino
10557,7296,teste
10558,7711,validacao
10559,7810,validacao
10560,7713,treino
10561,7308,treino
10562,7345,teste
10563,30709,validacao
10564,7299,treino
10567,7717,treino
10568,7813,teste
10569,7339,treino
10570,30750,treino
10571,30632,treino
10572,7723,treino
10573,7720,treino
10574,7815,treino
10575,7819,validacao
10576,7726,treino
10577,7824,treino
10578,7305,teste
10579,31174,treino
10580,7348,treino
10581,7365,teste
10582,7356,treino
10583,7733,treino
10586,7827,teste
10587,7328,treino
10588,7325,treino
10589,7736,treino
10590,7830,treino
10591,7832,treino
10592,7742,treino
10593,7739,treino
10594,7332,teste
10595,7373,treino
10596,7322,treino
10597,7836,validacao
10598,7744,treino
10601,7750,teste
10602,7841,treino
10603,7753,treino
10604,7843,validacao
10605,7847,teste
10606,31352,treino
10607,7385,validacao
10608,7755,treino
10609,7850,validacao
10612,7759,treino
10613,7853,treino
10614,7762,validacao
10615,7362,teste
10616,7382,teste
10617,7856,treino
10618,7765,validacao
10619,31209,treino
10620,7863,treino
10621,7861,teste
10622,7770,validacao
10625,7867,treino
10626,7776,teste
10627,7772,treino
10628,7342,teste
10629,7353,treino
10630,7870,treino
10631,7779,treino
10632,7873,treino
10633,7368,validacao
10634,7393,treino
10635,7359,treino
10636,7396,treino
10637,7379,treino
10638,7781,treino
10641,7876,teste
10642,7879,treino
10643,7787,teste
10644,7790,treino
10645,7883,treino
10646,7793,teste
10647,7887,treino
10648,7422,treino
10650,7796,validacao
10651,7890,teste
10653,7413,treino
10654,7376,validacao
10655,7893,treino
10656,7799,treino
10657,7895,teste
10658,7801,treino
10659,7899,treino
10660,7807,treino
10663,7904,treino
10664,7810,validacao
10665,7387,treino
10666,7425,treino
10667,7907,treino
10668,7813,teste
10669,7910,treino
10670,7409,treino
10671,7399,treino
10672,7913,treino
10673,7815,treino
10674,7819,validacao
10677,7916,validacao
10678,7824,treino
10679,7402,treino
10680,7923,validacao
10681,7926,validacao
10682,7827,teste
10683,7415,treino
10684,7405,treino
10685,7441,treino
10686,7430,treino
10687,7928,treino
10688,7830,treino
10689,7832,treino
10692,7932,validacao
10693,7419,treino
10694,7836,validacao
10695,7935,treino
10696,7841,treino
10697,7446,teste
10698,7943,validacao
10701,7843,validacao
10702,7940,treino
10703,7940,treino
10704,7940,treino
10705,7847,teste
10706,7455,treino
10707,7452,treino
10708,7940,treino
10709,7850,validacao
10710,7940,treino
10711,7940,treino
10712,7940,treino
10713,7940,treino
10714,7940,treino
10715,7853,treino
10716,7458,treino
10717,7462,treino
10718,7433,teste
10719,7436,teste
10720,7946,validacao
10723,7856,treino
10724,7949,treino
10725,7863,treino
10726,7954,teste
10727,7861,teste
10728,7867,treino
10729,7957,treino
10730,7444,treino
10731,7870,treino
10732,7960,treino
10735,7873,treino
10736,7963,treino
10737,7966,treino
10738,7475,treino
10739,7876,teste
10740,7969,teste
10741,7879,treino
10742,7494,treino
10743,7469,treino
10744,7883,treino
10745,7974,treino
10748,7887,treino
10749,7976,teste
10750,7980,treino
10751,7983,treino
10752,7890,teste
10753,7507,treino
10754,7486,teste
10755,7504,treino
10756,7986,treino
10757,7893,treino
10758,7895,teste
10761,31102,validacao
10763,7989,validacao
10764,7899,treino
10765,7994,treino
10766,7466,treino
10767,7478,treino
10768,7904,treino
10769,7996,teste
10770,8000,treino
10771,7907,treino
10772,7910,treino
10775,8003,treino
10776,7913,treino
10777,7513,validacao
10778,8006,teste
10779,8009,treino
10780,7916,validacao
10781,8014,teste
10782,7497,teste
10783,7491,treino
10784,7472,teste
10787,7923,validacao
10788,7926,validacao
10789,8016,treino
10790,7536,validacao
10791,7928,treino
10792,8020,treino
10793,8022,treino
10794,7932,validacao
10795,7524,treino
10796,7516,treino
10797,7482,validacao
10798,8026,treino
10801,7935,treino
10802,8031,treino
10803,7509,validacao
10804,7943,validacao
10805,8034,teste
10806,8037,teste
10807,8040,validacao
10808,7544,treino
10811,7940,treino
10812,8043,treino
10813,7550,teste
10814,7541,teste
10815,7553,teste
10816,7946,validacao
10817,8045,teste
10818,7949,treino
10819,7954,teste
10820,8051,treino
10821,8054,treino
10822,7526,treino
10823,7569,teste
10826,7957,treino
10827,8057,teste
10828,7555,treino
10829,7567,teste
10830,7521,treino
10831,7960,treino
10832,8059,treino
10833,7963,treino
10834,7966,treino
10835,7533,treino
10836,7547,validacao
10837,8063,teste
10838,8066,validacao
10841,7969,teste
10842,8069,teste
10843,7590,treino
10844,7530,treino
10845,7561,teste
10846,7974,treino
10847,8074,treino
10848,7976,teste
10849,7980,treino
10850,8076,treino
10851,7983,treino
10854,8080,treino
10855,8083,teste
10856,7986,treino
10857,7564,treino
10858,8086,treino
10859,7989,validacao
10860,7994,treino
10861,7581,teste
10862,8091,treino
10863,7996,teste
10866,8094,validacao
10867,8096,treino
10868,7578,treino
10869,8000,treino
10870,8003,treino
10871,7592,validacao
10872,7624,treino
10873,8006,teste
10874,8100,treino
10875,8009,treino
10878,8105,treino
10879,8014,teste
10880,7573,validacao
10881,8108,teste
10882,8016,treino
10883,8111,treino
10884,7598,treino
10885,7630,treino
10886,8020,treino
10887,8114,validacao
10890,8022,treino
10891,8026,treino
10892,8116,treino
10893,7618,validacao
10894,8031,treino
10895,8120,treino
10896,8125,treino
10897,7587,treino
10898,7601,teste
10899,7613,treino
10900,7647,validacao
10901,8034,teste
10904,8128,validacao
10905,8037,teste
10906,8040,validacao
10907,7610,treino
10908,7640,treino
10909,7604,teste
10910,8132,teste
10911,8043,treino
10912,8136,teste
10913,7655,teste
10914,7607,teste
10915,8139,treino
10916,8045,teste
10917,8142,treino
10920,8051,treino
10921,8054,treino
10922,7638,treino
10923,7621,treino
10924,7644,treino
10925,8147,treino
10926,8057,teste
10927,7661,treino
10928,8059,treino
10931,8153,teste
10932,8150,treino
10933,8063,teste
10934,7634,teste
10935,7667,teste
10936,8066,validacao
10937,8156,teste
10938,8069,teste
10939,8161,treino
10940,8074,treino
10943,8167,treino
10944,8164,teste
10945,8076,treino
10946,7627,validacao
10947,7678,teste
10948,7664,validacao
10949,8080,treino
10950,8083,teste
10951,8170,teste
10952,7658,treino
10953,8173,teste
10954,8086,treino
10957,7689,treino
10958,8178,validacao
10959,8091,treino
10960,8181,treino
10961,8184,teste
10962,8094,validacao
10963,8096,treino
10964,7675,treino
10965,7650,treino
10968,8187,teste
10969,7686,validacao
10970,8190,validacao
10971,8100,treino
10972,8193,treino
10973,8196,treino
10974,8105,treino
10975,7726,treino
10976,7717,treino
10977,8108,teste
10978,8201,treino
10981,8111,treino
10982,8204,validacao
10983,8114,validacao
10984,8207,validacao
10985,8210,treino
10986,8116,treino
10987,7742,treino
10988,7703,teste
10989,8120,treino
10990,8125,treino
10991,8213,treino
10992,7733,treino
10993,7736,treino
10994,7672,treino
10995,8128,validacao
10996,8218,treino
10997,8132,teste
10998,7681,treino
10999,7713,treino
11000,7711,validacao
11001,7755,treino
11002,7692,treino
11003,8226,treino
11004,8223,treino
11005,8136,teste
11006,8229,treino
11007,7700,treino
11008,7762,validacao
11009,7723,treino
11010,7759,treino
11011,8139,treino
11012,8142,treino
11013,8147,treino
11014,7695,treino
11015,7706,treino
11016,7765,validacao
11017,8234,treino
11018,8237,treino
11019,8240,teste
11020,7739,treino
11021,7753,treino
11022,8153,teste
11023,8150,treino
11024,8243,teste
11025,7720,treino
11026,8156,teste
11027,8161,treino
11028,8251,treino
11029,7781,treino
11030,7750,teste
11031,8246,treino
11032,8246,treino
11033,8167,treino
11034,8164,teste
11035,7790,treino
11036,8253,treino
11037,8170,teste
11038,7796,validacao
11039,8173,teste
11040,8259,treino
11041,8178,validacao
11042,8262,treino
11043,7744,treino
11044,8181,treino
11045,8259,treino
11046,8259,treino
11047,8184,teste
11048,8269,treino
11049,7807,treino
11050,7799,treino
11051,7787,teste
11052,7810,validacao
11053,8259,treino
11055,8272,treino
11056,8187,teste
11057,8259,treino
11058,8259,treino
11059,8190,validacao
11060,7772,treino
11061,7776,teste
11062,7779,treino
11063,7815,treino
11064,8275,validacao
11065,8193,treino
11066,8259,treino
11067,8196,treino
11068,7813,teste
11069,8280,treino
11070,8259,treino
11071,8201,treino
11072,8259,treino
11074,8204,validacao
11075,7770,validacao
11076,8283,treino
11077,8207,validacao
11078,8210,treino
11079,7793,teste
11080,7801,treino
11081,7832,treino
11082,8286,treino
11083,8289,teste
11084,8213,treino
11085,7824,treino
11086,8218,treino
11087,8294,treino
11088,8226,treino
11089,8223,treino
11090,8294,treino
11091,8297,treino
11092,8229,treino
11093,7843,validacao
11094,7853,treino
11095,8299,treino
11096,7827,teste
11097,7830,treino
11098,8234,treino
11099,8305,teste
11100,8237,treino
11101,8311,validacao
11102,8240,teste
11103,8308,treino
11104,7850,validacao
11105,8243,teste
11106,8313,treino
11107,7819,validacao
11108,7867,treino
11109,8317,treino
11110,8251,treino
11111,7873,treino
11112,7847,teste
11113,7863,treino
11114,8322,teste
11115,8325,validacao
11116,8328,treino
11117,7870,treino
11118,7841,treino
11119,7856,treino
11120,8253,treino
11121,8331,validacao
11122,7836,validacao
11123,7895,teste
11124,8339,teste
11125,8262,treino
11126,8336,treino
11127,8269,treino
11128,7904,treino
11129,8272,treino
11130,8342,validacao
11131,8345,teste
11132,8275,validacao
11133,8348,teste
11134,8353,treino
11135,8280,treino
11136,7916,validacao
11137,7861,teste
11138,7893,treino
11139,8259,treino
11140,8356,treino
11141,8283,treino
11142,7887,treino
11143,7883,treino
11144,8359,treino
11145,8362,teste
11146,7899,treino
11147,7923,validacao
11148,8286,treino
11149,8365,treino
11150,8289,teste
11151,8370,treino
11152,7926,validacao
11153,7910,treino
11154,8373,treino
11155,7928,treino
11156,7913,treino
11157,7879,treino
11158,7876,teste
11159,7935,treino
11160,8375,treino
11161,8379,teste
11162,8297,treino
11163,8299,treino
11164,7890,teste
11165,8382,treino
11166,8387,validacao
11167,8305,teste
11168,7940,treino
11169,7943,validacao
11170,8393,treino
11171,8390,treino
11172,8311,validacao
11173,8308,treino
11174,8313,treino
11175,8395,validacao
11176,7907,treino
11177,8317,treino
11178,8401,treino
11179,8322,teste
11180,7932,validacao
11181,7954,teste
11182,8325,validacao
11183,8404,treino
11184,8328,treino
11185,7946,validacao
11186,8331,validacao
11187,8414,treino
11188,7969,teste
11189,7949,treino
11190,8409,treino
11191,8339,teste
11192,8420,treino
11193,8336,treino
11194,8425,validacao
11195,7976,teste
11196,7989,validacao
11197,7983,treino
11198,8342,validacao
11199,8429,treino
11200,8431,treino
11201,8345,teste
11202,8435,treino
11203,7960,treino
11204,7957,treino
11205,8348,teste
11206,8440,treino
11207,8353,treino
11208,7994,treino
11209,7996,teste
11210,8014,teste
11211,7980,treino
11212,8003,treino
11213,8442,teste
11214,8356,treino
11215,8446,validacao
11216,8449,treino
11217,7986,treino
11218,7966,treino
11219,8359,treino
11220,8452,validacao
11221,8362,teste
11222,8006,teste
11223,8016,treino
11224,7963,treino
11225,8365,treino
11226,8455,teste
11227,8370,treino
11228,8460,teste
11229,8031,treino
11230,7974,treino
11231,8463,validacao
11232,8373,treino
11233,8466,treino
11234,8375,treino
11235,8469,treino
11236,8379,teste
11237,8471,treino
11238,8382,treino
11239,8387,validacao
11240,8477,teste
11241,8480,validacao
11242,8000,treino
11243,8045,teste
11244,8393,treino
11245,8390,treino
11246,8482,teste
11247,8486,teste
11248,8009,treino
11249,8040,validacao
11250,8395,validacao
11251,8489,treino
11252,8492,treino
11253,8057,teste
11254,8497,teste
11255,8401,treino
11256,8020,treino
11257,8063,teste
11258,8037,teste
11259,8054,treino
11260,8404,treino
11261,8500,treino
11262,8074,treino
11263,8503,treino
11264,8506,treino
11265,8508,teste
11266,8414,treino
11267,8409,treino
11268,8022,treino
11269,8034,teste
11270,8514,treino
11271,8420,treino
11272,8076,treino
11273,8026,treino
11274,8083,teste
11275,8517,validacao
11276,8425,validacao
11277,8520,teste
11278,8522,treino
11279,8043,treino
11280,8066,validacao
11281,8429,treino
11282,8431,treino
11283,8526,teste
11284,8435,treino
11285,8096,treino
11286,8529,teste
11287,8440,treino
11288,8534,treino
11289,8537,validacao
11290,8100,treino
11291,8051,treino
11292,8069,teste
11293,8442,teste
11294,8540,treino
11295,8446,validacao
11296,8449,treino
11297,8543,treino
11298,8452,validacao
11299,8546,treino
11300,8094,validacao
11301,8116,treino
11302,8059,treino
11303,8549,validacao
11304,8455,teste
11305,8460,teste
11306,8554,treino
11307,8120,treino
11308,8463,validacao
11309,8466,treino
11310,8559,treino
11311,8080,treino
11312,8086,treino
11313,8469,treino
11314,8562,treino
11315,8564,validacao
11316,8471,treino
11317,8567,treino
11318,8114,validacao
11319,8108,teste
11320,8111,treino
11321,8477,teste
11322,8573,treino
11323,8480,validacao
11324,8578,treino
11325,8482,teste
11326,8581,treino
11327,8586,treino
11328,8486,teste
11329,8125,treino
11330,8091,treino
11331,8589,treino
11332,8489,treino
11333,8492,treino
11334,8105,treino
11335,8592,treino
11336,8497,teste
11337,8597,treino
11338,8600,treino
11339,8156,teste
11340,8500,treino
11341,8603,treino
11342,8503,treino
11343,8506,treino
11344,8608,treino
11345,8508,teste
11346,8610,treino
11347,8136,teste
11348,8128,validacao
11349,8150,treino
11350,8161,treino
11351,8142,treino
11352,8147,treino
11353,8619,treino
11354,8616,treino
11355,8514,treino
11356,8622,teste
11357,8517,validacao
11358,8520,teste
11359,8625,treino
11360,8522,treino
11361,8526,teste
11362,8628,validacao
11363,8631,treino
11364,8132,teste
11365,8634,treino
11366,8529,teste
11367,8534,treino
11368,8639,treino
11369,8537,validacao
11370,8187,teste
11371,8193,treino
11372,8153,teste
11373,8139,treino
11374,8642,validacao
11375,8540,treino
11376,8645,treino
11377,8178,validacao
11378,8164,teste
11379,8543,treino
11380,8647,teste
11381,8651,treino
11382,8546,treino
11383,8549,validacao
11384,8656,treino
11385,8554,treino
11386,8658,treino
11387,8196,treino
11388,8559,treino
11389,8662,teste
11390,8667,treino
11391,8562,treino
11392,8201,treino
11393,8167,treino
11394,8173,teste
11395,8670,validacao
11396,8564,validacao
11397,8567,treino
11398,8673,validacao
11399,8181,treino
11400,8170,teste
11401,8204,validacao
11402,8573,treino
11403,8678,treino
11404,8681,treino
11405,8684,treino
11406,8229,treino
11407,8184,teste
11408,8578,treino
11409,8581,treino
11410,8687,treino
11411,8586,treino
11412,8207,validacao
11413,8237,treino
11414,8690,teste
11415,8589,treino
11416,8592,treino
11417,8693,teste
11418,8234,treino
11419,8190,validacao
11420,8698,teste
11421,8597,treino
11422,8701,teste
11423,8600,treino
11424,8243,teste
11425,8603,treino
11426,8704,treino
11427,8608,treino
11428,7584,teste
11429,8210,treino
11430,8213,treino
11431,8706,validacao
11432,8610,treino
11433,8710,treino
11434,8713,treino
11435,8218,treino
11436,8616,treino
11437,8619,treino
11438,8718,treino
11439,8622,teste
11440,8223,treino
11441,8721,validacao
11442,8625,treino
11443,8724,teste
11444,8269,treino
11445,8240,teste
11446,8628,validacao
11447,8730,teste
11448,8727,treino
11449,8631,treino
11450,8634,treino
11451,8226,treino
11452,8246,treino
11453,8733,teste
11454,8639,treino
11455,8737,treino
11456,8275,validacao
11457,8642,validacao
11458,8741,treino
11459,8746,treino
11460,8645,treino
11461,8749,teste
11462,8262,treino
11463,8647,teste
11464,8651,treino
11465,8752,treino
11466,8251,treino
11467,8656,treino
11468,8757,validacao
11469,8658,treino
11470,8760,teste
11471,8763,treino
11472,8662,teste
11473,8667,treino
11474,8766,treino
11475,8670,validacao
11476,8253,treino
11477,8769,treino
11478,8673,validacao
11479,8283,treino
11480,8774,treino
11481,8772,teste
11482,29058,treino
11483,8678,treino
11484,8780,validacao
11485,8681,treino
11486,8684,treino
11487,8289,teste
11488,8297,treino
11489,8783,treino
11490,8687,treino
11491,8272,treino
11492,8786,treino
11493,8690,teste
11494,8789,treino
11495,8794,validacao
11496,8693,teste
11497,8308,treino
11498,8698,teste
11499,8799,treino
11500,8701,teste
11501,8802,teste
11502,8280,treino
11503,8286,treino
11504,8259,treino
11505,8704,treino
11506,8805,treino
11507,8706,validacao
11508,8811,teste
11509,8808,treino
11510,8710,treino
11511,8713,treino
11512,8824,treino
11513,8718,treino
11514,8827,treino
11515,8721,validacao
11516,8294,treino
11517,8311,validacao
11518,8830,treino
11519,8724,teste
11520,8833,treino
11521,8313,treino
11522,8305,teste
11523,8836,treino
11524,8727,treino
11525,8730,teste
11526,8839,teste
11527,8733,teste
11528,8328,treino
11529,8844,treino
11530,8737,treino
11531,8342,validacao
11532,8846,treino
11533,8849,validacao
11534,8741,treino
11535,8746,treino
11536,8853,validacao
11537,8749,teste
11538,8299,treino
11539,8856,treino
11540,8752,treino
11541,8345,teste
11542,8861,treino
11543,8757,validacao
11544,8864,treino
11545,8866,validacao
11546,8760,teste
11547,8763,treino
11548,8317,treino
11549,8353,treino
11550,8325,validacao
11551,8870,treino
11552,8766,treino
11553,8873,treino
11554,8331,validacao
11555,8348,teste
11556,8322,teste
11557,8769,treino
11558,8876,teste
11559,8879,treino
11560,8772,teste
11561,8774,treino
11562,8362,teste
11563,8370,treino
11564,8339,teste
11565,8883,treino
11566,8780,validacao
11567,8887,validacao
11568,8373,treino
11569,8336,treino
11570,8365,treino
11571,8783,treino
11572,8890,teste
11573,8786,treino
11574,8379,teste
11575,8789,treino
11576,8896,treino
11577,8893,treino
11578,8794,validacao
11579,8901,validacao
11580,8799,treino
11581,8904,teste
11582,8802,teste
11583,8359,treino
11584,8375,treino
11585,8907,treino
11586,8805,treino
11587,8910,treino
11588,8387,validacao
11589,8382,treino
11590,8913,treino
11591,8811,teste
11592,8808,treino
11593,8916,validacao
11594,8824,treino
11595,8356,treino
11596,8921,treino
11597,8827,treino
11598,8924,teste
11599,8401,treino
11600,8927,treino
11601,8830,treino
11602,8833,treino
11603,8930,validacao
11604,8836,treino
11605,8393,treino
11606,8420,treino
11607,8390,treino
11608,8933,treino
11609,8839,teste
11610,8938,treino
11611,8941,treino
11612,8844,treino
11613,8944,validacao
11614,8846,treino
11615,8404,treino
11616,8849,validacao
11617,8947,treino
11618,8853,validacao
11619,8395,validacao
11620,8949,treino
11621,8953,treino
11622,8856,treino
11623,8409,treino
11624,8435,treino
11625,8861,treino
11626,8958,teste
11627,8864,treino
11628,8866,validacao
11629,8442,teste
11630,8452,validacao
11631,8961,teste
11632,8870,treino
11633,8964,validacao
11634,8873,treino
11635,8414,treino
11636,8967,treino
11637,8876,teste
11638,8969,treino
11639,8879,treino
11640,8446,validacao
11641,8449,treino
11642,8425,validacao
11643,8883,treino
11644,29055,treino
11645,8975,treino
11646,8887,validacao
11647,8431,treino
11648,8981,treino
11649,8978,validacao
11650,8890,teste
11651,8984,validacao
11652,8440,treino
11653,8429,treino
11654,8471,treino
11655,8896,treino
11656,8893,treino
11657,8987,treino
11658,8989,teste
11659,8901,validacao
11660,8486,teste
11661,8995,teste
11662,8998,teste
11663,8904,teste
11664,8469,treino
11665,8480,validacao
11666,8477,teste
11667,9001,treino
11668,8907,treino
11669,8910,treino
11670,9003,teste
11671,8913,treino
11672,8460,teste
11673,9006,treino
11674,9010,teste
11675,8916,validacao
11676,8489,treino
11677,8455,teste
11678,9015,treino
11679,8921,treino
11680,8924,teste
11681,9018,treino
11682,8927,treino
11683,8500,treino
11684,9021,validacao
11685,8930,validacao
11686,8482,teste
11687,8466,treino
11688,8463,validacao
11689,8508,teste
11690,9024,treino
11691,9027,treino
11692,8933,treino
11693,9030,teste
11694,8941,treino
11695,8938,treino
11696,9035,teste
11697,8944,validacao
11698,8503,treino
11699,9038,validacao
11700,29053,treino
11701,9041,treino
11702,8947,treino
11703,9044,validacao
11704,8492,treino
11705,8506,treino
11706,8534,treino
11707,8949,treino
11708,8953,treino
11709,9047,treino
11710,8514,treino
11711,8958,teste
11712,9052,treino
11713,9055,treino
11714,9055,treino
11715,9055,treino
11716,9055,treino
11717,9055,treino
11718,9058,teste
11719,8961,teste
11720,9061,treino
11721,8526,teste
11722,8529,teste
11723,8497,teste
11724,9055,treino
11725,8964,validacao
11726,9055,treino
11727,9055,treino
11728,9055,treino
11729,9055,treino
11730,9064,validacao
11731,9055,treino
11732,9055,treino
11733,8967,treino
11734,9055,treino
11735,9055,treino
11736,8546,treino
11737,8543,treino
11738,8517,validacao
11739,9055,treino
11740,9055,treino
11741,9067,treino
11742,9055,treino
11743,9055,treino
11744,9055,treino
11745,8969,treino
11746,9055,treino
11747,9055,treino
11748,8540,treino
11749,9072,teste
11750,9055,treino
11751,9055,treino
11752,9055,treino
11753,8975,treino
11754,9077,treino
11755,9055,treino
11756,9055,treino
11757,9080,treino
11758,8981,treino
11760,8522,treino
11761,8559,treino
11763,8978,validacao
11764,9055,treino
11766,8984,validacao
11768,9083,teste
11769,9055,treino
11770,9055,treino
11771,9055,treino
11772,8520,teste
11773,8562,treino
11774,9055,treino
11775,8987,treino
11776,9055,treino
11777,9055,treino
11778,9086,treino
11779,9055,treino
11780,9055,treino
11781,8989,teste
11782,9055,treino
11783,9093,treino
11784,9055,treino
11785,8554,treino
11786,9098,treino
11787,8995,teste
11788,8998,teste
11789,9103,treino
11790,9001,treino
11791,9106,teste
11792,9109,validacao
11793,9109,validacao
11794,9003,teste
11795,9109,validacao
11796,9109,validacao
11797,9109,validacao
11798,9112,teste
11799,8586,treino
11800,9115,treino
11801,9109,validacao
11802,9006,treino
11803,9109,validacao
11804,9010,teste
11806,9117,treino
11807,8592,treino
11808,8549,validacao
11809,8573,treino
11810,8537,validacao
11811,9015,treino
11812,9123,teste
11813,9018,treino
11814,9129,treino
11815,9129,treino
11816,9129,treino
11817,9129,treino
11818,9129,treino
11819,8578,treino
11820,8589,treino
11821,8581,treino
11822,8564,validacao
11823,9126,validacao
11824,9129,treino
11825,9132,validacao
11826,9021,validacao
11827,9129,treino
11828,9129,treino
11829,9129,treino
11830,9135,treino
11831,9129,treino
11832,9129,treino
11833,9129,treino
11834,9129,treino
11835,9129,treino
11836,9027,treino
11837,8619,treino
11838,8610,treino
11839,8597,treino
11840,8616,treino
11841,9024,treino
11842,9129,treino
11843,9129,treino
11844,9129,treino
11845,9129,treino
11846,9138,treino
11847,9129,treino
11848,9129,treino
11849,9129,treino
11850,9030,teste
11851,8567,treino
11852,9143,validacao
11853,9035,teste
11854,9146,validacao
11855,9149,treino
11856,9038,validacao
11857,8625,treino
11858,8608,treino
11859,8600,treino
11860,8622,teste
11861,9041,treino
11862,9152,validacao
11863,9044,validacao
11864,8642,validacao
11865,9154,teste
11866,9047,treino
11867,9162,treino
11868,9157,treino
11869,8634,treino
11870,9052,treino
11871,9165,validacao
11872,9058,teste
11873,9061,treino
11874,8603,treino
11875,9173,treino
11876,9064,validacao
11877,9176,validacao
11878,9179,treino
11879,9067,treino
11880,9182,treino
11881,9072,teste
11882,8678,treino
11883,9187,teste
11884,9077,treino
11885,9080,treino
11886,9190,validacao
11887,8628,validacao
11888,8631,treino
11889,8670,validacao
11890,9193,treino
11891,9083,teste
11892,9196,treino
11893,8690,teste
11894,8673,validacao
11895,8656,treino
11896,9199,validacao
11897,9086,treino
11898,9093,treino
11899,9204,treino
11900,9098,treino
11901,8667,treino
11902,8684,treino
11903,29058,treino
11904,9207,validacao
11905,9103,treino
11906,9210,treino
11907,8645,treino
11908,8658,treino
11909,8647,teste
11910,8639,treino
11911,8681,treino
11912,8687,treino
11913,9213,treino
11914,9106,teste
11915,9112,teste
11916,9115,treino
11917,8651,treino
11918,9216,treino
11919,9109,validacao
11920,9117,treino
11921,9221,teste
11922,8710,treino
11923,8662,teste
11924,9224,treino
11925,9123,teste
11926,9126,validacao
11927,8721,validacao
11928,9226,treino
11929,9132,validacao
11930,9135,treino
11931,8693,teste
11932,9232,teste
11933,9138,treino
11934,9237,treino
11935,9143,validacao
11936,9243,teste
11937,9247,validacao
11938,8704,treino
11939,8724,teste
11940,8733,teste
11941,9247,validacao
11942,9247,validacao
11943,9247,validacao
11944,9247,validacao
11945,9146,validacao
11946,9249,treino
11947,9149,treino
11948,8698,teste
11949,9252,teste
11950,9152,validacao
11951,9256,validacao
11952,9154,teste
11953,8701,teste
11954,9259,treino
11955,9262,treino
11956,9266,teste
11957,9162,treino
11958,9266,teste
11959,9266,teste
11960,9157,treino
11961,9266,teste
11962,9266,teste
11963,9270,validacao
11964,9165,validacao
11965,9273,teste
11966,9173,treino
11967,8706,validacao
11968,8713,treino
11969,8737,treino
11970,9279,treino
11971,9276,treino
11972,9176,validacao
11973,9179,treino
11974,8766,treino
11975,8730,teste
11976,9285,validacao
11977,9282,validacao
11978,9285,validacao
11979,9285,validacao
11980,9285,validacao
11981,9182,treino
11982,9285,validacao
11983,9290,validacao
11984,8760,teste
11985,8727,treino
11986,8718,treino
11987,8741,treino
11988,9187,teste
11989,9293,treino
11990,9190,validacao
11991,9296,treino
11992,9193,treino
11993,9299,treino
11994,9196,treino
11995,9305,validacao
11996,9305,validacao
11997,9302,treino
11998,9305,validacao
11999,9305,validacao
12000,9305,validacao
12001,9199,validacao
12002,8752,treino
12003,8769,treino
12004,8789,treino
12005,9204,treino
12006,9308,validacao
12007,9207,validacao
12008,9313,treino
12009,9316,treino
12010,9210,treino
12011,8802,teste
12012,8746,treino
12013,8749,teste
12014,9213,treino
12015,9319,validacao
12016,9322,treino
12017,9322,treino
12018,9322,treino
12019,9322,treino
12020,9322,treino
12021,9325,teste
12022,8757,validacao
12023,9216,treino
12024,9328,teste
12025,29054,treino
12026,9221,teste
12027,9224,treino
12028,8808,treino
12029,8763,treino
12030,8786,treino
12031,9336,treino
12032,9342,treino
12033,9333,teste
12034,9342,treino
12035,9342,treino
12036,9226,treino
12037,9339,validacao
12038,9342,treino
12039,9342,treino
12040,8772,teste
12041,8805,treino
12042,9333,teste
12043,9345,treino
12044,9232,teste
12045,8780,validacao
12046,8774,treino
12047,9348,treino
12048,9237,treino
12049,9243,teste
12050,9353,teste
12051,8783,treino
12052,9356,treino
12053,9249,treino
12054,9356,treino
12055,9356,treino
12056,9356,treino
12057,9356,treino
12058,9362,treino
12059,9359,treino
12060,9252,teste
12061,8839,teste
12062,8833,treino
12063,8799,treino
12064,9365,treino
12065,9256,validacao
12066,9259,treino
12067,8827,treino
12068,9368,validacao
12069,9262,treino
12070,9270,validacao
12071,9376,teste
12072,8811,teste
12073,8794,validacao
12074,9376,teste
12075,9376,teste
12076,9373,teste
12077,9376,teste
12078,9376,teste
12079,9379,treino
12080,9273,teste
12081,9382,treino
12082,8849,validacao
12083,9279,treino
12084,9276,treino
12085,9385,treino
12086,8861,treino
12087,8870,treino
12088,8824,treino
12089,8866,validacao
12090,9282,validacao
12091,9387,teste
12092,9393,teste
12093,9393,teste
12094,9393,teste
12095,9290,validacao
12096,9393,teste
12097,9395,treino
12098,9393,teste
12099,8830,treino
12100,9398,treino
12101,8864,treino
12102,9293,treino
12103,9402,teste
12104,8846,treino
12105,9296,treino
12106,9299,treino
12107,9405,validacao
12108,9302,treino
12109,9408,treino
12110,8836,treino
12111,9414,treino
12112,9414,treino
12113,9414,treino
12114,9411,treino
12115,9414,treino
12116,9414,treino
12117,9308,validacao
12118,9419,treino
12119,8853,validacao
12120,8876,teste
12121,9313,treino
12122,9422,teste
12123,9316,treino
12124,9425,treino
12125,8856,treino
12126,8879,treino
12127,8883,treino
12128,9319,validacao
12129,9325,teste
12130,9430,teste
12131,9436,treino
12132,9436,treino
12133,9436,treino
12134,9436,treino
12135,9436,treino
12136,8844,treino
12137,8901,validacao
12138,8910,treino
12139,8890,teste
12140,9433,treino
12141,9439,validacao
12142,9328,teste
12143,9444,treino
12144,9336,treino
12145,9447,treino
12146,9339,validacao
12147,8887,validacao
12148,9456,teste
12149,9456,teste
12150,9453,treino
12151,9345,treino
12152,9456,teste
12153,9456,teste
12154,9456,teste
12155,9450,treino
12156,9459,treino
12157,8904,teste
12158,8873,treino
12159,8893,treino
12160,9348,treino
12161,9464,teste
12162,9353,teste
12163,29055,treino
12164,9467,validacao
12165,9362,treino
12166,9359,treino
12167,9472,treino
12168,8916,validacao
12169,8930,validacao
12170,9472,treino
12171,9472,treino
12172,9470,validacao
12173,9472,treino
12174,9472,treino
12175,9365,treino
12176,9476,treino
12177,9479,validacao
12178,8907,treino
12179,8896,treino
12180,9368,validacao
12181,9484,treino
12182,8927,treino
12183,9373,teste
12184,9486,treino
12185,9379,treino
12186,9489,validacao
12187,9489,validacao
12188,9489,validacao
12189,9489,validacao
12190,9489,validacao
12191,9382,treino
12192,9493,treino
12193,8949,treino
12194,9495,treino
12195,9385,treino
12196,9498,treino
12197,8913,treino
12198,9502,treino
12199,9387,teste
12200,9395,treino
12201,9507,treino
12202,9398,treino
12203,8941,treino
12204,8924,teste
12205,9509,teste
12206,9509,teste
12207,9509,teste
12208,9509,teste
12209,9509,teste
12210,9402,teste
12211,9512,teste
12212,8958,teste
12213,8921,treino
12214,29051,treino
12215,9405,validacao
12216,9519,treino
12217,9516,teste
12218,9408,treino
12219,8933,treino
12220,8964,validacao
12221,9522,treino
12222,29053,treino
12223,9516,teste
12224,9411,treino
12225,9419,treino
12226,9527,treino
12227,9530,treino
12228,9530,treino
12229,9530,treino
12230,9530,treino
12231,9530,treino
12232,8975,treino
12233,8938,treino
12234,8944,validacao
12235,8978,validacao
12236,8987,treino
12237,8989,teste
12238,9422,teste
12239,9533,treino
12240,9425,treino
12241,9536,treino
12242,8961,teste
12243,8947,treino
12244,9539,treino
12245,9542,validacao
12246,9430,teste
12247,9433,treino
12248,9439,validacao
12249,9546,treino
12250,9552,treino
12251,9552,treino
12252,9552,treino
12253,9552,treino
12254,9552,treino
12255,9444,treino
12256,9556,treino
12257,9001,treino
12258,8953,treino
12259,8995,teste
12260,9447,treino
12261,9561,treino
12262,8998,teste
12263,8984,validacao
12264,9453,treino
12265,9565,validacao
12266,9450,treino
12267,9569,treino
12268,9459,treino
12269,9573,teste
12270,9003,teste
12271,8967,treino
12272,8969,treino
12273,9573,teste
12274,9010,teste
12275,9021,validacao
12276,9573,teste
12277,9573,teste
12278,9573,teste
12279,9577,validacao
12280,9464,teste
12281,8981,treino
12282,9055,treino
12283,9055,treino
12284,9055,treino
12285,9584,treino
12286,9467,validacao
12287,9588,treino
12288,9592,treino
12289,9470,validacao
12290,9006,treino
12291,9596,validacao
12292,9599,treino
12293,9599,treino
12294,9476,treino
12295,9599,treino
12296,9599,treino
12297,9599,treino
12298,9479,validacao
12299,9602,teste
12300,9484,treino
12301,9614,teste
12302,9610,teste
12303,9035,teste
12304,9129,treino
12305,9129,treino
12306,9129,treino
12307,9617,treino
12308,9486,treino
12309,9622,treino
12310,9493,treino
12311,9626,treino
12312,9038,validacao
12313,9626,treino
12314,9626,treino
12315,9495,treino
12316,9626,treino
12317,9626,treino
12318,9629,treino
12319,9498,treino
12320,9614,teste
12322,9633,treino
12323,9058,teste
12324,9502,treino
12325,9639,treino
12326,9642,treino
12327,9507,treino
12328,9647,teste
12329,9024,treino
12330,9015,treino
12331,9512,teste
12332,9655,treino
12333,9655,treino
12334,9651,treino
12335,9655,treino
12338,9655,treino
12339,9655,treino
12340,9027,treino
12341,9044,validacao
12342,9519,treino
12343,9659,validacao
12344,9663,treino
12345,9522,treino
12346,9018,treino
12347,9064,validacao
12348,9030,teste
12349,9668,teste
12350,9674,treino
12351,9527,treino
12354,9533,treino
12355,9683,validacao
12356,9679,treino
12357,9683,validacao
12358,9683,validacao
12359,9683,validacao
12360,9683,validacao
12361,9686,treino
12362,9536,treino
12363,9047,treino
12364,9691,teste
12365,9539,treino
12366,9694,teste
12367,9542,validacao
12370,9041,treino
12371,9080,treino
12372,9052,treino
12373,9106,teste
12374,9699,validacao
12375,9546,treino
12376,9706,treino
12377,9710,treino
12378,9710,treino
12379,9710,treino
12380,9556,treino
12381,9710,treino
12382,9710,treino
12383,9061,treino
12384,9713,treino
12385,9718,treino
12386,9561,treino
12389,9722,treino
12390,9086,treino
12391,9117,treino
12392,9565,validacao
12393,9726,teste
12394,9569,treino
12395,9083,teste
12396,9072,teste
12397,9730,teste
12398,9577,validacao
12399,9737,treino
12400,9737,treino
12401,9737,treino
12402,9737,treino
12405,9741,treino
12406,9584,treino
12407,9067,treino
12408,9749,teste
12409,9588,treino
12410,9592,treino
12411,9743,teste
12412,9753,treino
12413,9098,treino
12414,9112,teste
12415,9126,validacao
12416,9596,validacao
12417,9757,treino
12420,9760,treino
12421,9760,treino
12422,9602,teste
12423,9760,treino
12424,9760,treino
12425,9760,treino
12426,9138,treino
12427,9077,treino
12428,9093,treino
12429,9149,treino
12430,9765,treino
12431,9610,teste
12432,9772,validacao
12433,9617,treino
12434,9103,treino
12435,9622,treino
12436,9775,treino
12437,9780,treino
12440,9146,validacao
12441,9132,validacao
12442,9115,treino
12443,9123,teste
12444,9629,treino
12445,9788,treino
12446,9788,treino
12447,9788,treino
12448,9788,treino
12449,9788,treino
12450,9633,treino
12451,9784,treino
12452,9176,validacao
12453,9109,validacao
12454,9154,teste
12455,9639,treino
12456,9794,treino
12457,9642,treino
12460,9799,treino
12461,9647,teste
12462,9152,validacao
12463,9157,treino
12464,9803,teste
12465,9651,treino
12466,9807,treino
12467,9810,treino
12468,9810,treino
12469,9810,treino
12470,9135,treino
12471,9810,treino
12472,9143,validacao
12473,9179,treino
12474,9810,treino
12475,9659,validacao
12476,9815,treino
12479,9663,treino
12480,9668,teste
12481,9187,teste
12482,9823,treino
12483,9674,treino
12484,9165,validacao
12485,9679,treino
12486,9817,treino
12487,9830,treino
12488,9830,treino
12489,9830,treino
12490,9830,treino
12491,9830,treino
12493,9686,treino
12495,9832,treino
12496,9190,validacao
12497,9162,treino
12498,9691,teste
12499,9694,teste
12500,9842,treino
12501,9838,teste
12502,9699,validacao
12503,9845,treino
12504,9305,validacao
12505,9193,treino
12506,9173,treino
12507,9853,treino
12508,9706,treino
12511,9856,validacao
12512,9204,treino
12513,9216,treino
12514,9856,validacao
12515,9856,validacao
12516,9861,validacao
12517,9713,treino
12518,9856,validacao
12519,9856,validacao
12520,9718,treino
12521,9865,teste
12522,9722,treino
12523,9869,treino
12524,9196,treino
12525,9726,teste
12526,9873,treino
12529,9730,teste
12530,9221,teste
12531,9182,treino
12532,9876,treino
12533,9888,treino
12534,9888,treino
12535,9888,treino
12536,9741,treino
12537,9883,treino
12538,9888,treino
12539,9888,treino
12540,9892,treino
12541,9749,teste
12542,9896,treino
12545,9743,teste
12546,9753,treino
12547,9210,treino
12548,9207,validacao
12549,9900,teste
12550,9213,treino
12551,9757,treino
12552,9903,treino
12553,9765,treino
12554,9915,treino
12555,9915,treino
12556,9915,treino
12557,9908,teste
12558,9915,treino
12559,9915,treino
12560,9918,validacao
12563,9772,validacao
12564,9249,treino
12565,9256,validacao
12566,9923,validacao
12567,9775,treino
12568,9780,treino
12569,9927,treino
12570,9199,validacao
12571,9224,treino
12572,9243,teste
12573,9931,treino
12575,9784,treino
12577,9939,teste
12578,9939,teste
12579,9935,treino
12580,9939,teste
12581,9939,teste
12582,9939,teste
12583,9276,treino
12584,9232,teste
12585,9794,treino
12586,9946,treino
12587,9799,treino
12588,9803,teste
12589,9252,teste
12590,9247,validacao
12591,9237,treino
12592,9270,validacao
12593,29054,treino
12594,9266,teste
12595,9949,validacao
12597,9807,treino
12599,9954,treino
12600,9226,treino
12601,9958,treino
12602,9815,treino
12603,9962,validacao
12604,9962,validacao
12605,9962,validacao
12606,9962,validacao
12607,9962,validacao
12608,9966,validacao
12609,9823,treino
12610,9972,treino
12613,9817,treino
12614,9279,treino
12615,9293,treino
12616,9299,treino
12617,9975,treino
12618,9981,treino
12619,9832,treino
12620,9988,treino
12621,9988,treino
12622,9988,treino
12623,9302,treino
12624,9273,teste
12625,9313,treino
12626,9988,treino
12627,9988,treino
12628,9984,teste
12629,9842,treino
12630,9838,teste
12633,9845,treino
12634,9996,teste
12635,9259,treino
12636,9853,treino
12637,10003,teste
12638,10007,treino
12639,9861,validacao
12640,9285,validacao
12641,9308,validacao
12642,10010,teste
12643,10015,validacao
12644,10015,validacao
12645,10015,validacao
12646,9865,teste
12647,10015,validacao
12648,10015,validacao
12649,9869,treino
12652,9262,treino
12653,9290,validacao
12654,9316,treino
12655,9296,treino
12656,10019,treino
12657,9873,treino
12658,10027,treino
12659,9876,treino
12660,10023,treino
12661,9319,validacao
12662,10034,treino
12663,9883,treino
12664,9892,treino
12667,10042,treino
12668,9282,validacao
12669,9345,treino
12670,9339,validacao
12671,10038,treino
12672,10042,treino
12673,10042,treino
12674,10042,treino
12675,9896,treino
12676,10046,treino
12677,9900,teste
12678,9333,teste
12679,10054,treino
12680,9903,treino
12683,10048,teste
12684,9359,treino
12685,9908,teste
12686,10060,treino
12687,9918,validacao
12688,10065,validacao
12689,10065,validacao
12690,10065,validacao
12691,10065,validacao
12692,10065,validacao
12693,10069,treino
12694,9336,treino
12695,9923,validacao
12696,10072,treino
12699,9927,treino
12700,9342,treino
12701,9379,treino
12702,9931,treino
12703,10077,teste
12704,9935,treino
12705,9322,treino
12706,9365,treino
12707,10092,validacao
12708,10092,validacao
12709,10092,validacao
12710,10092,validacao
12711,10092,validacao
12712,10088,treino
12713,9946,treino
12716,10080,validacao
12717,9373,teste
12718,9325,teste
12719,9328,teste
12720,9362,treino
12721,10096,teste
12722,9949,validacao
12723,9954,treino
12724,10099,validacao
12725,9958,treino
12726,9356,treino
12727,9402,teste
12728,9472,treino
12729,10107,validacao
12730,9966,validacao
12731,10114,treino
12734,10114,treino
12735,10114,treino
12736,10114,treino
12737,10114,treino
12738,9348,treino
12739,10121,validacao
12740,9972,treino
12741,9975,treino
12742,9398,treino
12743,9376,teste
12744,9387,teste
12745,9393,teste
12746,10128,treino
12747,9981,treino
12748,10125,treino
12751,10133,teste
12752,9385,treino
12753,9414,treino
12754,9408,treino
12755,9353,teste
12756,9984,teste
12757,31102,validacao
12759,10141,treino
12760,10141,treino
12761,10141,treino
12762,10137,validacao
12763,10141,treino
12764,10141,treino
12765,9996,teste
12766,9422,teste
12767,9411,treino
12768,10147,treino
12769,10007,treino
12770,10003,teste
12773,9368,validacao
12774,10156,treino
12775,10151,treino
12776,10010,teste
12777,10163,treino
12778,10167,treino
12779,9395,treino
12780,10019,treino
12781,10167,treino
12782,10167,treino
12783,10167,treino
12784,10167,treino
12785,10027,treino
12786,10170,treino
12789,10023,treino
12790,9436,treino
12791,30179,teste
12792,30179,teste
12793,10178,teste
12794,10034,treino
12795,10182,treino
12796,10038,treino
12797,9447,treino
12798,9430,teste
12799,9382,treino
12800,9459,treino
12801,9419,treino
12802,10186,treino
12803,10190,treino
12804,10046,treino
12805,10190,treino
12807,10190,treino
12809,10190,treino
12810,10190,treino
12811,10194,teste
12812,9456,teste
12813,10054,treino
12814,10201,treino
12815,10048,teste
12816,10197,validacao
12817,9453,treino
12818,9405,validacao
12819,10060,treino
12820,10206,teste
12823,10069,treino
12824,9479,validacao
12825,10214,treino
12826,10214,treino
12827,10210,teste
12828,10214,treino
12829,10214,treino
12830,10214,treino
12831,10072,treino
12832,10217,treino
12833,9476,treino
12834,10221,teste
12835,10077,teste
12838,10226,validacao
12839,9425,treino
12840,9439,validacao
12841,9444,treino
12842,10088,treino
12843,10233,validacao
12844,10080,validacao
12845,10236,teste
12846,10236,teste
12847,10096,teste
12848,10236,teste
12849,9433,treino
12850,10236,teste
12851,10236,teste
12852,10241,treino
12853,10245,treino
12854,10099,validacao
12857,9507,treino
12858,9599,treino
12859,10249,teste
12860,10107,validacao
12861,10253,teste
12862,9509,teste
12863,9450,treino
12864,10121,validacao
12865,10260,treino
12866,10264,treino
12867,10268,teste
12868,10268,teste
12869,10268,teste
12870,10268,teste
12871,10268,teste
12874,10128,treino
12875,9489,validacao
12876,10272,treino
12877,10125,treino
12878,10133,teste
12879,10276,teste
12880,9467,validacao
12881,9464,teste
12882,9486,treino
12883,9493,treino
12884,10137,validacao
12885,10282,treino
12888,10286,treino
12889,9484,treino
12890,9546,treino
12891,9536,treino
12892,10297,teste
12893,10297,teste
12894,10294,treino
12895,10297,teste
12896,10147,treino
12897,10297,teste
12898,10297,teste
12899,10156,treino
12900,10302,treino
12901,9516,teste
12902,9470,validacao
12903,9522,treino
12904,10151,treino
12905,10306,treino
12908,10163,treino
12909,9539,treino
12910,9498,treino
12911,9495,treino
12912,9561,treino
12913,10310,treino
12914,10314,treino
12915,10170,treino
12916,10318,treino
12917,10318,treino
12918,10318,treino
12919,10318,treino
12920,10318,treino
12921,9502,treino
12922,9527,treino
12923,9519,treino
12924,10178,teste
12925,10325,treino
12926,10182,treino
12929,10328,validacao
12930,9552,treino
12931,10186,treino
12932,10333,treino
12933,10337,teste
12934,10194,teste
12935,9530,treino
12936,9577,validacao
12937,9588,treino
12938,9512,teste
12939,10344,validacao
12940,10348,validacao
12941,10348,validacao
12942,10348,validacao
12943,10348,validacao
12944,10348,validacao
12945,10201,treino
12948,10197,validacao
12949,10351,treino
12950,10358,treino
12951,10206,teste
12952,10363,validacao
12953,9565,validacao
12954,9573,teste
12955,10210,teste
12956,10367,validacao
12959,10217,treino
12960,10369,treino
12961,10369,treino
12962,10369,treino
12963,10369,treino
12964,9610,teste
12965,9602,teste
12966,9710,treino
12967,9533,treino
12968,9617,treino
12969,9556,treino
12970,10221,teste
12971,10369,treino
12972,10375,validacao
12973,10378,validacao
12974,10226,validacao
12975,10383,treino
12976,9542,validacao
12977,9596,validacao
12978,10390,teste
12979,10233,validacao
12982,10397,treino
12983,10241,treino
12984,9569,treino
12985,9647,teste
12986,10245,treino
12987,10401,treino
12988,10401,treino
12989,10401,treino
12990,10401,treino
12991,10401,treino
12992,10405,treino
12993,10249,teste
12994,9584,treino
12995,9651,treino
12996,9622,treino
12997,10412,validacao
12998,10415,validacao
13001,10253,teste
13002,10423,treino
13003,9639,treino
13004,10260,treino
13005,10264,treino
13006,10426,teste
13007,10272,treino
13008,9592,treino
13009,9668,teste
13010,10439,treino
13012,10439,treino
13013,10439,treino
13014,10439,treino
13015,10439,treino
13016,10434,treino
13017,10430,treino
13020,10276,teste
13021,10443,treino
13022,10282,treino
13023,10286,treino
13024,10447,validacao
13025,9655,treino
13026,9788,treino
13027,9691,teste
13028,9626,treino
13029,10294,treino
13030,10458,treino
13031,10458,treino
13032,10454,validacao
13033,10458,treino
13034,10458,treino
13035,10458,treino
13036,10462,teste
13037,10302,treino
13038,9629,treino
13039,9633,treino
13042,10466,teste
13043,10306,treino
13044,9694,teste
13045,9674,treino
13046,9642,treino
13047,10310,treino
13048,10469,treino
13049,10314,treino
13050,10473,validacao
13052,9713,treino
13053,9663,treino
13054,9699,validacao
13055,10484,treino
13056,10325,treino
13058,10481,teste
13059,10484,treino
13060,10484,treino
13061,10484,treino
13062,10484,treino
13063,10488,treino
13064,10328,validacao
13065,9683,validacao
13066,9686,treino
13067,9659,validacao
13068,10333,treino
13069,10337,teste
13070,10492,treino
13072,9749,teste
13073,9753,treino
13074,10344,validacao
13076,10497,treino
13077,10501,validacao
13078,10505,teste
13079,10505,teste
13080,10505,teste
13081,10505,teste
13082,10351,treino
13083,10505,teste
13084,9718,treino
13085,9679,treino
13086,10511,treino
13087,10358,treino
13088,10363,validacao
13089,10516,validacao
13092,9741,treino
13093,9730,teste
13094,9722,treino
13095,10367,validacao
13096,10520,teste
13097,10523,treino
13098,10375,validacao
13099,9772,validacao
13100,9757,treino
13101,9706,treino
13102,9726,teste
13103,10532,treino
13104,10532,treino
13105,10532,treino
13106,10532,treino
13107,10532,treino
13108,10527,treino
13109,10378,validacao
13110,10383,treino
13113,10390,teste
13114,10538,validacao
13115,10397,treino
13116,10543,treino
13117,10547,teste
13118,9765,treino
13119,10405,treino
13120,10551,validacao
13121,10554,treino
13122,10554,treino
13123,10554,treino
13124,10412,validacao
13125,10554,treino
13126,10554,treino
13127,9807,treino
13128,9780,treino
13131,10415,validacao
13132,10558,treino
13133,10423,treino
13134,9775,treino
13135,10565,teste
13136,10426,teste
13137,10570,treino
13140,9794,treino
13141,9817,treino
13142,10434,treino
13143,10430,treino
13144,10574,teste
13145,10576,treino
13146,10576,treino
13147,10576,treino
13148,10576,treino
13149,10576,treino
13150,10443,treino
13151,10582,treino
13152,9743,teste
13153,9830,treino
13154,10447,validacao
13155,10586,teste
13156,10591,teste
13158,9799,treino
13160,9760,treino
13161,10454,validacao
13162,10596,treino
13163,10462,teste
13164,10599,teste
13165,9853,treino
13166,10599,teste
13167,10599,teste
13168,10599,teste
13169,10599,teste
13170,10466,teste
13171,10604,teste
13172,9823,treino
13173,9815,treino
13174,9803,teste
13175,9784,treino
13176,10469,treino
13177,10608,treino
13178,10611,teste
13179,10473,validacao
13180,10616,treino
13181,10481,teste
13182,10623,treino
13183,10488,treino
13184,10627,treino
13185,10627,treino
13186,10627,treino
13187,10627,treino
13188,10627,treino
13189,9856,validacao
13190,10631,treino
13191,10492,treino
13192,10635,treino
13193,10638,treino
13194,9838,teste
13195,9810,treino
13196,10497,treino
13197,10501,validacao
13198,10642,validacao
13199,10511,treino
13200,9883,treino
13201,10653,validacao
13202,10653,validacao
13203,10653,validacao
13204,10650,validacao
13205,10653,validacao
13206,10653,validacao
13207,10516,validacao
13208,10657,teste
13209,9842,treino
13210,9845,treino
13211,9865,teste
13212,10662,teste
13213,10520,teste
13214,10523,treino
13215,10666,validacao
13216,9923,validacao
13217,9873,treino
13218,9832,treino
13219,10527,treino
13220,10670,treino
13221,10677,treino
13222,10677,treino
13223,9861,validacao
13224,9900,teste
13225,9869,treino
13226,9892,treino
13227,10677,treino
13228,10538,validacao
13229,10677,treino
13230,10677,treino
13231,10680,treino
13232,10685,treino
13233,10547,teste
13234,10543,treino
13235,9908,teste
13236,9931,treino
13237,9918,validacao
13238,10689,validacao
13239,10551,validacao
13240,9927,treino
13241,9888,treino
13242,9903,treino
13243,10558,treino
13244,10693,treino
13245,10701,teste
13246,10701,teste
13247,10696,treino
13248,10701,teste
13249,10701,teste
13250,10701,teste
13251,9896,treino
13252,10708,validacao
13253,10565,teste
13254,10570,treino
13255,10712,validacao
13256,9876,treino
13257,9949,validacao
13258,10042,treino
13259,10042,treino
13260,10574,teste
13261,10716,treino
13262,10582,treino
13263,10720,teste
13264,9962,validacao
13265,9939,teste
13266,9984,teste
13267,9946,treino
13268,10723,validacao
13269,10728,treino
13270,10728,treino
13271,10728,treino
13272,10728,treino
13273,10728,treino
13274,10732,validacao
13275,10586,teste
13276,10591,teste
13278,9972,treino
13279,9954,treino
13280,10739,validacao
13281,10596,treino
13282,9958,treino
13283,9935,treino
13284,9915,treino
13285,10743,teste
13286,10747,treino
13287,10604,teste
13288,10755,treino
13289,10751,treino
13290,10755,treino
13291,10755,treino
13292,10755,treino
13293,10608,treino
13294,10755,treino
13295,10611,teste
13296,10010,teste
13297,10003,teste
13298,10759,treino
13299,10616,treino
13300,10015,validacao
13301,10766,teste
13302,10623,treino
13303,10770,treino
13304,10774,validacao
13305,10023,treino
13306,9975,treino
13307,10631,treino
13308,10782,treino
13309,10782,treino
13310,10778,treino
13311,10782,treino
13312,10782,treino
13313,10782,treino
13314,10635,treino
13315,10638,treino
13316,10034,treino
13317,9966,validacao
13318,10785,teste
13319,10642,validacao
13320,10790,treino
13321,10038,treino
13322,10802,treino
13323,10650,validacao
13324,10807,treino
13325,10657,teste
13326,10815,teste
13327,10811,teste
13328,10662,teste
13329,10815,teste
13330,9981,treino
13331,9988,treino
13332,10007,treino
13333,10815,teste
13334,10815,teste
13335,10819,treino
13336,10666,validacao
13337,30179,teste
13338,10019,treino
13339,10829,treino
13340,10833,treino
13341,10670,treino
13342,10840,treino
13343,10048,teste
13344,10844,treino
13345,10680,treino
13346,10848,treino
13347,10848,treino
13348,10685,treino
13349,10848,treino
13350,10848,treino
13351,10848,treino
13352,9996,teste
13353,10060,treino
13354,10027,treino
13355,10077,teste
13356,10852,treino
13357,10689,validacao
13358,10856,treino
13359,10065,validacao
13360,10859,teste
13361,10693,treino
13362,10696,treino
13363,10863,treino
13364,10708,validacao
13365,10069,treino
13366,10088,treino
13367,10871,treino
13368,10871,treino
13369,10871,treino
13370,10871,treino
13371,10871,treino
13372,10875,teste
13373,10712,validacao
13374,10046,treino
13375,10096,teste
13376,10072,treino
13377,10879,validacao
13378,10716,treino
13379,10883,treino
13380,10720,teste
13381,10887,treino
13382,10723,validacao
13383,10128,treino
13384,10891,treino
13385,10898,treino
13386,10732,validacao
13387,10898,treino
13388,10898,treino
13389,10898,treino
13390,10898,treino
13391,10054,treino
13392,10114,treino
13393,10902,treino
13394,10739,validacao
13395,10906,treino
13396,10743,teste
13397,10747,treino
13398,10910,validacao
13399,10914,treino
13400,10751,treino
13401,10916,teste
13402,10125,treino
13403,10137,validacao
13404,10922,validacao
13405,10922,validacao
13406,10922,validacao
13407,10759,treino
13408,10922,validacao
13409,10922,validacao
13410,10926,validacao
13411,10080,validacao
13412,10766,teste
13413,10933,validacao
13414,10770,treino
13415,10774,validacao
13416,10937,treino
13417,10941,treino
13418,10092,validacao
13419,10178,teste
13420,10778,treino
13421,10949,validacao
13422,10945,treino
13423,10949,validacao
13424,10949,validacao
13425,10949,validacao
13426,10949,validacao
13427,10147,treino
13428,10121,validacao
13429,10156,treino
13430,10099,validacao
13431,10785,teste
13432,10953,validacao
13433,10790,treino
13434,10802,treino
13435,10107,validacao
13436,10163,treino
13437,10170,treino
13438,10190,treino
13439,10960,validacao
13440,10964,treino
13441,10807,treino
13442,10967,treino
13443,10811,teste
13444,10976,treino
13445,10976,treino
13446,10972,treino
13447,10976,treino
13448,10976,treino
13449,10976,treino
13450,10819,treino
13451,10151,treino
13452,10133,teste
13453,10197,validacao
13454,10980,treino
13455,10829,treino
13456,10833,treino
13457,10984,validacao
13458,10840,treino
13459,10990,validacao
13460,10201,treino
13461,10167,treino
13462,10182,treino
13463,10141,treino
13464,10844,treino
13465,10995,teste
13466,10999,teste
13467,10999,teste
13468,10852,treino
13469,10999,teste
13470,10194,teste
13471,10233,validacao
13472,10999,teste
13473,10999,teste
13474,11003,treino
13475,11007,treino
13476,10856,treino
13477,10221,teste
13478,10217,treino
13479,11011,treino
13480,10859,teste
13481,11018,validacao
13482,10863,treino
13483,11025,treino
13484,10206,teste
13485,10245,treino
13486,10241,treino
13487,10236,teste
13488,11029,validacao
13489,10875,teste
13490,11029,validacao
13491,11029,validacao
13492,11029,validacao
13493,11029,validacao
13494,11033,treino
13495,10186,treino
13496,10879,validacao
13497,11037,treino
13498,10883,treino
13499,11041,teste
13500,10887,treino
13501,11045,treino
13502,10272,treino
13503,10264,treino
13504,10268,teste
13505,10891,treino
13506,11049,validacao
13507,11056,teste
13508,10902,treino
13509,10249,teste
13510,11056,teste
13511,11056,teste
13512,11056,teste
13513,11056,teste
13514,11060,treino
13515,10906,treino
13516,10286,treino
13517,10226,validacao
13518,11063,treino
13519,11068,treino
13520,10910,validacao
13521,10914,treino
13522,10916,teste
13523,10210,teste
13524,10276,teste
13525,10297,teste
13526,11071,treino
13527,10926,validacao
13528,11083,treino
13529,11083,treino
13530,11083,treino
13531,11083,treino
13532,11075,treino
13533,11083,treino
13534,10282,treino
13535,10214,treino
13536,10260,treino
13537,10933,validacao
13538,11090,treino
13539,11087,treino
13540,10937,treino
13541,10941,treino
13542,10439,treino
13543,10310,treino
13544,10328,validacao
13545,11094,validacao
13546,10945,treino
13547,11099,treino
13548,10302,treino
13549,11103,teste
13550,11103,teste
13551,10953,validacao
13552,11103,teste
13553,11103,teste
13554,11103,teste
13555,11107,treino
13556,10960,validacao
13557,10337,teste
13558,10964,treino
13559,11114,treino
13560,11118,treino
13561,10967,treino
13562,10253,teste
13563,10294,treino
13564,10314,treino
13565,11122,treino
13566,10972,treino
13567,11126,validacao
13568,11130,treino
13569,11130,treino
13570,11130,treino
13571,10980,treino
13572,11130,treino
13573,11130,treino
13574,10325,treino
13575,10333,treino
13576,11134,validacao
13577,10984,validacao
13578,11137,validacao
13579,10990,validacao
13580,10344,validacao
13581,10306,treino
13582,11145,teste
13583,10995,teste
13584,11149,validacao
13585,11003,treino
13586,10363,validacao
13587,11157,treino
13588,11157,treino
13589,11157,treino
13590,11153,treino
13591,11157,treino
13592,11157,treino
13593,11007,treino
13594,10369,treino
13595,10351,treino
13596,10458,treino
13597,10348,validacao
13598,10401,treino
13599,10405,treino
13600,11161,teste
13601,11165,treino
13602,11011,treino
13603,11018,validacao
13604,11172,treino
13605,11025,treino
13606,10383,treino
13607,10318,treino
13608,10378,validacao
13609,10367,validacao
13610,11033,treino
13611,11176,treino
13612,11180,treino
13613,11180,treino
13614,10390,teste
13615,11180,treino
13616,11180,treino
13617,11180,treino
13618,11037,treino
13619,11184,teste
13620,11187,teste
13621,11041,teste
13622,11045,treino
13623,10358,treino
13624,10426,teste
13625,11192,treino
13626,11049,validacao
13627,10375,validacao
13628,11196,treino
13629,11060,treino
13630,11203,treino
13631,11203,treino
13632,11203,treino
13633,11203,treino
13634,11203,treino
13635,11206,treino
13636,11063,treino
13637,10423,treino
13638,11211,treino
13639,11068,treino
13640,11214,treino
13641,11071,treino
13642,10415,validacao
13643,10447,validacao
13644,11219,teste
13645,11075,treino
13646,11226,treino
13647,11230,teste
13648,11230,teste
13649,11230,teste
13650,11230,teste
13651,11230,teste
13652,11090,treino
13653,11087,treino
13654,11233,treino
13655,11237,treino
13656,10443,treino
13657,10430,treino
13658,10397,treino
13659,10412,validacao
13660,11242,treino
13661,11094,validacao
13662,11099,treino
13663,11246,teste
13664,11250,treino
13665,11107,treino
13666,11257,treino
13667,11257,treino
13668,11257,treino
13669,11257,treino
13670,11257,treino
13671,10434,treino
13672,11261,teste
13673,11265,teste
13674,11114,treino
13675,11118,treino
13676,11269,teste
13677,11122,treino
13678,10481,teste
13679,10469,treino
13680,10462,teste
13681,10466,teste
13682,11273,treino
13683,11126,validacao
13684,10454,validacao
13685,10488,treino
13686,11280,treino
13687,11280,treino
13688,11277,teste
13689,11280,treino
13690,11134,validacao
13691,11280,treino
13692,11280,treino
13693,11285,treino
13694,11137,validacao
13695,11291,validacao
13696,11145,teste
13697,10516,validacao
13698,10484,treino
13699,10520,teste
13700,10473,validacao
13701,11296,teste
13702,11149,validacao
13703,10505,teste
13704,10532,treino
13705,11300,treino
13706,11153,treino
13707,11312,treino
13708,11312,treino
13709,11304,treino
13710,11312,treino
13711,11312,treino
13712,11308,teste
13713,10527,treino
13714,10523,treino
13715,11312,treino
13716,11161,teste
13717,11165,treino
13718,11316,teste
13719,11172,treino
13720,10551,validacao
13721,10547,teste
13722,11323,treino
13723,11176,treino
13724,11327,validacao
13725,11331,treino
13726,10492,treino
13727,11184,teste
13728,11335,treino
13729,11335,treino
13730,11335,treino
13731,11335,treino
13732,11187,teste
13733,11335,treino
13734,11339,treino
13735,11192,treino
13736,17,treino
13737,10497,treino
13738,11343,treino
13739,11348,treino
13740,10501,validacao
13741,10565,teste
13742,11196,treino
13743,11354,treino
13744,11358,treino
13745,11206,treino
13746,11362,validacao
13747,10558,treino
13748,10576,treino
13749,10554,treino
13750,10511,treino
13751,11362,validacao
13752,11211,treino
13753,11362,validacao
13754,11362,validacao
13755,11362,validacao
13756,11366,treino
13757,11214,treino
13758,11370,treino
13759,10543,treino
13760,11219,teste
13761,11374,treino
13762,11226,treino
13763,10586,teste
13764,11381,validacao
13765,11385,treino
13766,11233,treino
13767,11393,treino
13768,11237,treino
13769,11393,treino
13770,11393,treino
13771,11388,treino
13772,11393,treino
13773,11393,treino
13774,10538,validacao
13775,10604,teste
13776,11399,treino
13777,11242,treino
13778,11246,teste
13779,11404,treino
13780,10627,treino
13781,10582,treino
13782,10616,treino
13783,9614,teste
13784,11408,validacao
13785,11250,treino
13786,11412,treino
13787,11261,teste
13788,11265,teste
13789,11423,treino
13790,11418,treino
13791,11423,treino
13792,11423,treino
13793,11423,treino
13794,11423,treino
13795,11427,treino
13796,11269,teste
13797,10570,treino
13798,10599,teste
13799,11431,treino
13800,11437,teste
13801,11273,treino
13802,10596,treino
13803,10623,treino
13804,10574,teste
13805,11442,treino
13806,11277,teste
13807,11285,treino
13808,11446,treino
13809,11452,treino
13810,11452,treino
13811,11452,treino
13812,11291,validacao
13813,11452,treino
13814,11452,treino
13815,11457,treino
13816,11296,teste
13817,11461,treino
13818,11464,treino
13819,10631,treino
13820,10685,treino
13821,10611,teste
13822,10591,teste
13823,11300,treino
13824,11469,treino
13825,11304,treino
13826,11308,teste
13827,10638,treino
13828,10608,treino
13829,11476,treino
13830,11480,teste
13831,11480,teste
13832,11480,teste
13833,11480,teste
13834,11480,teste
13835,11316,teste
13836,11487,treino
13837,10635,treino
13838,10642,validacao
13839,10657,teste
13840,11491,treino
13841,11323,treino
13842,11495,teste
13843,11327,validacao
13844,11331,treino
13845,10666,validacao
13846,11499,teste
13847,11339,treino
13848,11509,treino
13849,11511,treino
13850,11511,treino
13851,10670,treino
13852,10653,validacao
13853,10677,treino
13854,10712,validacao
13855,11511,treino
13856,11511,treino
13857,11511,treino
13858,11343,treino
13859,11517,treino
13860,11521,treino
13861,11348,treino
13862,10716,treino
13863,10732,validacao
13864,11528,teste
13865,11354,treino
13866,11358,treino
13867,11535,teste
13868,10708,validacao
13869,10720,teste
13870,10650,validacao
13871,10662,teste
13872,11366,treino
13873,11539,teste
13874,11543,teste
13875,11543,teste
13876,11543,teste
13877,11370,treino
13878,11543,teste
13879,11543,teste
13880,11547,treino
13881,10739,validacao
13882,11550,treino
13883,11374,treino
13884,11558,treino
13885,11381,validacao
13886,11385,treino
13887,10680,treino
13888,11388,treino
13889,11565,treino
13890,10689,validacao
13891,10728,treino
13892,10747,treino
13893,11399,treino
13894,11569,validacao
13895,11577,treino
13896,11577,treino
13897,11573,treino
13898,11577,treino
13899,11577,treino
13900,11577,treino
13901,11404,treino
13902,10701,teste
13903,11580,treino
13904,11408,validacao
13905,11412,treino
13906,11588,teste
13907,10766,teste
13908,10693,treino
13909,10755,treino
13910,10696,treino
13911,11418,treino
13912,11592,treino
13913,11595,treino
13914,11427,treino
13915,11600,treino
13916,11600,treino
13917,11600,treino
13918,11600,treino
13919,10723,validacao
13920,11600,treino
13921,11604,teste
13922,11431,treino
13923,11437,teste
13924,11442,treino
13925,11608,treino
13926,10811,teste
13927,11446,treino
13928,11612,treino
13929,10778,treino
13930,10774,validacao
13931,10759,treino
13932,11619,teste
13933,11457,treino
13934,11623,teste
13935,11627,teste
13936,11627,teste
13937,11627,teste
13938,11627,teste
13939,11461,treino
13940,11627,teste
13941,11464,treino
13942,10743,teste
13943,11630,treino
13944,11469,treino
13945,11634,treino
13946,10840,treino
13947,11476,treino
13948,11642,validacao
13949,11645,treino
13950,11487,treino
13951,10751,treino
13952,11652,treino
13953,10770,treino
13954,10856,treino
13955,10782,treino
13956,11491,treino
13957,11652,treino
13958,11652,treino
13959,11657,treino
13960,11495,teste
13961,11660,teste
13962,11499,teste
13963,11509,treino
13964,11664,treino
13965,11669,treino
13966,10852,treino
13967,11517,treino
13968,11680,validacao
13969,11521,treino
13970,11680,validacao
13971,11680,validacao
13972,11680,validacao
13973,11673,teste
13974,11680,validacao
13975,10785,teste
13976,10863,treino
13977,10790,treino
13978,10807,treino
13979,11528,teste
13980,11684,treino
13981,11535,teste
13982,10875,teste
13983,10999,teste
13984,10802,treino
13985,11691,treino
13986,11686,validacao
13987,11539,teste
13988,11547,treino
13989,11696,teste
13990,10887,treino
13991,10848,treino
13992,11550,treino
13993,11703,treino
13994,11703,treino
13995,11699,treino
13996,11703,treino
13997,11703,treino
13998,11703,treino
13999,11558,treino
14000,10819,treino
14001,10829,treino
14002,10859,teste
14003,10833,treino
14004,10879,validacao
14005,10883,treino
14006,11711,treino
14007,11715,teste
14008,11565,treino
14009,11719,treino
14010,10844,treino
14011,11569,validacao
14012,11573,treino
14013,11723,validacao
14014,11731,treino
14015,11726,validacao
14016,11731,treino
14017,11580,treino
14018,10891,treino
14019,10922,validacao
14020,11731,treino
14021,11731,treino
14022,11731,treino
14023,11735,validacao
14024,11588,teste
14025,11742,treino
14026,10902,treino
14027,10871,treino
14028,11749,treino
14029,11595,treino
14030,11592,treino
14031,11752,treino
14032,10941,treino
14033,11604,teste
14034,11761,validacao
14035,11756,treino
14036,11761,validacao
14037,11761,validacao
14038,11761,validacao
14039,11761,validacao
14040,11608,treino
14041,10967,treino
14042,11765,validacao
14043,11769,validacao
14044,11612,treino
14045,11776,validacao
14046,11619,teste
14047,10960,validacao
14048,11779,validacao
14049,11623,teste
14050,11788,treino
14051,10906,treino
14052,10984,validacao
14053,10914,treino
14054,10898,treino
14055,10916,teste
14056,10926,validacao
14057,11783,treino
14058,11788,treino
14059,11788,treino
14060,11630,treino
14061,11788,treino
14062,11788,treino
14063,11792,treino
14064,11796,treino
14065,11634,treino
14066,10910,validacao
14067,10953,validacao
14068,10945,treino
14069,11800,validacao
14070,11642,validacao
14071,11645,treino
14072,11807,treino
14073,10937,treino
14074,11652,treino
14075,11657,treino
14076,11811,teste
14077,11815,validacao
14078,11815,validacao
14079,11815,validacao
14080,11815,validacao
14081,11815,validacao
14082,11819,treino
14083,11660,teste
14084,11003,treino
14085,10933,validacao
14086,11025,treino
14087,10972,treino
14088,10980,treino
14089,11823,validacao
14090,11825,validacao
14091,11664,treino
14092,11669,treino
14093,11033,treino
14094,10995,teste
14095,11831,validacao
14096,11838,treino
14097,11673,teste
14098,10949,validacao
14099,11845,validacao
14100,11842,validacao
14101,11845,validacao
14102,11845,validacao
14103,11845,validacao
14104,11845,validacao
14105,11850,validacao
14106,11684,treino
14107,10964,treino
14108,10976,treino
14109,11060,treino
14110,11037,treino
14111,11686,validacao
14112,11691,treino
14113,11854,treino
14114,11696,teste
14115,11858,treino
14116,10990,validacao
14117,11699,treino
14118,11861,validacao
14119,11864,treino
14120,11871,treino
14121,11871,treino
14122,11871,treino
14123,11711,treino
14124,11007,treino
14125,11041,teste
14126,11049,validacao
14127,11874,teste
14128,11715,teste
14129,11719,treino
14130,11879,treino
14131,11723,validacao
14132,11883,treino
14133,11886,treino
14134,11726,validacao
14135,11890,treino
14136,11071,treino
14137,11011,treino
14138,11895,validacao
14139,11895,validacao
14140,11895,validacao
14141,11895,validacao
14142,11735,validacao
14143,11895,validacao
14144,11899,teste
14145,11742,treino
14146,11045,treino
14147,11099,treino
14148,11029,validacao
14149,11018,validacao
14150,11749,treino
14151,11906,treino
14152,11752,treino
14153,11910,treino
14154,11094,validacao
14155,11913,treino
14156,11756,treino
14157,11917,validacao
14158,11922,validacao
14159,11922,validacao
14160,11765,validacao
14161,11122,treino
14162,11056,teste
14163,11922,validacao
14164,11922,validacao
14165,11924,treino
14166,11922,validacao
14167,11769,validacao
14168,11776,validacao
14169,11932,treino
14170,11107,treino
14171,11090,treino
14172,11068,treino
14173,11779,validacao
14174,11937,teste
14175,11940,teste
14176,11945,teste
14177,11783,treino
14178,11063,treino
14179,11103,teste
14180,11948,treino
14181,11953,treino
14182,11792,treino
14183,11796,treino
14184,11953,treino
14185,11953,treino
14186,11075,treino
14187,11800,validacao
14188,11957,teste
14189,11807,treino
14190,11964,treino
14191,11968,teste
14192,11257,treino
14193,11118,treino
14194,11087,treino
14195,11811,teste
14196,11972,treino
14197,11819,treino
14198,11823,validacao
14199,11130,treino
14200,11083,treino
14201,11980,validacao
14202,11976,treino
14203,11980,validacao
14204,11980,validacao
14205,11980,validacao
14206,11980,validacao
14208,11825,validacao
14209,11983,treino
14210,11161,teste
14211,11165,treino
14212,11157,treino
14213,11831,validacao
14214,11988,teste
14215,11992,treino
14216,11838,treino
14217,11999,treino
14218,11137,validacao
14219,11114,treino
14220,11842,validacao
14221,11850,validacao
14222,12003,validacao
14223,12007,treino
14224,12007,treino
14225,12007,treino
14226,12007,treino
14227,12007,treino
14228,11126,validacao
14229,11854,treino
14230,12011,treino
14231,11858,treino
14232,12014,treino
14233,12018,treino
14234,11145,teste
14235,11861,validacao
14236,11864,treino
14237,12023,treino
14238,11871,treino
14239,11874,teste
14240,11134,validacao
14241,11176,treino
14242,11149,validacao
14243,12030,treino
14244,12034,teste
14245,12034,teste
14246,12034,teste
14247,12034,teste
14248,12034,teste
14249,11879,treino
14250,12038,teste
14251,11883,treino
14252,12041,treino
14253,12045,teste
14254,11886,treino
14255,11890,treino
14256,11153,treino
14257,11899,teste
14258,12049,treino
14259,12057,treino
14260,12057,treino
14261,12057,treino
14262,12057,treino
14263,11250,treino
14264,12057,treino
14265,11906,treino
14266,12061,treino
14267,12065,treino
14268,12069,teste
14269,11910,treino
14270,11913,treino
14271,11184,teste
14272,11172,treino
14273,11917,validacao
14274,12073,treino
14275,11192,treino
14276,11187,teste
14277,11180,treino
14278,11924,treino
14279,12077,teste
14280,12084,validacao
14281,12084,validacao
14282,12084,validacao
14283,11932,treino
14284,12084,validacao
14285,12084,validacao
14286,12088,treino
14287,12091,treino
14288,11233,treino
14289,11269,teste
14290,11196,treino
14291,11214,treino
14292,11937,teste
14293,12096,validacao
14294,11940,teste
14295,11945,teste
14296,12100,treino
14297,11211,treino
14298,11206,treino
14299,11948,treino
14300,11953,treino
14301,12104,teste
14302,12108,teste
14303,11219,teste
14304,11957,teste
14305,12108,teste
14306,12108,teste
14307,12108,teste
14308,12108,teste
14309,12112,treino
14310,12116,treino
14311,11964,treino
14312,11968,teste
14313,12123,treino
14314,11203,treino
14315,11237,treino
14316,11230,teste
14317,11972,treino
14318,12127,teste
14319,11976,treino
14320,11265,teste
14321,11226,treino
14322,11300,treino
14323,12131,treino
14324,12133,treino
14325,12139,treino
14326,11983,treino
14327,12139,treino
14328,12139,treino
14329,11242,treino
14330,12142,treino
14331,11988,teste
14332,11992,treino
14333,12150,treino
14334,11999,treino
14335,12153,validacao
14336,11273,treino
14337,11246,teste
14338,11291,validacao
14339,11304,treino
14340,11285,treino
14341,11277,teste
14342,12157,treino
14343,12003,validacao
14344,12162,validacao
14345,11308,teste
14346,11261,teste
14347,11327,validacao
14348,11354,treino
14349,12166,treino
14350,12170,treino
14351,12011,treino
14352,12170,treino
14353,12170,treino
14354,12170,treino
14355,12170,treino
14356,12172,validacao
14357,12014,treino
14358,12018,treino
14359,12153,validacao
14361,11280,treino
14362,11296,teste
14363,12178,teste
14364,12023,treino
14365,12185,treino
14366,12189,treino
14367,12030,treino
14368,12193,teste
14369,12038,teste
14370,12197,treino
14371,12197,treino
14372,12197,treino
14375,12197,treino
14376,12197,treino
14377,11366,treino
14378,11316,teste
14379,12041,treino
14380,12201,teste
14381,12045,teste
14382,12204,treino
14383,11362,validacao
14384,11331,treino
14385,12209,treino
14386,12049,treino
14387,12216,treino
14390,11339,treino
14391,11312,treino
14392,11404,treino
14393,11323,treino
14394,12061,treino
14395,12220,treino
14396,12224,treino
14397,12224,treino
14398,12224,treino
14399,12224,treino
14400,12224,treino
14401,12065,treino
14402,12069,teste
14403,12227,validacao
14404,11358,treino
14405,11343,treino
14406,11374,treino
14407,11412,treino
14408,11348,treino
14409,12073,treino
14410,12231,treino
14411,12236,treino
14413,12077,teste
14415,11335,treino
14416,12240,teste
14417,12088,treino
14418,12246,treino
14419,12091,treino
14420,12251,treino
14421,12251,treino
14422,11370,treino
14423,11385,treino
14424,11393,treino
14425,12251,treino
14426,12251,treino
14427,12251,treino
14428,12096,validacao
14429,12255,treino
14430,12259,teste
14432,12100,treino
14434,11437,teste
14435,11399,treino
14436,11408,validacao
14437,12263,validacao
14438,12104,teste
14439,12266,treino
14440,11423,treino
14441,12112,treino
14442,12116,treino
14443,12277,treino
14444,12277,treino
14445,12277,treino
14446,12277,treino
14447,12277,treino
14448,12123,treino
14450,12281,treino
14451,12285,treino
14453,12288,treino
14454,12127,teste
14455,11442,treino
14456,11464,treino
14457,11381,validacao
14458,11480,teste
14459,12293,treino
14460,12131,treino
14461,12133,treino
14462,12139,treino
14463,12297,treino
14466,12142,treino
14467,12301,teste
14468,11461,treino
14469,11388,treino
14470,11452,treino
14471,12301,teste
14472,12301,teste
14473,12301,teste
14474,12301,teste
14475,12305,treino
14476,12309,treino
14477,12150,treino
14478,11418,treino
14479,11476,treino
14480,11469,treino
14481,11431,treino
14482,11511,treino
14483,12315,teste
14484,12157,treino
14485,12320,treino
14486,12162,validacao
14487,12166,treino
14488,11427,treino
14489,12323,validacao
14491,12332,teste
14493,12172,validacao
14494,12332,teste
14495,12332,teste
14496,12327,validacao
14497,12332,teste
14498,12332,teste
14499,11528,teste
14500,11487,treino
14501,12336,treino
14502,12178,teste
14503,12343,treino
14504,12185,treino
14505,12189,treino
14506,11535,teste
14507,11457,treino
14508,11543,teste
14509,12346,treino
14510,12193,teste
14513,12351,treino
14514,11446,treino
14515,11539,teste
14516,11521,treino
14517,11509,treino
14518,12201,teste
14519,12357,validacao
14520,12357,validacao
14521,12355,validacao
14522,12357,validacao
14523,12357,validacao
14524,12357,validacao
14525,12362,teste
14526,12204,treino
14527,11495,teste
14528,12367,validacao
14529,12209,treino
14530,12216,treino
14531,12374,treino
14532,11550,treino
14533,12220,treino
14534,12380,treino
14535,12385,treino
14536,12227,validacao
14537,12390,treino
14538,12390,treino
14539,12390,treino
14540,12390,treino
14541,12390,treino
14542,11499,teste
14543,12393,treino
14544,12231,treino
14545,12236,treino
14546,12396,treino
14547,12240,teste
14548,11558,treino
14549,11573,treino
14550,11491,treino
14551,11517,treino
14552,12399,treino
14553,12246,treino
14554,12404,treino
14555,12407,treino
14556,11608,treino
14557,11595,treino
14558,12409,treino
14559,12255,treino
14560,12409,treino
14561,12409,treino
14562,12412,treino
14563,12259,teste
14564,11577,treino
14565,11547,treino
14566,12263,validacao
14567,12416,validacao
14568,12266,treino
14569,12425,treino
14570,11623,teste
14571,11612,treino
14572,11580,treino
14573,12428,treino
14574,12435,treino
14575,12438,treino
14576,12281,treino
14577,12438,treino
14578,12438,treino
14579,12285,treino
14580,12438,treino
14581,11619,teste
14582,11642,validacao
14583,11600,treino
14584,11630,treino
14585,12438,treino
14586,12441,treino
14587,12288,treino
14588,12444,treino
14589,11588,teste
14590,12293,treino
14591,12447,validacao
14592,12450,treino
14593,12297,treino
14594,11604,teste
14595,12453,treino
14596,12305,treino
14597,12458,treino
14598,12309,treino
14599,12458,treino
14600,12458,treino
14601,12458,treino
14602,12458,treino
14603,12460,treino
14604,11569,validacao
14605,11565,treino
14606,11627,teste
14607,31107,treino
14608,12315,teste
14609,12464,teste
14610,12320,treino
14611,12467,validacao
14612,12470,treino
14613,12323,validacao
14614,12327,validacao
14615,12473,treino
14616,12476,treino
14617,12336,treino
14618,11592,treino
14619,12476,treino
14620,12476,treino
14621,12476,treino
14622,12476,treino
14623,12479,treino
14624,12343,treino
14625,11660,teste
14626,11696,teste
14627,11664,treino
14628,12483,treino
14629,12487,validacao
14630,12346,treino
14632,12490,treino
14633,12351,treino
14634,11634,treino
14635,12493,validacao
14636,12355,validacao
14637,12362,teste
14638,12495,treino
14639,12495,treino
14640,12495,treino
14641,12495,treino
14642,12495,treino
14643,12498,treino
14644,11699,treino
14645,11680,validacao
14646,12367,validacao
14647,12502,treino
14648,12507,treino
14649,12374,treino
14650,11684,treino
14651,11652,treino
14652,11657,treino
14653,12510,treino
14654,12380,treino
14655,12385,treino
14656,12512,validacao
14657,11645,treino
14658,11715,teste
14659,11669,treino
14660,11726,validacao
14661,11742,treino
14662,12515,treino
14663,12393,treino
14664,12515,treino
14665,12515,treino
14666,12515,treino
14667,12515,treino
14668,12519,treino
14669,12396,treino
14670,12522,treino
14671,11691,treino
14672,12525,treino
14673,12399,treino
14674,12404,treino
14675,12530,validacao
14676,12407,treino
14677,11686,validacao
14678,12409,treino
14679,12412,treino
14680,12534,treino
14681,12538,treino
14682,12538,treino
14683,12538,treino
14684,12538,treino
14685,12538,treino
14686,11776,validacao
14687,11731,treino
14688,11673,teste
14689,12416,validacao
14690,12544,treino
14691,12541,validacao
14692,12425,treino
14693,12547,treino
14694,11719,treino
14695,12428,treino
14696,12435,treino
14697,12552,treino
14698,11765,validacao
14699,11749,treino
14700,12441,treino
14701,12557,teste
14702,12555,validacao
14703,12557,teste
14704,12557,teste
14705,12557,teste
14706,12557,teste
14707,12561,treino
14708,12444,treino
14709,12564,treino
14710,11711,treino
14711,11703,treino
14712,11769,validacao
14713,11723,validacao
14714,11788,treino
14715,12447,validacao
14716,12450,treino
14717,12567,teste
14718,12453,treino
14719,11783,treino
14720,12569,validacao
14721,12460,treino
14722,12575,treino
14723,12578,treino
14724,12578,treino
14725,11819,treino
14726,11796,treino
14727,12578,treino
14728,12578,treino
14729,12581,treino
14730,12578,treino
14731,12464,teste
14732,12467,validacao
14733,12470,treino
14734,11807,treino
14735,11735,validacao
14736,11761,validacao
14737,12584,treino
14738,12473,treino
14739,12587,treino
14740,11831,validacao
14741,11752,treino
14742,11792,treino
14743,12479,treino
14744,12590,treino
14745,12598,teste
14746,12595,treino
14747,12598,teste
14748,12598,teste
14749,12598,teste
14750,12598,teste
14751,12483,treino
14752,11823,validacao
14753,11756,treino
14754,12487,validacao
14755,12601,validacao
14756,12490,treino
14757,12604,validacao
14758,11811,teste
14759,11854,treino
14760,12493,validacao
14761,12607,treino
14762,12498,treino
14763,12610,treino
14764,11845,validacao
14765,11779,validacao
14766,12613,treino
14767,12616,treino
14768,12616,treino
14769,12616,treino
14770,12502,treino
14771,12616,treino
14772,12616,treino
14773,12507,treino
14774,12621,treino
14775,11871,treino
14776,11800,validacao
14777,11874,teste
14778,12510,treino
14779,12623,treino
14780,12512,validacao
14781,12627,treino
14782,11815,validacao
14783,12519,treino
14784,12630,teste
14785,12633,validacao
14786,12522,treino
14787,12635,treino
14788,12635,treino
14789,12635,treino
14790,12635,treino
14791,12635,treino
14792,12525,treino
14793,11864,treino
14794,11850,validacao
14795,12639,teste
14796,12530,validacao
14797,12644,treino
14798,11861,validacao
14799,11924,treino
14800,11825,validacao
14801,11842,validacao
14802,12534,treino
14803,12647,treino
14804,12650,teste
14805,11890,treino
14806,11838,treino
14807,12656,treino
14808,12544,treino
14809,12653,teste
14810,12541,validacao
14811,12656,treino
14812,12656,treino
14813,12656,treino
14814,12656,treino
14815,12659,validacao
14816,12547,treino
14817,11858,treino
14818,11879,treino
14819,11937,teste
14820,11932,treino
14821,12664,treino
14822,12552,treino
14823,11906,treino
14824,12670,treino
14825,12667,teste
14826,12555,validacao
14827,12561,treino
14828,12673,treino
14829,12676,validacao
14830,12564,treino
14831,12676,validacao
14832,12676,validacao
14833,11922,validacao
14834,11895,validacao
14835,11899,teste
14836,11886,treino
14837,12676,validacao
14838,12676,validacao
14839,12679,treino
14840,12567,teste
14841,12682,treino
14842,11945,teste
14843,11883,treino
14844,11917,validacao
14845,11910,treino
14846,11980,validacao
14847,12569,validacao
14848,12685,treino
14849,12689,treino
14850,12575,treino
14851,19,teste
14852,12581,treino
14853,12693,validacao
14854,12696,validacao
14855,12696,validacao
14856,12696,validacao
14857,12696,validacao
14858,12696,validacao
14859,12699,treino
14860,12584,treino
14861,12702,validacao
14862,12587,treino
14863,11972,treino
14864,11964,treino
14865,12708,treino
14866,12705,treino
14867,12590,treino
14868,12595,treino
14869,12713,treino
14870,12715,validacao
14871,11940,teste
14872,11913,treino
14873,11948,treino
14874,12601,validacao
14875,12715,validacao
14876,12715,validacao
14877,12715,validacao
14878,12715,validacao
14879,12719,teste
14880,12604,validacao
14881,11999,treino
14882,11992,treino
14883,11983,treino
14884,11968,teste
14885,12721,treino
14886,12607,treino
14887,12725,treino
14888,12728,teste
14889,12610,treino
14890,12613,treino
14891,12041,treino
14892,11953,treino
14893,12011,treino
14894,12731,teste
14895,12736,treino
14896,12621,treino
14897,12736,treino
14898,12736,treino
14899,12736,treino
14900,12736,treino
14901,12739,treino
14902,11957,teste
14903,12038,teste
14904,11976,treino
14905,12623,treino
14906,12742,treino
14907,12627,treino
14908,12745,treino
14909,11988,teste
14910,12748,treino
14911,12630,teste
14912,12633,validacao
14913,12751,treino
14914,12003,validacao
14915,12069,teste
14916,12754,treino
14917,12639,teste
14918,12754,treino
14919,12754,treino
14920,12754,treino
14921,12754,treino
14922,12757,validacao
14923,12644,treino
14924,12762,treino
14925,12049,treino
14926,12007,treino
14927,12014,treino
14928,12061,treino
14929,12765,treino
14930,12647,treino
14931,12768,treino
14932,12650,teste
14933,12077,teste
14934,12057,treino
14935,12073,treino
14936,12653,teste
14937,12771,teste
14938,12777,teste
14939,12659,validacao
14940,12774,treino
14941,12777,teste
14942,12777,teste
14943,12777,teste
14944,12018,treino
14945,12777,teste
14946,12780,validacao
14947,12664,treino
14948,12785,treino
14949,12670,treino
14950,12045,teste
14951,12100,treino
14952,12787,treino
14953,12667,teste
14954,12673,treino
14955,12791,teste
14956,12023,treino
14957,12679,treino
14958,12794,treino
14959,12797,validacao
14960,12797,validacao
14961,12797,validacao
14962,12797,validacao
14963,12797,validacao
14964,12682,treino
14965,12799,treino
14966,12030,treino
14967,12034,teste
14968,12803,validacao
14969,12685,treino
14970,12689,treino
14971,12808,teste
14972,12108,teste
14973,12104,teste
14974,31209,treino
14975,12693,validacao
14976,12811,treino
14977,12699,treino
14978,12814,treino
14979,12817,treino
14980,12091,treino
14981,12084,validacao
14982,12088,treino
14983,12817,treino
14984,12817,treino
14985,12817,treino
14986,12817,treino
14987,12702,validacao
14988,12820,treino
14989,12823,treino
14990,12708,treino
14991,12705,treino
14992,12133,treino
14993,12123,treino
14994,12112,treino
14995,12065,treino
14996,12826,teste
14997,12713,treino
14998,12831,treino
14999,12127,teste
15000,12157,treino
15001,31146,treino
15002,12170,treino
15003,12162,validacao
15004,12131,treino
15005,12172,validacao
15006,12139,treino
15007,30794,teste
15008,12719,teste
15009,12837,teste
15010,12833,treino
15011,12837,teste
15012,12837,teste
15013,12837,teste
15014,12837,teste
15015,30750,treino
15016,30632,treino
15017,31239,validacao
15018,12150,treino
15019,30673,treino
15020,12721,treino
15021,12840,treino
15022,12725,treino
15023,12843,teste
15024,12728,teste
15025,12178,teste
15026,12116,treino
15027,12731,teste
15028,12848,treino
15029,12739,treino
15030,12096,validacao
15031,12166,treino
15032,12142,treino
15033,12853,teste
15034,12856,treino
15035,12856,treino
15036,12856,treino
15037,12856,treino
15038,12856,treino
15039,12742,treino
15040,12861,treino
15041,12859,validacao
15042,12745,treino
15043,12197,treino
15044,12748,treino
15045,12865,treino
15046,12868,validacao
15047,12189,treino
15048,12227,validacao
15049,12757,validacao
15050,12872,treino
15051,12876,treino
15052,12876,treino
15053,12876,treino
15054,12876,treino
15055,12185,treino
15056,12879,teste
15057,12876,treino
15058,12765,treino
15059,12768,treino
15060,12882,treino
15061,12885,treino
15062,12771,teste
15063,12888,validacao
15064,12774,treino
15065,12891,treino
15066,12251,treino
15067,12894,treino
15068,12898,treino
15069,12780,validacao
15070,12898,treino
15071,12898,treino
15072,12898,treino
15073,12898,treino
15074,12785,treino
15075,12902,treino
15076,12787,treino
15077,12240,teste
15078,12905,validacao
15079,12791,teste
15080,12908,treino
15081,12216,treino
15082,12259,teste
15083,12193,teste
15084,12224,treino
15085,12236,treino
15086,12911,treino
15087,12794,treino
15088,12914,treino
15089,12917,treino
15090,12799,treino
15091,12293,treino
15092,12917,treino
15093,12917,treino
15094,12917,treino
15095,12803,validacao
15096,12917,treino
15097,12920,treino
15098,12808,teste
15099,12204,treino
15100,12201,teste
15101,12281,treino
15102,12811,treino
15103,12925,validacao
15104,12928,treino
15105,12814,treino
15106,12931,treino
15107,12220,treino
15108,12209,treino
15109,12231,treino
15110,12934,treino
15111,12820,treino
15112,12937,treino
15113,12937,treino
15114,12937,treino
15115,12937,treino
15116,12937,treino
15117,12823,treino
15118,12940,validacao
15119,12301,teste
15120,12288,treino
15121,12255,treino
15122,12826,teste
15123,12945,treino
15124,12831,treino
15125,12246,treino
15126,12948,treino
15127,12951,validacao
15128,12833,treino
15129,12954,validacao
15130,12266,treino
15131,12297,treino
15132,12957,validacao
15133,12957,validacao
15134,12840,treino
15135,12957,validacao
15136,12957,validacao
15137,12957,validacao
15138,12843,teste
15139,12959,treino
15140,12277,treino
15141,12343,treino
15142,12963,treino
15143,12848,treino
15144,12968,treino
15145,12853,teste
15146,12263,validacao
15147,12374,treino
15148,12971,treino
15149,12973,treino
15150,12859,validacao
15151,12861,treino
15152,12977,treino
15153,12977,treino
15154,12977,treino
15155,12977,treino
15156,12977,treino
15157,12980,teste
15158,12309,treino
15159,12320,treino
15160,12285,treino
15161,12362,teste
15162,12346,treino
15163,12332,teste
15164,12865,treino
15165,12983,treino
15166,12868,validacao
15167,12986,validacao
15168,12872,treino
15169,12991,treino
15170,12994,treino
15171,12879,teste
15172,12327,validacao
15173,12367,validacao
15174,12336,treino
15175,12380,treino
15176,12385,treino
15177,12999,treino
15178,12999,treino
15179,12997,treino
15180,12999,treino
15181,12999,treino
15182,12882,treino
15183,12999,treino
15184,12885,treino
15185,13003,treino
15186,12305,treino
15187,12315,teste
15188,12888,validacao
15189,12891,treino
15190,13006,validacao
15191,12153,validacao
15192,12396,treino
15193,12355,validacao
15194,12390,treino
15195,12425,treino
15196,13009,treino
15197,12894,treino
15198,13012,treino
15199,12902,treino
15200,13017,treino
15201,13020,treino
15202,12399,treino
15203,12323,validacao
15204,12351,treino
15205,13020,treino
15206,13020,treino
15207,13020,treino
15208,13020,treino
15209,12905,validacao
15210,13023,treino
15211,12908,treino
15212,31102,validacao
15213,12911,treino
15215,12404,treino
15216,13026,treino
15217,13029,treino
15218,12914,treino
15219,13032,teste
15220,12357,validacao
15221,12447,validacao
15222,12416,validacao
15223,12920,treino
15224,13034,teste
15225,13040,treino
15226,13040,treino
15227,13040,treino
15228,13040,treino
15229,13040,treino
15230,13042,treino
15231,12407,treino
15232,12441,treino
15233,12925,validacao
15234,12928,treino
15235,13046,teste
15236,12931,treino
15237,13049,teste
15238,12458,treino
15239,12393,treino
15240,13052,treino
15241,12934,treino
15242,13055,treino
15243,12940,validacao
15244,12438,treino
15245,12450,treino
15246,12470,treino
15247,12409,treino
15248,12444,treino
15249,13057,teste
15250,13057,teste
15251,13057,teste
15252,13057,teste
15253,13057,teste
15254,12945,treino
15255,13063,teste
15256,12428,treino
15257,12948,treino
15258,13065,teste
15259,13069,treino
15260,12951,validacao
15261,12954,validacao
15262,13072,validacao
15263,12476,treino
15264,12412,treino
15265,12959,treino
15266,13075,treino
15267,13078,treino
15268,13078,treino
15269,13078,treino
15270,13078,treino
15271,12963,treino
15272,12490,treino
15273,12435,treino
15274,12460,treino
15275,12467,validacao
15276,13078,treino
15277,13081,treino
15278,12968,treino
15279,13085,treino
15280,13089,treino
15281,12473,treino
15282,12971,treino
15283,12973,treino
15284,13092,validacao
15285,12980,teste
15286,13097,validacao
15287,12464,teste
15288,12512,validacao
15290,12983,treino
15291,13103,treino
15292,13100,treino
15293,13103,treino
15294,13103,treino
15295,13103,treino
15296,13103,treino
15297,12986,validacao
15298,12502,treino
15299,12495,treino
15300,12453,treino
15301,13106,teste
15302,13109,treino
15303,12991,treino
15304,12994,treino
15305,13114,treino
15306,12525,treino
15307,12483,treino
15308,12997,treino
15309,13117,treino
15310,13003,treino
15311,12487,validacao
15312,13120,validacao
15313,13126,treino
15314,13126,treino
15315,13126,treino
15316,13122,treino
15317,13126,treino
15318,13126,treino
15319,13006,validacao
15320,13129,teste
15321,13009,treino
15322,12534,treino
15323,12510,treino
15324,12541,validacao
15325,13012,treino
15326,13133,teste
15327,13017,treino
15328,13137,treino
15329,12493,validacao
15330,12479,treino
15331,13023,treino
15332,13140,treino
15333,13146,teste
15334,13146,teste
15335,13146,teste
15336,13026,treino
15337,13146,teste
15338,12538,treino
15339,12547,treino
15340,12507,treino
15341,13143,treino
15342,13146,teste
15343,13149,treino
15344,13029,treino
15345,13032,teste
15346,13152,treino
15347,12498,treino
15348,13034,teste
15349,13157,treino
15350,13042,treino
15351,13160,teste
15352,12522,treino
15353,12519,treino
15354,13166,treino
15355,13162,validacao
15356,13166,treino
15357,13166,treino
15358,13046,teste
15359,13166,treino
15360,13166,treino
15361,13169,treino
15362,13049,teste
15363,12530,validacao
15364,12575,treino
15365,12557,teste
15366,12515,treino
15367,13052,treino
15368,13171,treino
15369,13055,treino
15370,13175,treino
15371,12584,treino
15372,13180,treino
15373,13063,teste
15374,13183,treino
15375,13189,validacao
15376,12581,treino
15377,12590,treino
15378,13189,validacao
15379,13189,validacao
15380,13185,teste
15381,13065,teste
15382,13189,validacao
15383,13069,treino
15384,13189,validacao
15385,13192,validacao
15386,13072,validacao
15387,12595,treino
15388,12552,treino
15389,12604,validacao
15390,12564,treino
15391,13194,treino
15392,13075,treino
15393,13198,treino
15394,13201,treino
15395,12613,treino
15396,12569,validacao
15397,13081,treino
15398,13206,treino
15399,13209,treino
15400,13209,treino
15401,13089,treino
15402,13085,treino
15403,13209,treino
15404,13209,treino
15405,13209,treino
15406,12544,treino
15407,12578,treino
15408,12607,treino
15409,12587,treino
15410,13212,treino
15411,13092,validacao
15412,13215,treino
15413,13097,validacao
15414,13218,treino
15415,12621,treino
15416,12561,treino
15417,12555,validacao
15418,13221,teste
15419,13100,treino
15420,13106,teste
15421,13224,teste
15422,12567,teste
15423,13109,treino
15424,13231,validacao
15425,13231,validacao
15426,13231,validacao
15427,13231,validacao
15428,13231,validacao
15429,13234,treino
15430,13114,treino
15431,13237,treino
15432,12633,validacao
15433,13240,treino
15434,13117,treino
15435,13243,treino
15436,13120,validacao
15437,12616,treino
15438,12647,treino
15439,13122,treino
15440,13246,treino
15441,13129,teste
15442,13251,treino
15443,13251,treino
15444,13251,treino
15445,12644,treino
15446,12639,teste
15447,13253,treino
15448,13251,treino
15449,13251,treino
15450,13133,teste
15451,13259,validacao
15452,13262,treino
15453,13137,treino
15454,12601,validacao
15455,12598,teste
15456,12627,treino
15457,13265,validacao
15458,13140,treino
15459,13143,treino
15460,13268,treino
15461,12664,treino
15462,12610,treino
15463,13149,treino
15464,13274,teste
15465,13274,teste
15466,13271,treino
15467,13274,teste
15468,13152,treino
15469,13274,teste
15470,13274,teste
15471,13277,treino
15472,12673,treino
15473,12623,treino
15474,13279,treino
15475,13157,treino
15476,13285,treino
15477,13160,teste
15478,12667,teste
15479,12630,teste
15480,13162,validacao
15481,13288,treino
15482,13169,treino
15483,13291,validacao
15484,12635,treino
15485,12653,teste
15486,12679,treino
15487,12696,validacao
15488,12682,treino
15489,12656,treino
15490,13171,treino
15491,13296,teste
15492,13296,teste
15493,13294,treino
15494,13296,teste
15495,13296,teste
15496,13296,teste
15497,13300,treino
15498,13175,treino
15499,12699,treino
15500,12676,validacao
15501,12685,treino
15502,13302,treino
15503,13180,treino
15504,13183,treino
15505,13308,validacao
15506,13185,teste
15507,12650,teste
15508,12702,validacao
15509,12693,validacao
15510,13192,validacao
15511,13311,treino
15512,13317,teste
15513,13317,teste
15514,13317,teste
15515,13314,validacao
15516,13317,teste
15517,13317,teste
15518,12708,treino
15519,13194,treino
15520,13320,treino
15521,13198,treino
15522,13201,treino
15523,13323,treino
15524,12670,treino
15525,12659,validacao
15526,13206,treino
15527,13328,treino
15528,12719,teste
15529,13212,treino
15530,13331,validacao
15531,13336,treino
15532,13334,treino
15533,13336,treino
15534,13336,treino
15535,13336,treino
15536,13336,treino
15537,13215,treino
15538,13218,treino
15539,13340,treino
15540,13221,teste
15541,13343,treino
15542,13224,teste
15543,12728,teste
15544,12739,treino
15545,13348,treino
15546,13234,treino
15547,13351,teste
15548,13354,validacao
15549,13354,validacao
15550,13237,treino
15551,13354,validacao
15552,13354,validacao
15553,12713,treino
15554,12689,treino
15555,12705,treino
15556,13354,validacao
15557,13240,treino
15558,13357,teste
15559,13243,treino
15560,12745,treino
15561,13360,treino
15562,13246,treino
15563,13366,treino
15564,13363,treino
15565,13253,treino
15566,12715,validacao
15567,12771,teste
15568,12725,treino
15569,12721,treino
15570,13259,validacao
15571,13374,teste
15572,13374,teste
15573,13374,teste
15574,13374,teste
15575,13262,treino
15576,13374,teste
15577,13371,treino
15578,13265,validacao
15579,13379,teste
15580,13268,treino
15581,12791,teste
15582,13382,teste
15583,13385,treino
15584,13271,treino
15585,13277,treino
15586,13388,teste
15587,12765,treino
15588,12751,treino
15589,12768,treino
15590,12754,treino
15591,12731,teste
15592,13393,treino
15593,13279,treino
15594,13393,treino
15595,13393,treino
15596,13393,treino
15597,13393,treino
15598,13396,treino
15599,13285,treino
15600,12774,treino
15601,12787,treino
15602,12736,treino
15603,13399,treino
15604,13288,treino
15605,13401,treino
15606,13405,teste
15607,13291,validacao
15608,12777,teste
15609,12757,validacao
15610,12742,treino
15611,12808,teste
15612,12762,treino
15613,13294,treino
15614,13411,teste
15615,13300,treino
15616,13408,treino
15617,13411,teste
15618,13411,teste
15619,13411,teste
15620,13411,teste
15621,12748,treino
15622,13414,teste
15623,13302,treino
15624,13308,validacao
15625,13419,treino
15626,13422,treino
15627,12811,treino
15628,12780,validacao
15629,12831,treino
15630,13425,treino
15631,13311,treino
15632,13314,validacao
15633,12817,treino
15634,12826,teste
15635,13427,treino
15636,13431,treino
15637,13320,treino
15638,13431,treino
15639,13431,treino
15640,13431,treino
15641,13431,treino
15642,13434,teste
15643,13323,treino
15644,12797,validacao
15645,12794,treino
15646,13439,treino
15647,13328,treino
15648,13442,treino
15649,13445,treino
15650,12799,treino
15651,12833,treino
15652,12823,treino
15653,12785,treino
15654,13331,validacao
15655,13334,treino
15656,13448,validacao
15657,13451,treino
15658,13451,treino
15659,13451,treino
15660,13454,treino
15661,13451,treino
15662,13451,treino
15663,13340,treino
15664,12843,teste
15665,12840,treino
15666,13457,treino
15667,13343,treino
15668,13460,treino
15669,12814,treino
15670,13463,treino
15671,13348,treino
15672,13468,treino
15673,13351,teste
15674,13454,treino
15676,12861,treino
15677,12803,validacao
15678,13470,teste
15679,13474,teste
15680,13474,teste
15681,13474,teste
15682,13474,teste
15683,13474,teste
15684,13357,teste
15685,13476,teste
15686,13360,treino
15687,12853,teste
15688,12876,treino
15689,12837,teste
15690,13480,treino
15691,13485,treino
15694,13366,treino
15695,13363,treino
15696,12937,treino
15697,12820,treino
15698,12888,validacao
15699,12885,treino
15700,13488,validacao
15701,13371,treino
15702,13496,treino
15703,13493,teste
15704,13496,treino
15705,13496,treino
15706,13496,treino
15707,12865,treino
15708,13498,validacao
15709,13379,teste
15712,13505,treino
15713,13502,validacao
15714,12856,treino
15715,13382,teste
15716,13385,treino
15717,13508,treino
15718,13388,teste
15719,12882,treino
15720,12911,treino
15721,13511,treino
15722,13516,treino
15723,13516,treino
15724,13516,treino
15725,13516,treino
15726,13516,treino
15727,13396,treino
15728,13518,teste
15729,12848,treino
15730,12859,validacao
15731,13399,treino
15734,13522,treino
15735,13525,validacao
15736,13401,treino
15737,13405,teste
15738,12925,validacao
15739,12872,treino
15740,12905,validacao
15741,13528,teste
15742,13408,treino
15743,13531,treino
15744,13534,treino
15745,13534,treino
15746,12868,validacao
15747,13534,treino
15748,13414,teste
15749,13534,treino
15750,13534,treino
15753,13538,treino
15754,13419,treino
15755,13422,treino
15756,13542,teste
15757,13545,treino
15758,12891,treino
15759,12879,teste
15760,13425,treino
15761,13548,treino
15762,12940,validacao
15763,13427,treino
15766,13551,treino
15767,13554,treino
15768,13554,treino
15769,13554,treino
15770,13434,teste
15771,13554,treino
15772,13554,treino
15773,13557,validacao
15774,12917,treino
15775,12914,treino
15776,12945,treino
15777,13560,treino
15778,13439,treino
15779,13565,validacao
15780,13442,treino
15781,13445,treino
15782,12908,treino
15783,12920,treino
15784,12894,treino
15785,12928,treino
15786,12898,treino
15787,12902,treino
15788,12934,treino
15791,13568,teste
15792,13448,validacao
15793,13571,treino
15794,12957,validacao
15795,12954,validacao
15796,13574,treino
15797,13457,treino
15798,13574,treino
15799,13574,treino
15800,13574,treino
15801,13574,treino
15802,13577,treino
15803,13580,treino
15804,13460,treino
15805,13463,treino
15806,12973,treino
15807,12959,treino
15808,13583,teste
15811,13468,treino
15812,13588,treino
15813,13470,teste
15814,12931,treino
15815,12963,treino
15816,12951,validacao
15817,13591,teste
15818,13594,treino
15819,13476,teste
15820,13594,treino
15821,13594,treino
15822,13594,treino
15823,13597,validacao
15824,13594,treino
15825,12999,treino
15826,13600,treino
15827,13480,treino
15830,13485,treino
15831,13604,treino
15832,13488,validacao
15833,12994,treino
15834,12986,validacao
15835,13609,treino
15836,13493,teste
15837,13613,treino
15838,12997,treino
15839,12968,treino
15840,12948,treino
15841,13619,treino
15842,13498,validacao
15843,13619,treino
15844,13619,treino
15846,13619,treino
15847,13616,treino
15848,13619,treino
15850,13622,treino
15851,13505,treino
15852,13502,validacao
15853,13006,validacao
15854,12971,treino
15855,13625,treino
15856,13508,treino
15857,13628,treino
15858,12983,treino
15859,13017,treino
15860,12977,treino
15861,13511,treino
15863,13633,treino
15865,13636,treino
15866,13518,teste
15867,13639,treino
15868,13639,treino
15869,13639,treino
15870,13639,treino
15871,13639,treino
15872,13034,teste
15873,12980,teste
15874,12991,treino
15875,13642,treino
15876,13522,treino
15877,13525,validacao
15878,13645,treino
15879,13528,teste
15880,13040,treino
15881,13042,treino
15882,13648,treino
15885,13531,treino
15886,13651,treino
15887,13654,validacao
15888,13538,treino
15889,13659,treino
15890,13659,treino
15891,13659,treino
15892,13659,treino
15893,13659,treino
15894,13662,validacao
15895,13542,teste
15896,13545,treino
15897,13003,treino
15898,13055,treino
15899,13032,teste
15900,13049,teste
15901,13665,teste
15904,13548,treino
15905,13668,treino
15906,13023,treino
15907,13551,treino
15908,13671,treino
15909,13674,treino
15910,13557,validacao
15911,13012,treino
15912,13009,treino
15913,13560,treino
15914,13679,treino
15915,13679,treino
15916,13679,treino
15917,13682,treino
15918,13679,treino
15919,13679,treino
15922,13565,validacao
15923,13089,treino
15924,13052,treino
15925,13078,treino
15926,13026,treino
15927,13685,treino
15928,13568,teste
15929,13688,teste
15930,13691,treino
15931,13571,treino
15932,13063,teste
15933,13020,treino
15934,13092,validacao
15935,13057,teste
15936,13085,treino
15937,13046,teste
15938,13072,validacao
15939,13029,treino
15940,13577,treino
15941,13580,treino
15943,13694,treino
15945,13697,teste
15946,13697,teste
15947,13697,teste
15948,13697,teste
15949,13697,teste
15950,13081,treino
15951,13583,teste
15952,13700,validacao
15953,13588,treino
15954,13708,treino
15955,13705,treino
15956,13591,teste
15959,13713,treino
15960,13597,validacao
15961,13600,treino
15962,13065,teste
15963,13716,treino
15964,13719,teste
15965,13719,teste
15966,13719,teste
15967,13719,teste
15968,13604,treino
15969,13722,validacao
15970,13724,teste
15971,13075,treino
15972,13117,treino
15973,13126,treino
15974,13129,teste
15975,13609,treino
15978,13730,validacao
15979,13613,treino
15980,13109,treino
15981,13133,teste
15982,13733,treino
15983,13616,treino
15984,13622,treino
15985,13739,teste
15986,13739,teste
15987,13739,teste
15988,13736,validacao
15989,13739,teste
15990,13739,teste
15991,13106,teste
15992,13069,treino
15993,13625,treino
15996,13742,treino
15997,13628,treino
15998,13745,treino
15999,13748,treino
16000,13633,treino
16001,13636,treino
16002,13753,validacao
16003,13642,treino
16004,13100,treino
16005,13759,treino
16006,13756,teste
16007,13759,treino
16008,13759,treino
16010,13759,treino
16012,13759,treino
16013,13645,treino
16014,13762,validacao
16015,13103,treino
16016,13140,treino
16017,13146,teste
16018,13097,validacao
16019,13166,treino
16020,13765,treino
16021,13648,treino
16022,13768,treino
16023,13651,treino
16024,13654,validacao
16025,13114,treino
16026,13771,treino
16029,13662,validacao
16030,13779,teste
16031,13779,teste
16032,13779,teste
16033,13169,treino
16034,13122,treino
16035,13120,validacao
16036,13143,treino
16037,13779,teste
16038,13779,teste
16039,13776,treino
16040,13665,teste
16041,13782,treino
16042,13785,validacao
16043,13668,treino
16044,13185,teste
16045,13671,treino
16046,13788,treino
16049,13674,treino
16050,13162,validacao
16051,13175,treino
16052,13160,teste
16053,13157,treino
16054,13791,treino
16055,13682,treino
16056,13798,teste
16057,13798,teste
16058,13798,teste
16059,13798,teste
16060,13798,teste
16061,13685,treino
16062,13137,treino
16063,13804,treino
16064,13801,validacao
16065,13688,teste
16068,13691,treino
16069,13806,validacao
16070,13215,treino
16071,13149,treino
16072,13152,treino
16073,13694,treino
16074,13810,validacao
16075,13171,treino
16076,13180,treino
16077,13198,treino
16078,13194,treino
16079,13206,treino
16080,13700,validacao
16081,13818,treino
16082,13813,teste
16083,13818,treino
16084,13818,treino
16085,13818,treino
16086,13821,teste
16089,13705,treino
16090,13708,treino
16091,13212,treino
16092,13189,validacao
16093,13824,treino
16094,13713,treino
16095,13827,treino
16096,13183,treino
16097,13240,treino
16098,13237,treino
16099,13716,treino
16100,13830,treino
16103,13836,treino
16104,13836,treino
16105,13836,treino
16106,13722,validacao
16107,13836,treino
16108,13836,treino
16109,13833,validacao
16110,13724,teste
16111,13246,treino
16112,13730,validacao
16113,13840,teste
16114,13221,teste
16115,13253,treino
16116,13733,treino
16117,13844,treino
16120,13736,validacao
16121,13847,treino
16122,13850,teste
16123,13218,treino
16124,13262,treino
16125,13192,validacao
16126,13853,treino
16127,13853,treino
16128,13853,treino
16129,13853,treino
16130,13853,treino
16131,13742,treino
16132,13856,validacao
16133,13745,treino
16134,13748,treino
16135,13201,treino
16136,13859,treino
16139,13753,validacao
16140,13864,teste
16141,13209,treino
16142,13867,validacao
16143,13756,teste
16144,13870,teste
16145,13872,treino
16146,13872,treino
16147,13762,validacao
16148,13872,treino
16149,13765,treino
16150,13872,treino
16151,13872,treino
16152,13231,validacao
16153,13243,treino
16154,13876,treino
16155,13768,treino
16158,13879,treino
16159,13234,treino
16160,13300,treino
16161,13771,treino
16162,13883,treino
16163,13887,treino
16164,13890,teste
16165,13776,treino
16166,13251,treino
16167,13393,treino
16168,13259,validacao
16169,13268,treino
16170,13224,teste
16171,13782,treino
16172,13893,treino
16173,13893,treino
16174,13893,treino
16176,13893,treino
16178,13893,treino
16179,13896,validacao
16180,13785,validacao
16181,13277,treino
16182,13788,treino
16183,13901,treino
16184,13904,treino
16185,13274,teste
16186,13294,treino
16187,13271,treino
16188,13907,teste
16189,13791,treino
16192,13911,validacao
16193,13915,treino
16194,13804,treino
16195,13915,treino
16196,13317,teste
16197,13302,treino
16198,13915,treino
16199,13915,treino
16200,13801,validacao
16201,13915,treino
16202,13918,treino
16203,13806,validacao
16204,13291,validacao
16205,13265,validacao
16206,13921,treino
16207,13924,treino
16209,13810,validacao
16211,13927,treino
16212,13320,treino
16213,13431,treino
16214,13285,treino
16215,13279,treino
16216,13314,validacao
16217,13813,teste
16218,13821,teste
16219,13932,teste
16220,13935,teste
16221,13935,teste
16222,13935,teste
16223,13935,teste
16224,13935,teste
16225,13938,treino
16226,13824,treino
16228,13941,treino
16230,13827,treino
16231,13944,treino
16232,13348,treino
16233,13288,treino
16234,13328,treino
16235,13323,treino
16236,13830,treino
16237,13948,teste
16238,13833,validacao
16239,13366,treino
16240,13311,treino
16241,13360,treino
16242,13296,teste
16243,13957,treino
16244,13957,treino
16245,13952,treino
16246,13957,treino
16247,13957,treino
16248,13957,treino
16249,13840,teste
16252,13960,treino
16253,13354,validacao
16254,13308,validacao
16255,13844,treino
16256,13963,teste
16257,13847,treino
16258,13965,treino
16259,13850,teste
16260,13969,teste
16261,13340,treino
16262,13351,teste
16263,13856,validacao
16265,13972,treino
16266,13975,treino
16268,13975,treino
16269,13975,treino
16270,13975,treino
16271,13975,treino
16272,13859,treino
16273,13379,teste
16274,13334,treino
16275,13980,treino
16276,13864,teste
16277,13336,treino
16278,13363,treino
16279,13986,validacao
16280,13867,validacao
16281,13870,teste
16282,13983,treino
16285,13876,treino
16286,13371,treino
16287,13343,treino
16288,13331,validacao
16289,13388,teste
16290,13396,treino
16291,13989,treino
16292,13496,treino
16293,13496,treino
16294,13991,teste
16295,13991,teste
16296,13991,teste
16297,13991,teste
16298,13991,teste
16299,13879,treino
16300,13995,validacao
16301,13385,treino
16302,13883,treino
16303,14000,validacao
16304,13887,treino
16307,14008,validacao
16308,13890,teste
16309,13357,teste
16310,14003,treino
16311,13896,validacao
16312,14014,treino
16313,14011,treino
16314,14014,treino
16315,14014,treino
16316,14014,treino
16317,14014,treino
16318,13374,teste
16319,13901,treino
16320,14017,treino
16323,13904,treino
16324,14020,teste
16325,13419,treino
16326,13907,teste
16327,14027,treino
16328,13911,validacao
16329,13425,treino
16330,13411,teste
16331,13399,treino
16332,14033,validacao
16333,14029,treino
16334,14035,treino
16335,14035,treino
16336,13918,treino
16337,14035,treino
16338,14035,treino
16339,14035,treino
16341,14039,treino
16343,13405,teste
16344,13921,treino
16345,13924,treino
16346,14042,teste
16347,13927,treino
16348,13427,treino
16349,14045,treino
16350,13932,teste
16351,14050,teste
16354,14053,validacao
16355,13938,treino
16356,14056,treino
16357,14056,treino
16358,13408,treino
16359,13382,teste
16360,13448,validacao
16361,13434,teste
16362,13439,treino
16363,14056,treino
16364,14056,treino
16365,14056,treino
16366,14059,validacao
16367,13941,treino
16368,14063,validacao
16369,13944,treino
16370,13422,treino
16371,13401,treino
16372,13451,treino
16373,13948,teste
16374,14067,treino
16377,14070,treino
16378,13952,treino
16379,13463,treino
16380,13485,treino
16381,13442,treino
16382,13457,treino
16383,14075,teste
16384,14078,teste
16385,13960,treino
16386,14078,teste
16387,14078,teste
16388,14078,teste
16389,14078,teste
16390,14081,validacao
16391,13470,teste
16392,13414,teste
16393,13963,teste
16395,14084,treino
16397,13965,treino
16398,14087,treino
16399,13969,teste
16400,14090,validacao
16401,13972,treino
16402,14093,treino
16403,14097,treino
16404,14097,treino
16405,13980,treino
16406,14097,treino
16407,14097,treino
16408,14097,treino
16409,14101,treino
16412,13986,validacao
16413,13445,treino
16414,13480,treino
16415,13468,treino
16416,13476,teste
16417,14104,treino
16418,13983,treino
16419,14107,treino
16420,14110,validacao
16421,13989,treino
16422,13502,validacao
16423,14113,treino
16426,13995,validacao
16427,14116,treino
16428,14116,treino
16429,14116,treino
16430,14116,treino
16431,14116,treino
16432,13488,validacao
16433,14000,validacao
16434,14121,treino
16435,14008,validacao
16436,14123,validacao
16437,14127,validacao
16438,13460,treino
16439,13474,teste
16440,14003,treino
16441,14130,validacao
16444,14011,treino
16445,13525,validacao
16446,14017,treino
16447,14135,teste
16448,14133,treino
16449,14135,teste
16450,14135,teste
16451,14135,teste
16452,14135,teste
16453,14020,teste
16454,14142,treino
16455,13639,treino
16456,13548,treino
16457,13522,treino
16458,14139,treino
16459,14027,treino
16462,14147,validacao
16463,14029,treino
16464,14033,validacao
16465,13505,treino
16466,13528,teste
16467,14039,treino
16468,14150,treino
16469,14152,validacao
16470,14152,validacao
16471,13545,treino
16472,13493,teste
16473,13498,validacao
16474,14152,validacao
16475,14152,validacao
16476,14152,validacao
16477,14156,validacao
16478,14042,teste
16479,14159,treino
16482,14045,treino
16483,13534,treino
16484,13554,treino
16485,13508,treino
16486,13557,validacao
16487,13565,validacao
16488,13538,treino
16489,14161,treino
16490,14050,teste
16491,14053,validacao
16492,14169,validacao
16493,13518,teste
16494,13511,treino
16495,13516,treino
16496,13551,treino
16497,13531,treino
16498,14059,validacao
16499,14172,treino
16500,14175,treino
16502,14177,treino
16504,14177,treino
16505,14177,treino
16506,14063,validacao
16507,14177,treino
16508,14177,treino
16509,13571,treino
16510,13542,teste
16511,13568,teste
16512,13560,treino
16513,14181,teste
16514,14067,treino
16515,14070,treino
16516,14184,validacao
16517,13583,teste
16518,14075,teste
16520,14188,teste
16522,14081,validacao
16523,14192,treino
16524,13577,treino
16525,14198,teste
16526,14198,teste
16527,14198,teste
16528,14195,treino
16529,14084,treino
16530,14198,teste
16531,14198,teste
16532,14087,treino
16533,13580,treino
16534,13616,treino
16535,14090,validacao
16536,14200,treino
16539,14093,treino
16540,13625,treino
16541,13594,treino
16542,13588,treino
16543,14206,treino
16544,14209,treino
16545,14101,treino
16546,14212,treino
16547,14215,validacao
16548,13591,teste
16549,13613,treino
16550,14215,validacao
16551,14215,validacao
16552,14104,treino
16553,14215,validacao
16554,14215,validacao
16555,14107,treino
16557,14218,treino
16559,14110,validacao
16560,13597,validacao
16561,13600,treino
16562,14221,treino
16563,14113,treino
16564,14223,treino
16565,13574,treino
16566,14227,treino
16567,14121,treino
16568,14232,treino
16569,14232,treino
16570,14232,treino
16571,14232,treino
16572,14232,treino
16573,14127,validacao
16574,14123,validacao
16575,14235,treino
16576,13636,treino
16577,13622,treino
16578,13648,treino
16579,13659,treino
16580,14130,validacao
16581,14238,treino
16582,13604,treino
16583,14241,treino
16584,14133,treino
16585,14244,teste
16586,14142,treino
16587,14139,treino
16588,13619,treino
16589,13674,treino
16590,13668,treino
16591,13628,treino
16592,13665,teste
16593,14252,validacao
16594,14249,treino
16595,14252,validacao
16596,14252,validacao
16597,14252,validacao
16598,14252,validacao
16599,14255,treino
16600,14147,validacao
16601,13642,treino
16602,14258,treino
16603,14261,treino
16604,14150,treino
16605,13679,treino
16606,13609,treino
16607,13662,validacao
16608,14156,validacao
16609,14159,treino
16610,14264,treino
16611,14272,treino
16612,14272,treino
16613,14272,treino
16614,14161,treino
16615,13633,treino
16616,14272,treino
16617,14272,treino
16618,14267,teste
16619,14275,treino
16620,14278,treino
16621,13671,treino
16622,13651,treino
16623,14172,treino
16624,14175,treino
16625,14281,teste
16626,14181,teste
16627,14283,teste
16628,14287,validacao
16629,14287,validacao
16630,14287,validacao
16631,14293,treino
16632,14287,validacao
16633,14287,validacao
16634,14290,treino
16635,14184,validacao
16636,13645,treino
16637,14298,treino
16638,14188,teste
16639,14192,treino
16640,14300,treino
16641,13654,validacao
16642,13722,validacao
16643,13691,treino
16644,14195,treino
16645,14304,validacao
16646,14309,teste
16647,14307,treino
16648,14309,teste
16649,14309,teste
16650,14309,teste
16651,14309,teste
16652,14200,treino
16653,14313,teste
16654,14316,treino
16655,14206,treino
16656,13724,teste
16657,13739,teste
16658,14209,treino
16659,14321,validacao
16660,14212,treino
16661,13730,validacao
16662,13697,teste
16663,13682,treino
16664,13685,treino
16665,14324,teste
16666,14218,treino
16668,14330,validacao
16669,14327,validacao
16670,14330,validacao
16671,14330,validacao
16672,14330,validacao
16673,14330,validacao
16674,14333,treino
16675,13688,teste
16676,13759,treino
16677,14221,treino
16678,14336,validacao
16679,14223,treino
16680,13694,treino
16681,13765,treino
16682,14227,treino
16683,14341,treino
16684,14235,treino
16685,13708,treino
16686,13745,treino
16687,13716,treino
16688,13700,validacao
16689,13705,treino
16690,14350,treino
16691,14344,validacao
16692,14346,treino
16693,14350,treino
16694,14350,treino
16695,14350,treino
16696,14350,treino
16697,14238,treino
16698,14353,treino
16699,13748,treino
16700,13713,treino
16701,14241,treino
16702,14244,teste
16703,14356,validacao
16704,13742,treino
16705,13736,validacao
16706,13768,treino
16707,14360,validacao
16708,14364,teste
16709,14255,treino
16710,14367,treino
16711,14367,treino
16712,14367,treino
16713,13785,validacao
16714,14367,treino
16715,14367,treino
16716,14258,treino
16717,14370,teste
16718,14261,treino
16719,13771,treino
16720,14373,treino
16721,14264,treino
16722,14376,treino
16723,13733,treino
16724,14267,teste
16725,14381,validacao
16726,14387,treino
16727,14387,treino
16728,14275,treino
16729,14387,treino
16730,14383,validacao
16731,14278,treino
16732,14387,treino
16733,14387,treino
16734,13776,treino
16735,13779,teste
16736,14390,treino
16737,14281,teste
16738,13810,validacao
16739,13753,validacao
16740,13824,treino
16741,13762,validacao
16742,13756,teste
16743,13782,treino
16744,14393,treino
16745,14396,treino
16746,14293,treino
16747,14290,treino
16748,14399,validacao
16749,14404,treino
16750,14404,treino
16751,14404,treino
16752,14298,treino
16753,14404,treino
16754,14404,treino
16755,14407,teste
16756,14300,treino
16757,13801,validacao
16759,14409,teste
16760,14304,validacao
16761,14413,teste
16762,13791,treino
16763,13833,validacao
16764,13836,treino
16765,13788,treino
16766,14416,treino
16767,14307,treino
16768,14313,teste
16769,14418,validacao
16770,14316,treino
16771,14422,teste
16772,14422,teste
16773,14422,teste
16774,14422,teste
16775,14422,teste
16776,13804,treino
16777,13813,teste
16778,13798,teste
16779,13850,teste
16780,14427,treino
16781,14321,validacao
16782,14430,treino
16783,13821,teste
16784,14324,teste
16785,14433,treino
16786,14436,teste
16787,14327,validacao
16788,14333,treino
16789,14439,treino
16790,13830,treino
16791,13853,treino
16792,13840,teste
16793,14442,treino
16794,14442,treino
16795,14442,treino
16796,14442,treino
16797,14336,validacao
16798,14442,treino
16799,14445,teste
16800,13806,validacao
16801,13827,treino
16802,14341,treino
16803,14450,treino
16804,14453,validacao
16805,14456,teste
16806,13844,treino
16807,14344,validacao
16808,14346,treino
16809,14459,teste
16810,14461,treino
16811,14353,treino
16812,13856,validacao
16813,14461,treino
16814,14461,treino
16815,14461,treino
16816,14461,treino
16817,14465,treino
16818,14356,validacao
16819,14468,treino
16820,13847,treino
16821,13867,validacao
16822,14473,teste
16823,14476,treino
16824,14360,validacao
16825,14364,teste
16826,13893,treino
16827,13887,treino
16828,13876,treino
16829,14479,treino
16830,14370,teste
16831,14481,treino
16832,14481,treino
16833,14481,treino
16834,14481,treino
16835,14481,treino
16836,14485,validacao
16837,14373,treino
16838,13859,treino
16839,13915,treino
16840,14488,treino
16841,14376,treino
16842,14491,treino
16843,13921,treino
16844,13896,validacao
16845,13864,teste
16846,13911,validacao
16847,14381,validacao
16848,14383,validacao
16849,14496,treino
16850,13991,teste
16851,13870,teste
16852,13901,treino
16853,14499,treino
16854,14499,treino
16855,14390,treino
16856,14499,treino
16857,14499,treino
16858,14499,treino
16859,14502,treino
16860,13872,treino
16861,13932,teste
16862,14505,treino
16863,14393,treino
16864,14396,treino
16865,14508,treino
16866,14511,treino
16867,14399,validacao
16868,13907,teste
16869,13938,treino
16870,13879,treino
16871,13890,teste
16872,13883,treino
16873,13904,treino
16874,14516,treino
16875,14407,teste
16876,14519,treino
16877,14519,treino
16878,14519,treino
16879,14521,treino
16880,14519,treino
16881,14519,treino
16882,14409,teste
16883,14525,teste
16884,14413,teste
16885,14416,treino
16886,13924,treino
16887,13918,treino
16888,13927,treino
16889,13957,treino
16890,14528,treino
16891,14418,validacao
16892,14531,validacao
16893,14534,treino
16894,14427,treino
16895,14542,treino
16896,14538,teste
16897,14542,treino
16898,14542,treino
16899,14542,treino
16900,14542,treino
16901,14430,treino
16902,13941,treino
16903,14545,teste
16904,14433,treino
16905,14436,teste
16906,14548,treino
16907,14551,treino
16908,14439,treino
16909,13975,treino
16910,13983,treino
16911,13948,teste
16912,13935,teste
16913,14554,treino
16914,14445,teste
16915,14561,validacao
16916,13980,treino
16917,13986,validacao
16918,13963,teste
16919,14559,validacao
16920,14561,validacao
16921,14561,validacao
16922,14561,validacao
16923,14561,validacao
16924,14450,treino
16925,14565,treino
16926,14456,teste
16927,14453,validacao
16928,13989,treino
16929,13952,treino
16930,13944,treino
16931,14568,teste
16932,14571,teste
16933,14459,teste
16934,14574,treino
16935,14008,validacao
16936,13965,treino
16937,14465,treino
16938,14576,teste
16939,14580,teste
16940,14580,teste
16941,14580,teste
16942,14580,teste
16943,14580,teste
16944,14468,treino
16945,13972,treino
16946,14585,treino
16947,14473,teste
16948,14476,treino
16949,14588,teste
16950,14591,teste
16951,14011,treino
16952,14479,treino
16953,14594,treino
16954,14485,validacao
16955,14597,treino
16956,14003,treino
16957,13960,treino
16958,14600,treino
16959,14600,treino
16960,14600,treino
16961,14600,treino
16962,14600,treino
16963,14488,treino
16964,14603,treino
16965,14491,treino
16966,14033,validacao
16967,13969,teste
16968,14608,treino
16969,14611,treino
16970,14496,treino
16971,14020,teste
16972,14614,treino
16973,14502,treino
16974,14620,treino
16975,14617,treino
16976,14505,treino
16977,14045,treino
16978,14620,treino
16979,14620,treino
16980,14620,treino
16981,14620,treino
16982,14623,treino
16983,14508,treino
16984,14511,treino
16985,14626,treino
16986,14014,treino
16987,13995,validacao
16988,14516,treino
16989,14521,treino
16990,14631,treino
16991,14017,treino
16992,14000,validacao
16993,14059,validacao
16994,14525,teste
16995,14634,treino
16996,14640,validacao
16997,14637,validacao
16998,14640,validacao
16999,14640,validacao
17000,14640,validacao
17001,14640,validacao
17002,14056,treino
17003,14027,treino
17004,14039,treino
17005,14042,teste
17006,14528,treino
17007,14643,treino
17008,14531,validacao
17009,14534,treino
17010,14648,treino
17011,14053,validacao
17012,14538,teste
17013,14651,treino
17014,14653,treino
17015,14035,treino
17016,14067,treino
17017,14075,teste
17018,14545,teste
17019,14657,treino
17020,14660,validacao
17021,14660,validacao
17022,14660,validacao
17023,14548,treino
17024,14665,teste
17025,14551,treino
17026,14029,treino
17027,14101,treino
17028,14554,treino
17029,14668,treino
17030,14559,validacao
17031,14050,teste
17032,14081,validacao
17033,14673,validacao
17034,14676,treino
17035,14565,treino
17036,14679,validacao
17037,14681,treino
17038,14681,treino
17039,14681,treino
17040,14681,treino
17041,14681,treino
17042,14087,treino
17043,14104,treino
17044,14568,teste
17045,14571,teste
17046,14685,teste
17047,14574,treino
17048,14688,treino
17049,14116,treino
17050,14090,validacao
17051,14063,validacao
17052,14070,treino
17053,14084,treino
17054,14576,teste
17055,14691,treino
17056,14694,teste
17057,14585,treino
17058,14078,teste
17059,14110,validacao
17060,14127,validacao
17061,14699,treino
17062,14701,treino
17063,14588,teste
17064,14701,treino
17065,14701,treino
17066,14701,treino
17067,14591,teste
17068,14701,treino
17069,14705,teste
17070,14113,treino
17071,14097,treino
17072,14594,treino
17073,14708,validacao
17074,14711,treino
17075,14597,treino
17076,14133,treino
17077,14714,treino
17078,14603,treino
17079,14722,treino
17080,14608,treino
17081,14093,treino
17082,14142,treino
17083,14722,treino
17084,14722,treino
17085,14722,treino
17086,14719,treino
17087,14722,treino
17088,14611,treino
17089,14725,treino
17090,14614,treino
17091,14728,treino
17092,14161,treino
17093,14731,treino
17094,14617,treino
17095,14121,treino
17096,14107,treino
17097,14734,treino
17098,14623,treino
17099,14737,teste
17100,14737,teste
17101,14737,teste
17102,14737,teste
17103,14737,teste
17104,14626,treino
17105,14147,validacao
17106,14123,validacao
17107,14130,validacao
17108,14135,teste
17109,14742,treino
17110,14745,teste
17111,14748,teste
17112,14631,treino
17113,14169,validacao
17114,14159,treino
17115,14181,teste
17116,14751,validacao
17117,14634,treino
17118,14637,validacao
17119,14754,treino
17120,14175,treino
17121,14139,treino
17122,14757,teste
17123,14757,teste
17124,14757,teste
17125,14643,treino
17126,14757,teste
17127,14757,teste
17128,14760,treino
17129,14648,treino
17130,14763,treino
17131,14152,validacao
17132,14768,treino
17133,14651,treino
17134,14653,treino
17135,14771,teste
17136,14150,treino
17137,14195,treino
17138,14209,treino
17139,14192,treino
17140,14657,treino
17141,14660,validacao
17142,14777,validacao
17143,14665,teste
17144,14777,validacao
17145,14777,validacao
17146,14774,treino
17147,14777,validacao
17148,14777,validacao
17149,14200,treino
17150,14198,teste
17151,14172,treino
17152,14188,teste
17153,14780,teste
17154,14668,treino
17155,14783,teste
17156,14673,validacao
17157,14206,treino
17158,14156,validacao
17159,14676,treino
17160,14788,treino
17161,14679,validacao
17162,14791,validacao
17163,14221,treino
17164,14685,teste
17165,14797,teste
17166,14794,teste
17167,14797,teste
17168,14797,teste
17169,14797,teste
17170,14797,teste
17171,14800,teste
17172,14688,treino
17173,14184,validacao
17174,14215,validacao
17175,14691,treino
17176,14803,teste
17177,14694,teste
17178,14177,treino
17179,14699,treino
17180,14808,treino
17181,14811,teste
17182,14705,teste
17183,14817,treino
17184,14212,treino
17185,14817,treino
17186,14817,treino
17187,14817,treino
17188,14814,treino
17189,14817,treino
17190,14708,validacao
17191,14711,treino
17192,14820,treino
17193,14241,treino
17194,14227,treino
17195,14714,treino
17196,14823,treino
17197,14249,treino
17198,14827,treino
17199,14719,treino
17200,14831,teste
17201,14834,treino
17202,14834,treino
17203,14834,treino
17204,14834,treino
17205,14834,treino
17206,14725,treino
17207,14728,treino
17208,14218,treino
17209,14837,treino
17210,14731,treino
17211,14278,treino
17212,14252,validacao
17213,14840,treino
17214,14734,treino
17215,14843,validacao
17216,14742,treino
17217,13454,treino
17218,14244,teste
17219,14264,treino
17220,14848,treino
17221,14851,treino
17222,14745,teste
17223,14851,treino
17224,14851,treino
17225,14851,treino
17226,14851,treino
17227,14748,teste
17228,14854,teste
17229,14235,treino
17230,14258,treino
17231,14223,treino
17232,14751,validacao
17233,14857,treino
17234,14754,treino
17235,14860,teste
17236,14232,treino
17237,14760,treino
17238,14863,treino
17239,14868,treino
17240,14763,treino
17241,14868,treino
17242,14868,treino
17243,14255,treino
17244,14238,treino
17245,14868,treino
17246,14768,treino
17248,14870,validacao
17249,14771,teste
17250,14874,treino
17251,14877,validacao
17252,14774,treino
17253,14880,treino
17254,14324,teste
17255,14307,treino
17256,14272,treino
17257,14261,treino
17258,14780,teste
17259,14883,treino
17260,14883,treino
17261,14883,treino
17262,14883,treino
17263,14886,validacao
17264,14783,teste
17265,14883,treino
17266,14290,treino
17267,14283,teste
17268,14309,teste
17269,14788,treino
17270,14891,treino
17271,14791,validacao
17272,14300,treino
17273,14287,validacao
17274,14267,teste
17275,14336,validacao
17276,14894,treino
17277,14897,treino
17278,14794,teste
17279,14800,teste
17280,14900,treino
17281,14903,treino
17282,14275,treino
17283,14313,teste
17284,14903,treino
17285,14903,treino
17286,14903,treino
17287,14903,treino
17288,14803,teste
17289,14905,treino
17290,14327,validacao
17291,14316,treino
17292,14344,validacao
17293,14298,treino
17294,14293,treino
17295,14353,treino
17296,14281,teste
17297,14808,treino
17298,14911,treino
17299,14914,treino
17300,14811,teste
17301,14304,validacao
17302,14321,validacao
17303,14814,treino
17304,14917,treino
17305,14920,teste
17306,14920,teste
17307,14920,teste
17308,14920,teste
17309,14920,teste
17310,14820,treino
17311,14330,validacao
17312,14923,teste
17313,14823,treino
17314,14926,treino
17315,14930,teste
17316,14827,treino
17317,14370,teste
17318,14831,teste
17319,14934,treino
17320,14364,teste
17321,14940,treino
17322,14937,teste
17323,14837,treino
17324,14940,treino
17325,14940,treino
17326,14940,treino
17327,14940,treino
17328,14942,treino
17329,14341,treino
17330,14840,treino
17331,14843,validacao
17332,14948,teste
17333,14848,treino
17334,14360,validacao
17335,14333,treino
17336,14376,treino
17337,14946,treino
17338,14954,treino
17339,14957,validacao
17340,14854,teste
17341,14957,validacao
17342,14957,validacao
17343,14957,validacao
17344,14957,validacao
17345,14373,treino
17346,14356,validacao
17347,14390,treino
17348,14960,treino
17349,14857,treino
17350,14860,teste
17351,14381,validacao
17352,14393,treino
17353,14346,treino
17354,14963,treino
17355,14863,treino
17356,14966,treino
17357,14969,teste
17358,14350,treino
17359,14387,treino
17360,14974,teste
17361,14870,validacao
17362,14977,treino
17363,14977,treino
17364,14977,treino
17365,14977,treino
17366,14977,treino
17367,14980,treino
17368,14367,treino
17369,14874,treino
17370,14983,treino
17371,14877,validacao
17372,14880,treino
17373,14986,treino
17374,14430,treino
17375,14396,treino
17376,14988,validacao
17377,14886,validacao
17378,14992,treino
17379,14997,treino
17380,14997,treino
17381,14997,treino
17382,14997,treino
17383,14997,treino
17384,14891,treino
17385,15000,treino
17386,15003,validacao
17387,14418,validacao
17388,14383,validacao
17389,14897,treino
17390,14894,treino
17391,9737,treino
17392,9737,treino
17393,15005,treino
17394,15009,treino
17395,14900,treino
17396,14399,validacao
17397,14427,treino
17398,14442,treino
17399,15012,treino
17400,15015,treino
17401,14905,treino
17402,15015,treino
17403,15015,treino
17404,15015,treino
17405,15015,treino
17406,15020,treino
17407,14407,teste
17408,14404,treino
17409,14461,treino
17410,14456,teste
17411,14413,teste
17412,14465,treino
17413,14911,treino
17414,14914,treino
17415,15023,treino
17416,15026,teste
17417,14409,teste
17418,14468,treino
17419,14917,treino
17420,15032,teste
17421,15029,teste
17422,14923,teste
17423,14476,treino
17424,15038,treino
17425,15035,validacao
17426,15038,treino
17427,15038,treino
17428,15038,treino
17429,15038,treino
17430,14926,treino
17431,14930,teste
17432,15043,teste
17433,15046,treino
17434,14416,treino
17435,14445,teste
17436,15032,teste
17438,14934,treino
17439,15049,treino
17440,14450,treino
17441,14485,validacao
17442,14433,treino
17443,14422,teste
17444,14453,validacao
17445,14937,teste
17446,15052,treino
17447,15055,validacao
17448,15055,validacao
17449,14942,treino
17450,15055,validacao
17451,15055,validacao
17452,15058,teste
17453,15055,validacao
17454,14436,teste
17455,15061,treino
17458,15064,validacao
17459,14948,teste
17460,14946,treino
17461,14459,teste
17462,14439,treino
17463,14488,treino
17464,14511,treino
17465,15069,treino
17466,14954,treino
17467,15071,treino
17468,14960,treino
17469,15075,treino
17470,15078,treino
17473,15078,treino
17474,15078,treino
17475,15078,treino
17476,15078,treino
17477,15081,validacao
17478,15084,treino
17479,14963,treino
17480,14479,treino
17481,14519,treino
17482,14473,teste
17483,14481,treino
17484,14966,treino
17485,14969,teste
17486,15087,validacao
17487,14502,treino
17488,14491,treino
17489,14534,treino
17490,14974,teste
17493,15092,treino
17494,14980,treino
17495,15098,treino
17496,14531,validacao
17497,15098,treino
17498,15098,treino
17499,15095,validacao
17500,15098,treino
17501,15101,treino
17502,15098,treino
17503,14983,treino
17504,15104,teste
17505,14986,treino
17506,14988,validacao
17507,14516,treino
17508,14499,treino
17509,14505,treino
17510,14496,treino
17511,14521,treino
17512,15107,treino
17515,14992,treino
17516,15112,validacao
17517,15000,treino
17518,15118,teste
17519,15121,treino
17520,15115,treino
17521,15121,treino
17522,15121,treino
17523,15121,treino
17524,15121,treino
17525,15003,validacao
17526,15124,validacao
17527,15005,treino
17530,15009,treino
17531,15127,validacao
17532,14538,teste
17533,14525,teste
17534,14542,treino
17535,15012,treino
17536,15130,validacao
17537,15020,treino
17538,15135,treino
17539,14551,treino
17540,14561,validacao
17541,14548,treino
17542,14545,teste
17543,14528,treino
17544,14508,treino
17545,15140,treino
17546,15138,validacao
17547,15140,treino
17548,15140,treino
17549,15140,treino
17551,15140,treino
17553,15023,treino
17554,15026,teste
17555,15144,treino
17556,14576,teste
17557,15029,teste
17558,15146,treino
17559,14571,teste
17560,14554,treino
17561,14585,treino
17562,14588,teste
17563,15035,validacao
17564,15150,teste
17567,15153,teste
17568,15157,treino
17569,15157,treino
17570,15157,treino
17571,15157,treino
17572,15157,treino
17573,15043,teste
17574,15160,teste
17575,15046,treino
17576,14559,validacao
17577,14591,teste
17578,15049,treino
17579,15164,treino
17580,14565,treino
17581,14574,treino
17582,15052,treino
17585,15167,treino
17586,15170,teste
17587,14580,teste
17588,15176,treino
17589,15176,treino
17590,15176,treino
17591,15173,treino
17592,15061,treino
17593,15176,treino
17594,15176,treino
17595,15064,validacao
17596,14603,treino
17597,14568,teste
17598,15181,treino
17601,15071,treino
17602,15183,validacao
17603,15187,teste
17604,15190,validacao
17605,15193,treino
17606,15193,treino
17607,15081,validacao
17608,15193,treino
17609,15193,treino
17610,15084,treino
17611,15193,treino
17612,14614,treino
17613,15196,treino
17616,15087,validacao
17617,15201,treino
17618,14600,treino
17619,14634,treino
17620,14611,treino
17621,15092,treino
17622,15204,teste
17623,15207,treino
17624,15095,validacao
17625,14617,treino
17626,14594,treino
17627,14620,treino
17628,14640,validacao
17629,15101,treino
17630,15213,treino
17631,15213,treino
17633,15213,treino
17635,15213,treino
17636,15210,treino
17637,15213,treino
17638,14608,treino
17639,14643,treino
17640,15216,treino
17641,15107,treino
17642,15221,teste
17643,14597,treino
17644,14657,treino
17645,14631,treino
17646,14623,treino
17647,15224,treino
17650,15118,teste
17651,15226,treino
17652,15115,treino
17653,15233,treino
17654,15233,treino
17655,15233,treino
17656,15230,treino
17657,15233,treino
17658,15233,treino
17659,14637,validacao
17660,14681,treino
17661,14626,treino
17662,14668,treino
17663,15236,treino
17664,15127,validacao
17665,14660,validacao
17666,14648,treino
17667,14688,treino
17668,15239,treino
17671,15241,treino
17672,15247,treino
17673,15135,treino
17674,15138,validacao
17675,14665,teste
17676,14651,treino
17677,14694,teste
17678,15253,treino
17679,15253,treino
17680,15253,treino
17681,15249,teste
17682,15144,treino
17683,15253,treino
17684,15253,treino
17686,15256,treino
17688,15146,treino
17689,15259,treino
17690,15262,validacao
17691,14699,treino
17692,14653,treino
17693,15150,teste
17694,15153,teste
17695,15265,treino
17696,15160,teste
17697,15270,validacao
17698,15270,validacao
17699,15270,validacao
17700,15270,validacao
17701,15270,validacao
17704,15273,treino
17705,15164,treino
17706,15279,treino
17707,14711,treino
17708,14725,treino
17709,14705,teste
17710,15275,treino
17711,15167,treino
17712,15282,validacao
17713,15170,teste
17714,14679,validacao
17715,15173,treino
17718,15287,treino
17719,15292,teste
17720,15292,teste
17721,15292,teste
17722,15292,teste
17723,15292,teste
17724,15181,treino
17725,14673,validacao
17726,14676,treino
17727,15294,teste
17728,15298,treino
17729,31102,validacao
17731,15183,validacao
17732,15301,validacao
17733,14691,treino
17734,14685,teste
17737,15187,teste
17738,15190,validacao
17739,15304,treino
17740,14731,treino
17741,14708,validacao
17742,15196,treino
17743,15309,treino
17744,15309,treino
17745,15309,treino
17746,15307,treino
17747,15313,treino
17748,15201,treino
17749,14748,teste
17750,15318,treino
17753,15204,teste
17754,15321,teste
17755,15207,treino
17756,14742,treino
17757,14737,teste
17758,14760,treino
17759,14701,treino
17760,15210,treino
17761,15324,treino
17762,15327,treino
17763,15327,treino
17764,15327,treino
17765,15327,treino
17766,14763,treino
17767,14851,treino
17768,14722,treino
17769,14734,treino
17770,15327,treino
17771,14728,treino
17772,14745,teste
17773,15216,treino
17774,15330,validacao
17777,15332,treino
17778,15221,teste
17779,14719,treino
17780,14714,treino
17781,15338,treino
17782,15224,treino
17783,15226,treino
17784,15341,treino
17785,15230,treino
17786,14754,treino
17787,14780,teste
17789,15344,teste
17791,15350,validacao
17792,15350,validacao
17793,15236,treino
17794,15347,treino
17795,15350,validacao
17796,15350,validacao
17797,15350,validacao
17798,14783,teste
17799,15239,treino
17800,15353,treino
17801,15241,treino
17802,15247,treino
17803,15358,treino
17804,14800,teste
17805,14757,teste
17806,14791,validacao
17809,15361,treino
17810,15249,teste
17811,15364,treino
17812,15367,treino
17813,15367,treino
17814,15367,treino
17815,14788,treino
17816,14771,teste
17817,14808,treino
17818,14751,validacao
17819,14868,treino
17820,14868,treino
17821,15367,treino
17822,15367,treino
17823,15256,treino
17824,15370,teste
17825,15259,treino
17826,15262,validacao
17827,14803,teste
17828,14774,treino
17829,15373,treino
17832,15265,treino
17833,15375,teste
17834,15381,validacao
17835,14823,treino
17836,14794,teste
17837,15273,treino
17838,15387,teste
17839,15383,treino
17840,15387,teste
17841,15387,teste
17842,15387,teste
17843,15387,teste
17844,15279,treino
17845,14777,validacao
17846,14768,treino
17847,15275,treino
17850,15390,teste
17851,15282,validacao
17852,15393,treino
17853,14797,teste
17854,14834,treino
17855,14817,treino
17856,15396,teste
17857,15287,treino
17858,15400,teste
17859,15404,treino
17860,15294,teste
17861,15404,treino
17863,15404,treino
17864,15298,treino
17866,15404,treino
17867,15404,treino
17868,15407,treino
17869,15301,validacao
17870,14837,treino
17871,14820,treino
17872,15409,treino
17873,15413,treino
17874,15304,treino
17875,14840,treino
17877,15416,treino
17879,15309,treino
17880,15307,treino
17881,15313,treino
17882,15421,treino
17883,15421,treino
17884,15421,treino
17885,15421,treino
17886,15421,treino
17887,15424,treino
17888,15318,treino
17889,15430,treino
17890,15427,treino
17891,15321,teste
17892,14814,treino
17893,14827,treino
17894,14811,teste
17897,15432,treino
17898,15324,treino
17899,15330,validacao
17900,14860,teste
17901,15436,teste
17902,15439,treino
17903,15439,treino
17904,15332,treino
17905,15439,treino
17906,15439,treino
17907,15439,treino
17908,15444,treino
17909,15338,treino
17910,14831,teste
17911,14874,treino
17912,14877,validacao
17913,15447,treino
17916,15450,treino
17917,15341,treino
17918,14848,treino
17919,14857,treino
17920,15344,teste
17921,15453,treino
17922,15347,treino
17923,15455,treino
17924,15455,treino
17925,15455,treino
17926,15455,treino
17927,15455,treino
17928,15459,validacao
17929,14897,treino
17930,15353,treino
17933,15462,treino
17934,15465,treino
17935,15358,treino
17936,14843,validacao
17937,14905,treino
17938,14854,teste
17939,15361,treino
17940,15470,treino
17941,15364,treino
17942,14863,treino
17944,15473,teste
17946,15475,treino
17947,15370,teste
17948,15475,treino
17949,15475,treino
17950,15475,treino
17951,15475,treino
17952,15478,treino
17953,15481,teste
17954,15373,treino
17955,15375,teste
17956,15485,treino
17957,15381,validacao
17958,14883,treino
17959,14930,teste
17960,15038,treino
17963,15489,validacao
17964,15383,treino
17965,15492,treino
17966,15492,treino
17967,14923,teste
17968,14870,validacao
17969,14920,teste
17970,15492,treino
17971,15492,treino
17972,15492,treino
17973,15495,treino
17974,15498,treino
17975,15390,teste
17976,15501,treino
17977,15393,treino
17978,14900,treino
17979,14903,treino
17980,14886,validacao
17981,14880,treino
17982,15396,teste
17985,15506,teste
17986,15400,teste
17987,14917,treino
17988,14940,treino
17989,14891,treino
17990,14914,treino
17991,15509,treino
17992,15511,treino
17993,15407,treino
17994,15511,treino
17995,15511,treino
17996,15511,treino
17997,15515,validacao
17998,15511,treino
17999,14894,treino
18000,14946,treino
18001,15518,treino
18002,15409,treino
18005,15413,treino
18006,15520,treino
18007,14926,treino
18008,14948,teste
18009,14911,treino
18010,15416,treino
18011,15524,treino
18012,15424,treino
18013,14934,treino
18014,15532,validacao
18015,15529,teste
18016,15535,treino
18017,15535,treino
18018,15535,treino
18019,15535,treino
18020,15535,treino
18023,15430,treino
18024,15427,treino
18025,15538,validacao
18026,15432,treino
18027,15541,treino
18028,15436,teste
18029,14942,treino
18030,15544,treino
18033,15547,treino
18034,15444,treino
18035,15552,treino
18036,15552,treino
18037,15447,treino
18038,15552,treino
18039,14957,validacao
18040,14937,teste
18041,15552,treino
18042,15552,treino
18043,15555,treino
18044,15450,treino
18045,15557,treino
18046,14992,treino
18047,14988,validacao
18048,14969,teste
18049,15453,treino
18052,15561,validacao
18053,15564,treino
18054,15459,validacao
18055,15000,treino
18056,14980,treino
18057,15462,treino
18058,15566,teste
18059,15572,treino
18060,15572,treino
18061,15572,treino
18062,15465,treino
18063,15572,treino
18064,15572,treino
18065,14966,treino
18066,14963,treino
18067,15575,teste
18068,15470,treino
18069,15578,validacao
18072,15578,validacao
18073,15578,validacao
18074,15584,teste
18075,15580,treino
18076,15009,treino
18077,14954,treino
18078,14977,treino
18079,15003,validacao
18080,14960,treino
18081,14983,treino
18082,15473,teste
18083,15587,validacao
18084,15478,treino
18085,15481,teste
18086,15590,treino
18087,15029,teste
18088,15590,treino
18089,15590,treino
18090,15590,treino
18091,15590,treino
18092,15593,treino
18095,15485,treino
18096,15598,treino
18097,15035,validacao
18098,15005,treino
18099,15601,treino
18100,15489,validacao
18101,15603,treino
18102,14974,teste
18103,15026,teste
18104,15495,treino
18105,15498,treino
18106,15607,treino
18109,15610,treino
18110,15610,treino
18111,15610,treino
18112,15610,treino
18113,15610,treino
18114,15501,treino
18115,15012,treino
18116,15015,treino
18117,15023,treino
18118,14997,treino
18119,14986,treino
18120,15612,validacao
18121,15616,treino
18122,15506,teste
18123,15621,treino
18124,15061,treino
18125,15020,treino
18126,15509,treino
18127,15624,validacao
18130,15515,validacao
18131,15518,treino
18132,15043,teste
18133,15069,treino
18134,15628,treino
18135,15632,validacao
18136,15632,validacao
18137,15632,validacao
18138,15632,validacao
18139,15632,validacao
18140,15520,treino
18141,15635,treino
18142,15637,treino
18143,15524,treino
18144,15641,validacao
18147,15532,validacao
18148,15087,validacao
18149,15084,treino
18150,15157,treino
18151,15529,teste
18152,15646,teste
18153,15652,treino
18154,15652,treino
18155,15652,treino
18156,15538,validacao
18157,15649,treino
18158,15652,treino
18159,15652,treino
18160,15046,treino
18161,15075,treino
18162,15655,treino
18165,15658,treino
18166,15541,treino
18167,15071,treino
18168,15081,validacao
18169,15049,treino
18170,15052,treino
18171,15661,treino
18172,15544,treino
18173,15547,treino
18174,15666,validacao
18175,15058,teste
18176,15555,treino
18177,15672,validacao
18178,15672,validacao
18179,15668,teste
18180,15672,validacao
18181,15672,validacao
18183,15672,validacao
18185,15675,treino
18186,15557,treino
18187,15112,validacao
18188,15055,validacao
18189,15115,treino
18190,15078,treino
18191,15677,treino
18192,15561,validacao
18193,15564,treino
18194,15681,treino
18195,15064,validacao
18196,15107,treino
18197,15566,teste
18200,15684,treino
18201,15689,treino
18202,15689,treino
18203,15689,treino
18204,15095,validacao
18205,15098,treino
18206,15689,treino
18207,15689,treino
18208,15575,teste
18209,15695,teste
18210,15692,treino
18211,15578,validacao
18212,15584,teste
18213,15580,treino
18214,15138,validacao
18215,15144,treino
18216,15698,treino
18218,15587,validacao
18220,15701,teste
18221,15593,treino
18222,15712,teste
18223,15712,teste
18224,15707,treino
18225,15704,treino
18226,15712,teste
18227,15712,teste
18228,15712,teste
18229,15598,treino
18230,15146,treino
18231,15101,treino
18232,15601,treino
18233,15714,teste
18236,15603,treino
18237,15718,treino
18238,15124,validacao
18239,15127,validacao
18240,15150,teste
18241,15092,treino
18242,15104,teste
18243,15607,treino
18244,15721,treino
18245,15612,validacao
18246,15160,teste
18247,15121,treino
18248,15730,teste
18249,15727,teste
18250,15616,treino
18251,15730,teste
18252,15730,teste
18253,15730,teste
18254,15724,teste
18255,15730,teste
18258,15621,treino
18259,15735,treino
18260,15176,treino
18261,15164,treino
18262,15624,validacao
18263,15738,teste
18264,15628,treino
18265,15118,teste
18266,15130,validacao
18267,15183,validacao
18268,15135,treino
18269,15740,treino
18271,15744,treino
18273,15635,treino
18274,15637,treino
18275,15747,validacao
18276,15750,treino
18277,15750,treino
18278,15750,treino
18279,15750,treino
18280,15153,teste
18281,15750,treino
18282,15641,validacao
18283,15753,treino
18284,15140,treino
18285,15646,teste
18286,15758,treino
18289,15649,treino
18290,15170,teste
18291,15201,treino
18292,15764,treino
18293,15761,validacao
18294,15655,treino
18295,15767,treino
18296,15658,treino
18297,15767,treino
18298,15767,treino
18299,15767,treino
18300,15767,treino
18301,15770,treino
18302,15661,treino
18303,15210,treino
18304,15772,treino
18305,15666,validacao
18306,15187,teste
18307,15778,treino
18308,15781,treino
18309,15668,teste
18310,15675,treino
18311,15213,treino
18312,15167,treino
18313,15677,treino
18314,15787,treino
18315,15784,validacao
18316,15787,treino
18317,15787,treino
18318,15787,treino
18319,15787,treino
18320,15790,validacao
18321,15681,treino
18322,15193,treino
18323,15793,treino
18324,15684,treino
18325,15798,treino
18326,15173,treino
18327,15190,validacao
18328,15247,treino
18329,15230,treino
18330,15800,treino
18331,15692,treino
18332,15695,teste
18333,15806,validacao
18334,15806,validacao
18335,15806,validacao
18336,15806,validacao
18337,15806,validacao
18338,15804,treino
18339,15698,treino
18340,15253,treino
18341,15207,treino
18342,15181,treino
18343,15701,teste
18344,15810,treino
18345,15233,treino
18346,15256,treino
18347,15221,teste
18348,15204,teste
18349,15704,treino
18350,15707,treino
18351,15818,teste
18352,15241,treino
18353,15196,treino
18354,15714,teste
18355,15813,teste
18356,15820,treino
18357,15820,treino
18358,15820,treino
18359,15820,treino
18360,15820,treino
18361,15824,teste
18362,15718,treino
18363,15236,treino
18364,15216,treino
18365,15827,treino
18366,15721,treino
18367,15830,validacao
18368,15262,validacao
18369,15239,treino
18370,15249,teste
18371,15727,teste
18372,15724,teste
18373,15833,treino
18374,15838,teste
18375,15735,treino
18376,15841,treino
18377,15841,treino
18378,15841,treino
18379,15841,treino
18380,15841,treino
18381,15226,treino
18382,15844,validacao
18383,15738,teste
18384,15847,treino
18385,15224,treino
18386,15294,teste
18387,15740,treino
18388,15850,treino
18389,15744,treino
18390,15852,validacao
18391,15747,validacao
18392,15265,treino
18393,15856,treino
18394,15861,teste
18395,15861,teste
18396,15861,teste
18397,15753,treino
18398,15861,teste
18399,15861,teste
18400,15864,validacao
18401,15282,validacao
18402,15301,validacao
18403,15275,treino
18404,15404,treino
18405,10815,teste
18406,10815,teste
18407,15758,treino
18409,15867,treino
18410,15870,treino
18411,15764,treino
18412,15761,validacao
18413,15270,validacao
18414,15873,treino
18415,15770,treino
18416,15878,treino
18417,15318,treino
18418,15259,treino
18419,15876,teste
18420,15878,treino
18421,15878,treino
18422,15878,treino
18423,15878,treino
18424,15772,treino
18425,15884,validacao
18426,15324,treino
18427,15273,treino
18428,15292,teste
18429,15307,treino
18430,15781,treino
18431,15778,treino
18432,15886,teste
18433,15890,teste
18434,15784,validacao
18435,15279,treino
18436,15893,validacao
18437,15896,validacao
18438,15790,validacao
18439,15896,validacao
18440,15896,validacao
18441,15896,validacao
18442,15896,validacao
18443,15309,treino
18444,15347,treino
18445,15287,treino
18446,15793,treino
18447,15899,teste
18448,15798,treino
18449,15904,treino
18450,15800,treino
18451,15321,teste
18452,15313,treino
18453,15304,treino
18454,15907,validacao
18455,15804,treino
18456,15910,treino
18457,15338,treino
18458,15332,treino
18459,15913,treino
18460,15913,treino
18461,15913,treino
18462,15913,treino
18463,15913,treino
18464,15916,treino
18465,15810,treino
18466,15919,teste
18467,15341,treino
18468,15353,treino
18469,15298,treino
18470,15361,treino
18471,15327,treino
18472,15922,treino
18473,15818,teste
18474,15925,treino
18475,15358,treino
18476,15813,teste
18477,15824,teste
18478,15927,treino
18479,15929,teste
18480,15929,teste
18481,15929,teste
18482,15929,teste
18483,15929,teste
18484,15373,treino
18485,15344,teste
18486,15364,treino
18487,15827,treino
18488,15931,treino
18489,15933,treino
18490,15830,validacao
18491,15375,teste
18492,15381,validacao
18493,15390,teste
18494,15330,validacao
18495,15935,treino
18496,15833,treino
18497,15838,teste
18498,15938,treino
18499,15844,validacao
18500,15944,teste
18501,15944,teste
18502,15940,treino
18503,15944,teste
18504,15942,teste
18505,15944,teste
18506,15944,teste
18507,15847,treino
18508,15350,validacao
18509,15946,validacao
18510,15850,treino
18511,15852,validacao
18512,15856,treino
18513,15393,treino
18514,15367,treino
18515,15948,validacao
18516,15864,validacao
18517,15951,treino
18518,15955,treino
18519,15955,treino
18520,15407,treino
18521,15955,treino
18522,15955,treino
18523,15953,treino
18524,15955,treino
18525,15957,treino
18526,15867,treino
18527,15870,treino
18528,15430,treino
18529,15370,teste
18530,15400,teste
18531,15421,treino
18532,15959,treino
18533,15873,treino
18534,15961,teste
18535,15876,teste
18536,15413,treino
18537,15963,treino
18538,15968,treino
18539,15968,treino
18540,15968,treino
18541,15966,teste
18542,15968,treino
18543,15968,treino
18544,15884,validacao
18545,15416,treino
18546,15396,teste
18547,15383,treino
18548,15387,teste
18549,15886,teste
18550,15970,teste
18551,15890,teste
18552,15972,treino
18553,15893,validacao
18554,15974,treino
18555,15978,treino
18556,15976,validacao
18557,15980,treino
18558,15453,treino
18559,15980,treino
18560,15980,treino
18561,15899,teste
18562,15980,treino
18563,15980,treino
18564,15904,treino
18565,15983,validacao
18566,15427,treino
18567,15455,treino
18568,15447,treino
18569,15907,validacao
18570,15985,teste
18571,15978,treino
18572,15978,treino
18573,15910,treino
18574,15987,treino
18575,15459,validacao
18576,15989,treino
18577,15991,validacao
18578,15916,treino
18579,15991,validacao
18580,15991,validacao
18581,15991,validacao
18582,15991,validacao
18583,15919,teste
18584,15993,treino
18585,15465,treino
18586,15436,teste
18587,15432,treino
18588,15409,treino
18589,15922,treino
18590,15978,treino
18591,15978,treino
18592,15996,validacao
18593,15925,treino
18594,15473,teste
18595,15485,treino
18596,15439,treino
18597,15998,treino
18598,16000,validacao
18599,15927,treino
18600,16002,treino
18601,15424,treino
18602,16004,treino
18603,15931,treino
18604,16004,treino
18605,15933,treino
18606,16004,treino
18607,16004,treino
18608,16004,treino
18609,15978,treino
18610,15978,treino
18611,15978,treino
18612,16006,treino
18613,15978,treino
18614,16008,teste
18615,16010,validacao
18616,16010,validacao
18617,15498,treino
18618,15450,treino
18619,15935,treino
18620,16012,treino
18621,16015,treino
18622,15938,treino
18623,16017,treino
18624,15940,treino
18625,15942,teste
18626,16021,validacao
18627,16019,teste
18628,16021,validacao
18629,16021,validacao
18630,16021,validacao
18631,16021,validacao
18632,15590,treino
18633,15462,treino
18634,15444,treino
18635,16008,teste
18636,15946,validacao
18637,16008,teste
18638,16023,treino
18639,15506,teste
18640,15948,validacao
18641,16025,teste
18642,16027,treino
18643,16030,treino
18644,15492,treino
18645,15475,treino
18646,15515,validacao
18647,15470,treino
18648,15509,treino
18649,15953,treino
18650,16032,validacao
18651,15957,treino
18652,16032,validacao
18653,16032,validacao
18654,16032,validacao
18655,16032,validacao
18656,16034,treino
18657,15478,treino
18658,15511,treino
18659,15481,teste
18660,15959,treino
18661,16036,validacao
18662,16008,teste
18663,16038,treino
18664,16008,teste
18665,15961,teste
18666,16008,teste
18667,15978,treino
18668,15978,treino
18669,16008,teste
18670,16042,treino
18671,16042,treino
18672,16040,treino
18673,15501,treino
18674,15963,treino
18675,15966,teste
18676,16045,treino
18677,16047,teste
18678,16047,teste
18679,15529,teste
18680,16047,teste
18681,16047,teste
18682,16047,teste
18683,16049,validacao
18684,15970,teste
18685,16053,treino
18686,16051,treino
18687,15489,validacao
18688,15524,treino
18689,15535,treino
18690,15972,treino
18691,15978,treino
18692,15978,treino
18693,15978,treino
18694,16008,teste
18695,15978,treino
18696,15974,treino
18697,15978,treino
18698,15978,treino
18699,16008,teste
18700,16055,treino
18701,16008,teste
18702,16008,teste
18703,16008,teste
18704,16008,teste
18705,15976,validacao
18706,15538,validacao
18707,15495,treino
18708,16057,treino
18709,16060,treino
18710,15983,validacao
18711,16060,treino
18712,16060,treino
18713,16060,treino
18714,16060,treino
18715,16062,treino
18716,15557,treino
18717,15564,treino
18718,15985,teste
18719,16064,treino
18720,16066,teste
18721,15987,treino
18722,15518,treino
18723,15541,treino
18724,15989,treino
18725,16068,treino
18726,15993,treino
18727,16008,teste
18728,16070,treino
18729,15544,treino
18730,15520,treino
18731,15566,teste
18732,15532,validacao
18733,16008,teste
18734,16072,teste
18735,16008,teste
18736,15978,treino
18737,15978,treino
18738,16008,teste
18739,16072,teste
18740,16077,treino
18741,16072,teste
18742,16075,treino
18743,16079,treino
18744,16081,treino
18745,16075,treino
18746,16077,treino
18747,16081,treino
18748,16083,teste
18749,16085,treino
18750,16008,teste
18751,16085,treino
18752,16079,treino
18753,16072,teste
18754,16008,teste
18755,16072,teste
18756,16008,teste
18757,16083,teste
18758,16083,teste
18759,15978,treino
18760,15978,treino
18761,16095,validacao
18762,16091,teste
18763,16087,teste
18764,16089,teste
18765,16093,validacao
18766,16083,teste
18767,16087,teste
18768,16091,teste
18769,16093,validacao
18770,16089,teste
18771,16083,teste
18772,16083,teste
18773,16095,validacao
18774,16095,validacao
18775,15996,validacao
18776,16097,treino
18777,16099,treino
18778,15998,treino
18779,16000,validacao
18780,16101,treino
18781,16002,treino
18782,15578,validacao
18783,16103,treino
18784,16105,treino
18785,16006,treino
18786,16105,treino
18787,16105,treino
18788,16095,validacao
18789,16095,validacao
18790,16105,treino
18791,16105,treino
18792,15547,treino
18793,15555,treino
18794,15598,treino
18795,16095,validacao
18796,16095,validacao
18797,15978,treino
18798,16095,validacao
18799,15978,treino
18800,16109,treino
18801,16107,treino
18802,16012,treino
18803,16015,treino
18804,16017,treino
18805,16112,treino
18806,15587,validacao
18807,15610,treino
18808,16019,teste
18809,16114,validacao
18810,15552,treino
18811,16023,treino
18812,16120,treino
18813,16120,treino
18814,16118,teste
18815,16095,validacao
18816,16120,treino
18817,16095,validacao
18818,16120,treino
18819,16095,validacao
18820,15978,treino
18821,16116,teste
18822,16120,treino
18823,16095,validacao
18824,15978,treino
18825,15580,treino
18826,16025,teste
18827,16122,treino
18828,16027,treino
18829,16030,treino
18830,16125,treino
18831,15561,validacao
18832,15616,treino
18833,15612,validacao
18834,15572,treino
18835,16034,treino
18836,16127,treino
18837,15978,treino
18838,15978,treino
18839,16129,teste
18840,16131,teste
18841,15637,treino
18842,15575,teste
18843,15603,treino
18844,16131,teste
18845,15621,treino
18846,15607,treino
18847,15584,teste
18848,16131,teste
18849,16131,teste
18850,16131,teste
18851,16036,validacao
18852,16133,treino
18853,16038,treino
18854,16040,treino
18855,15628,treino
18856,16135,treino
18857,15978,treino
18858,15978,treino
18859,16045,treino
18860,16139,teste
18861,15593,treino
18862,15624,validacao
18863,15601,treino
18864,15655,treino
18865,16049,validacao
18866,16141,treino
18867,16145,treino
18868,16145,treino
18869,16145,treino
18870,16143,treino
18871,16145,treino
18872,16145,treino
18873,16053,treino
18874,16051,treino
18875,15978,treino
18876,15978,treino
18877,16147,treino
18878,16055,treino
18879,15632,validacao
18880,15668,teste
18881,16057,treino
18882,16149,treino
18883,16152,treino
18884,16062,treino
18885,16154,teste
18886,15681,treino
18887,15675,treino
18888,16156,treino
18889,16156,treino
18890,16156,treino
18891,16156,treino
18892,16156,treino
18893,16064,treino
18894,16066,teste
18895,16158,validacao
18896,15652,treino
18897,15695,teste
18898,15646,teste
18899,15658,treino
18900,16068,treino
18901,16161,treino
18902,16070,treino
18903,15672,validacao
18904,15684,treino
18905,15641,validacao
18906,15692,treino
18907,16163,validacao
18908,16165,teste
18909,16097,treino
18910,16170,treino
18911,16168,validacao
18912,16170,treino
18913,16170,treino
18914,16170,treino
18915,16170,treino
18916,16099,treino
18917,15661,treino
18918,15635,treino
18919,15689,treino
18920,16172,treino
18921,16101,treino
18922,16175,treino
18923,16103,treino
18924,16177,teste
18925,15718,treino
18926,15649,treino
18927,16179,treino
18928,16181,treino
18929,16109,treino
18930,16107,treino
18931,16181,treino
18932,16181,treino
18933,16181,treino
18934,16181,treino
18935,16184,treino
18936,16112,treino
18937,15666,validacao
18938,15701,teste
18939,16187,teste
18940,16114,validacao
18941,16095,validacao
18942,15978,treino
18943,16095,validacao
18945,16190,treino
18946,16190,treino
18947,15727,teste
18948,15707,treino
18949,16192,teste
18950,16118,teste
18951,16194,treino
18952,16116,teste
18953,16198,teste
18954,16198,teste
18955,16198,teste
18956,16198,teste
18957,16198,teste
18958,16196,teste
18959,15677,treino
18960,16122,treino
18961,16201,treino
18962,16125,treino
18963,15724,teste
18964,15712,teste
18965,16203,teste
18966,16205,treino
18967,16127,treino
18968,16129,teste
18969,15714,teste
18970,16209,treino
18971,16207,treino
18972,16133,treino
18973,16209,treino
18974,16209,treino
18975,16209,treino
18976,16209,treino
18977,16211,treino
18978,15698,treino
18979,15753,treino
18980,15704,treino
18981,16135,treino
18982,16214,treino
18983,16216,treino
18984,16139,teste
18985,15767,treino
18986,16218,treino
18987,16141,treino
18988,16143,treino
18989,16220,treino
18990,16222,treino
18991,16222,treino
18992,16222,treino
18993,16222,treino
18994,16222,treino
18995,15738,teste
18996,15730,teste
18997,15721,treino
18998,15740,treino
18999,15758,treino
19000,16147,treino
19001,16224,validacao
19002,15747,validacao
19003,15770,treino
19004,15735,treino
19005,16149,treino
19006,16226,validacao
19007,16228,validacao
19008,16152,treino
19009,16154,teste
19010,16231,treino
19011,15790,validacao
19012,15793,treino
19013,16233,treino
19014,16233,treino
19015,16233,treino
19016,16233,treino
19017,16158,validacao
19018,16233,treino
19019,16235,treino
19020,15772,treino
19021,16161,treino
19022,16237,teste
19023,16239,teste
19024,16241,treino
19025,16163,validacao
19026,15750,treino
19027,15744,treino
19028,16165,teste
19029,16245,validacao
19030,16168,validacao
19031,16247,teste
19032,16247,teste
19033,16247,teste
19034,16247,teste
19035,15764,treino
19036,16249,teste
19037,16247,teste
19038,16172,treino
19039,16251,treino
19040,16253,treino
19041,15784,validacao
19042,15800,treino
19043,15761,validacao
19044,16175,treino
19045,16255,treino
19046,16177,teste
19047,16179,treino
19048,16257,treino
19049,15032,teste
19050,15798,treino
19051,15781,treino
19052,16260,treino
19053,16260,treino
19054,16260,treino
19055,16260,treino
19056,16262,validacao
19057,16260,treino
19058,16184,treino
19059,15820,treino
19060,15813,teste
19061,15833,treino
19062,15778,treino
19063,16264,teste
19064,16266,teste
19065,16187,teste
19066,16095,validacao
19068,16268,teste
19069,15806,validacao
19070,16192,teste
19071,16194,treino
19072,16270,treino
19073,16196,teste
19074,16272,treino
19075,15804,treino
19076,15787,treino
19077,16272,treino
19078,16272,treino
19079,16272,treino
19080,16272,treino
19081,16274,teste
19082,16201,treino
19083,16277,validacao
19084,15838,teste
19085,16279,treino
19086,16203,teste
19087,16205,treino
19088,16281,treino
19089,15810,treino
19090,15818,teste
19091,15827,treino
19092,16207,treino
19093,16283,validacao
19094,16285,treino
19095,16285,treino
19096,16285,treino
19097,16285,treino
19098,16285,treino
19099,16211,treino
19100,15944,teste
19101,16287,treino
19102,16214,treino
19103,16290,treino
19104,16216,treino
19105,16292,treino
19106,15824,teste
19107,16218,treino
19108,16220,treino
19109,16294,treino
19110,15830,validacao
19111,15861,teste
19112,16298,treino
19113,16298,treino
19114,16298,treino
19115,16224,validacao
19116,16298,treino
19117,16296,treino
19118,16298,treino
19119,16300,teste
19120,16300,teste
19121,16300,teste
19122,16300,teste
19123,16300,teste
19124,16300,teste
19125,16300,teste
19126,16300,teste
19127,15841,treino
19128,15844,validacao
19129,15893,validacao
19130,15847,treino
19131,15873,treino
19132,15864,validacao
19133,16304,validacao
19134,16226,validacao
19135,16300,teste
19136,16302,teste
19137,16228,validacao
19138,16300,teste
19148,16307,teste
19149,16231,treino
19154,15852,validacao
19155,15850,treino
19156,15876,teste
19163,16309,treino
19165,16235,treino
19171,16311,validacao
19174,16311,validacao
19175,16311,validacao
19177,15856,treino
19179,16311,validacao
19180,16313,treino
19181,16311,validacao
19182,16237,teste
19187,16239,teste
19189,16315,treino
19194,16241,treino
19198,16317,treino
19201,15870,treino
19202,15913,treino
19203,15867,treino
19210,16245,validacao
19214,16320,treino
19220,16249,teste
19221,15910,treino
19222,15890,teste
19229,16322,teste
19231,16326,treino
19233,16326,treino
19235,16326,treino
19236,16251,treino
19238,16326,treino
19239,16326,treino
19240,16324,validacao
19243,16253,treino
19247,15907,validacao
19248,16328,teste
19254,16255,treino
19261,16330,teste
19264,16257,treino
19267,15929,teste
19275,16333,treino
19277,16262,validacao
19285,15884,validacao
19287,15931,treino
19288,15878,treino
19289,16339,treino
19292,16339,treino
19293,16264,teste
19294,16337,treino
19295,16335,teste
19296,16339,treino
19297,16266,teste
19299,16339,treino
19301,16339,treino
19310,16268,teste
19313,16341,treino
19315,15899,teste
19316,15935,treino
19317,15886,teste
19318,15919,teste
19324,16343,teste
19325,16270,treino
19326,16345,treino
19327,16274,teste
19328,16350,treino
19329,16350,treino
19330,16350,treino
19331,16350,treino
19332,16350,treino
19333,16277,validacao
19334,16352,treino
19335,16348,treino
19336,15896,validacao
19337,15946,validacao
19338,15904,treino
19339,15922,treino
19340,16279,treino
19343,16354,validacao
19344,16281,treino
19345,15925,treino
19346,15927,treino
19347,16356,treino
19348,16283,validacao
19349,16358,treino
19350,16360,treino
19351,15955,treino
19352,15933,treino
19353,15916,treino
19354,16365,treino
19355,16287,treino
19356,16365,treino
19357,16363,treino
19358,16365,treino
19359,16365,treino
19360,16365,treino
19361,16290,treino
19362,16292,treino
19363,16367,teste
19364,15948,validacao
19365,15942,teste
19366,16294,treino
19367,16369,teste
19368,15959,treino
19369,15940,treino
19370,15963,treino
19371,16296,treino
19372,16371,treino
19373,16373,treino
19374,16375,treino
19375,16375,treino
19376,16375,treino
19377,16304,validacao
19378,16302,teste
19379,16375,treino
19380,16375,treino
19381,16377,treino
19382,16307,teste
19383,16380,teste
19384,15953,treino
19385,15968,treino
19386,16010,validacao
19387,16309,treino
19388,16382,treino
19389,16384,treino
19390,15961,teste
19391,15951,treino
19392,15974,treino
19393,15938,treino
19394,16313,treino
19395,16315,treino
19396,16389,treino
19397,16389,treino
19398,16389,treino
19399,16389,treino
19400,16386,treino
19401,16389,treino
19402,16317,treino
19403,15980,treino
19404,16042,treino
19405,16393,treino
19406,16320,treino
19407,15985,teste
19408,15987,treino
19409,15970,teste
19410,16077,treino
19411,15966,teste
19412,16322,teste
19413,16397,teste
19414,16395,validacao
19415,16324,validacao
19416,16328,teste
19417,16403,treino
19418,16403,treino
19419,16085,treino
19420,16403,treino
19421,16403,treino
19422,16401,treino
19423,16403,treino
19424,16330,teste
19425,15957,treino
19426,15998,treino
19427,15972,treino
19428,16333,treino
19429,16405,treino
19430,16410,validacao
19432,16412,treino
19433,16008,teste
19434,16335,teste
19435,16337,treino
19436,16416,treino
19437,16416,treino
19438,16416,treino
19439,16416,treino
19440,16416,treino
19441,16341,treino
19442,15991,validacao
19443,15996,validacao
19444,16414,validacao
19445,16343,teste
19446,16422,treino
19447,16079,treino
19448,16083,teste
19449,16345,treino
19450,16420,teste
19451,16352,treino
19452,16348,treino
19453,16027,treino
19454,15989,treino
19455,15983,validacao
19456,15976,validacao
19457,16431,treino
19458,16427,treino
19459,16431,treino
19461,16431,treino
19462,16431,treino
19463,16431,treino
19464,16354,validacao
19465,16356,treino
19466,16000,validacao
19467,16023,treino
19468,16091,teste
19469,15993,treino
19470,16436,treino
19471,16433,teste
19472,16358,treino
19473,16360,treino
19474,16081,treino
19475,16089,teste
19476,16075,treino
19477,16093,validacao
19478,16034,treino
19479,16363,treino
19480,16439,validacao
19481,16444,teste
19482,16444,teste
19483,16444,teste
19484,16444,teste
19485,16367,teste
19486,16444,teste
19487,16002,treino
19488,16446,validacao
19489,16369,teste
19490,16449,treino
19491,16087,teste
19492,16012,treino
19493,16004,treino
19494,16017,treino
19495,16371,treino
19496,16373,treino
19497,16452,teste
19498,16377,treino
19499,16025,teste
19500,16456,treino
19501,16459,treino
19502,16459,treino
19503,16459,treino
19504,16459,treino
19505,16459,treino
19506,16380,teste
19507,16461,teste
19508,16463,teste
19509,16040,treino
19510,16055,treino
19511,16006,treino
19512,16015,treino
19513,16382,treino
19514,16465,teste
19515,16384,treino
19516,16030,treino
19517,16019,teste
19518,16467,validacao
19519,16386,treino
19520,16469,teste
19521,16473,treino
19522,16473,treino
19523,16473,treino
19524,16045,treino
19525,16049,validacao
19526,16021,validacao
19527,16053,treino
19528,16068,treino
19529,16471,teste
19530,16473,treino
19531,16473,treino
19532,16393,treino
19533,16476,treino
19534,16064,treino
19535,16478,treino
19536,16397,teste
19537,16395,validacao
19538,16480,validacao
19539,16401,treino
19540,16032,validacao
19541,16060,treino
19542,16486,treino
19543,16484,treino
19544,16482,teste
19545,16486,treino
19546,16486,treino
19547,16486,treino
19548,16486,treino
19549,16051,treino
19550,16101,treino
19551,16488,teste
19552,16405,treino
19553,16410,validacao
19554,16491,treino
19555,16412,treino
19556,16036,validacao
19557,16062,treino
19558,16493,teste
19559,16495,treino
19560,16414,validacao
19561,16038,treino
19562,16047,teste
19563,16497,treino
19564,16057,treino
19565,16072,teste
19566,16105,treino
19567,16499,treino
19568,16499,treino
19569,16499,treino
19570,16499,treino
19571,16499,treino
19572,16501,treino
19573,16422,treino
19574,16103,treino
19575,16170,treino
19576,16070,treino
19577,16066,teste
19578,16107,treino
19579,16420,teste
19580,16504,treino
19581,16507,treino
19582,16427,treino
19583,16114,validacao
19584,16116,teste
19585,16509,treino
19586,16511,treino
19587,16513,validacao
19588,16513,validacao
19589,16513,validacao
19590,16513,validacao
19591,16513,validacao
19592,16097,treino
19593,16515,treino
19594,16436,treino
19595,16433,teste
19596,16519,treino
19597,16517,treino
19598,16099,treino
19599,16439,validacao
19600,16522,treino
19601,16524,validacao
19602,16109,treino
19603,16526,treino
19604,16528,treino
19605,16528,treino
19606,16528,treino
19607,16528,treino
19608,16528,treino
19609,16446,validacao
19610,16449,treino
19611,16530,treino
19612,16120,treino
19613,16125,treino
19614,16135,treino
19615,16532,treino
19616,16452,teste
19617,16536,treino
19618,16141,treino
19619,16127,treino
19620,16112,treino
19621,16456,treino
19622,16534,validacao
19623,16461,teste
19624,16539,treino
19625,16541,treino
19626,16463,teste
19627,16541,treino
19628,16541,treino
19629,16541,treino
19630,16541,treino
19631,16129,teste
19633,16543,treino
19634,16465,teste
19635,16545,validacao
19636,16190,treino
19637,16122,treino
19638,16467,validacao
19639,16547,treino
19640,16549,validacao
19641,16519,treino
19643,16469,teste
19644,16471,teste
19645,16147,treino
19646,16118,teste
19647,16552,treino
19648,16476,treino
19649,16554,treino
19650,16554,treino
19651,16554,treino
19652,16554,treino
19653,16554,treino
19654,16556,teste
19655,16478,treino
19656,16133,treino
19657,16161,treino
19658,16558,treino
19659,16480,validacao
19662,16560,teste
19663,16152,treino
19664,16562,treino
19665,16484,treino
19666,16482,teste
19667,16564,treino
19668,16145,treino
19669,16139,teste
19670,16488,teste
19671,16567,teste
19672,16567,teste
19673,16567,teste
19674,16567,teste
19675,16567,teste
19676,16569,treino
19677,16491,treino
19680,16131,teste
19681,16143,treino
19682,16573,treino
19683,16571,treino
19684,16493,teste
19685,16495,treino
19686,16497,treino
19687,16154,teste
19688,16222,treino
19689,16501,treino
19690,16577,validacao
19691,16577,validacao
19693,16577,validacao
19695,16577,validacao
19696,16168,validacao
19697,16187,teste
19698,16577,validacao
19699,16504,treino
19700,16580,treino
19701,16575,validacao
19702,16575,validacao
19703,16507,treino
19704,16149,treino
19705,16192,teste
19706,16172,treino
19707,16177,teste
19708,16179,treino
19709,16509,treino
19710,16511,treino
19712,16515,treino
19714,16163,validacao
19715,16196,teste
19716,16194,treino
19717,16165,teste
19718,16156,treino
19719,16584,teste
19720,16584,teste
19721,16584,teste
19722,16584,teste
19723,16517,treino
19724,16584,teste
19725,16586,teste
19726,16158,validacao
19727,16175,treino
19728,16582,teste
19729,16582,teste
19730,16522,treino
19731,16524,validacao
19734,16526,treino
19735,16181,treino
19736,16211,treino
19737,16530,treino
19738,16591,treino
19739,16214,treino
19740,16218,treino
19741,16591,treino
19742,16591,treino
19743,16593,treino
19744,16591,treino
19745,16591,treino
19746,16532,treino
19747,16589,treino
19748,16589,treino
19749,16536,treino
19752,16534,validacao
19753,16198,teste
19754,16203,teste
19755,16539,treino
19756,15978,treino
19757,16224,validacao
19758,16205,treino
19759,16209,treino
19760,16184,treino
19761,16543,treino
19762,16600,teste
19763,16600,teste
19764,16598,validacao
19765,16600,teste
19766,16600,teste
19767,16600,teste
19768,16545,validacao
19771,16095,validacao
19772,16547,treino
19773,16596,treino
19774,16596,treino
19775,16602,treino
19776,16549,validacao
19777,16602,treino
19778,16602,treino
19779,16602,treino
19780,16602,treino
19781,16602,treino
19782,16602,treino
19783,16602,treino
19784,16602,treino
19785,16201,treino
19786,16602,treino
19788,16552,treino
19799,16556,teste
19804,16216,treino
19805,16607,validacao
19808,16610,treino
19811,16610,treino
19812,16610,treino
19814,16610,treino
19816,16610,treino
19819,16558,treino
19822,16605,teste
19823,16605,teste
19825,16560,teste
19829,16251,treino
19832,16562,treino
19842,16564,treino
19850,16239,teste
19851,16207,treino
19852,16245,validacao
19853,16237,teste
19859,16615,treino
19861,16569,treino
19868,16617,treino
19869,16617,treino
19871,16617,treino
19873,16617,treino
19874,16612,teste
19876,16617,treino
19877,16612,teste
19879,16249,teste
19880,16262,validacao
19881,16247,teste
19882,16235,treino
19884,16573,treino
19885,16571,treino
19901,16257,treino
19902,16233,treino
19903,16231,treino
19910,16621,treino
19915,16619,treino
19917,16619,treino
19921,16255,treino
19922,16220,treino
19928,16624,treino
19931,16624,treino
19933,16624,treino
19935,16624,treino
19937,16624,treino
19938,16580,treino
19947,16272,treino
19948,16226,validacao
19949,16228,validacao
19956,16626,treino
19957,16626,treino
19964,16628,treino
19967,16630,treino
19968,16630,treino
19969,16586,teste
19972,16633,treino
19973,16274,teste
19974,16241,treino
19975,16268,teste
19976,16633,treino
19977,16633,treino
19978,16633,treino
19979,16633,treino
19980,16253,treino
19981,16637,treino
19982,16635,treino
19983,16635,treino
19986,16294,treino
19987,16277,validacao
19988,16593,treino
19989,16639,validacao
19990,16639,validacao
19991,16642,validacao
19992,16642,validacao
19993,16642,validacao
19994,16270,treino
19995,16260,treino
19996,16266,teste
19997,16264,teste
19998,16281,treino
19999,16647,treino
20002,16645,treino
20003,16645,treino
20004,16598,validacao
20005,16309,treino
20006,16287,treino
20007,16302,teste
20008,16651,treino
20009,16651,treino
20010,16649,teste
20011,16649,teste
20012,16651,treino
20013,16651,treino
20014,16651,treino
20017,16290,treino
20018,16311,validacao
20019,16292,treino
20020,16653,treino
20021,16655,treino
20022,16655,treino
20023,16607,validacao
20024,16285,treino
20025,16296,treino
20026,16279,treino
20027,16660,treino
20028,16658,treino
20029,16660,treino
20030,16658,treino
20031,16660,treino
20034,16660,treino
20035,16660,treino
20036,16283,validacao
20037,16662,teste
20038,16298,treino
20039,16315,treino
20040,16330,teste
20041,16324,validacao
20042,16307,teste
20043,16664,validacao
20044,16664,validacao
20045,16615,treino
20048,16326,treino
20049,16339,treino
20050,16667,teste
20051,16667,teste
20052,16669,validacao
20053,16669,validacao
20054,16669,validacao
20055,16669,validacao
20056,16669,validacao
20057,16671,teste
20058,16673,treino
20059,16621,treino
20060,16673,treino
20063,16322,teste
20064,16335,teste
20065,16676,validacao
20066,16676,validacao
20067,16678,teste
20068,16678,teste
20069,16678,teste
20070,16304,validacao
20071,16313,treino
20072,16317,treino
20073,16337,treino
20074,16678,teste
20075,16678,teste
20076,16680,treino
20077,16682,validacao
20078,16682,validacao
20079,16628,treino
20083,16343,teste
20084,16686,treino
20085,16684,treino
20086,16300,teste
20087,16688,treino
20088,16688,treino
20089,16693,treino
20090,16693,treino
20091,16693,treino
20092,16691,treino
20093,16693,treino
20094,16693,treino
20097,16637,treino
20098,16320,treino
20099,16354,validacao
20100,16695,treino
20101,16695,treino
20102,16365,treino
20103,16328,teste
20104,16697,treino
20105,16697,treino
20106,16642,validacao
20109,16333,treino
20110,16341,treino
20111,16375,treino
20112,16360,treino
20113,16373,treino
20114,16348,treino
20115,16345,treino
20116,16350,treino
20117,16356,treino
20118,16702,treino
20119,16699,validacao
20120,16702,treino
20121,16702,treino
20122,16702,treino
20123,16702,treino
20124,16647,treino
20125,16704,treino
20126,16704,treino
20127,16371,treino
20128,16706,teste
20131,16352,treino
20132,16708,treino
20133,16710,treino
20134,16712,treino
20135,16712,treino
20136,16712,treino
20137,16712,treino
20138,16712,treino
20139,16653,treino
20140,16363,treino
20141,16380,teste
20142,16715,treino
20145,16367,teste
20146,16369,teste
20147,16717,validacao
20148,16719,teste
20149,16382,treino
20150,16358,treino
20151,16723,validacao
20152,16686,treino
20153,16723,validacao
20154,16721,treino
20155,16686,treino
20156,16725,treino
20157,16723,validacao
20158,16727,treino
20159,16725,treino
20160,16723,validacao
20161,16723,validacao
20162,16662,teste
20165,16730,treino
20166,16732,validacao
20167,16397,teste
20168,16734,treino
20169,16736,treino
20170,16671,teste
20171,16738,teste
20174,16738,teste
20175,16738,teste
20176,16410,validacao
20177,16377,treino
20178,16738,teste
20179,16738,teste
20180,16740,validacao
20181,16389,treino
20182,16405,treino
20183,16414,validacao
20184,16384,treino
20185,16742,treino
20186,16745,treino
20188,16747,treino
20190,16420,teste
20191,16401,treino
20192,16680,treino
20193,16751,teste
20194,16751,teste
20195,16751,teste
20196,16749,teste
20197,16751,teste
20198,16751,teste
20199,16431,treino
20200,16395,validacao
20201,16393,treino
20202,16403,treino
20203,16386,treino
20204,16684,treino
20205,16753,teste
20208,16412,treino
20209,16755,treino
20210,16758,treino
20211,16691,treino
20212,16762,treino
20213,16760,treino
20214,16762,treino
20215,16762,treino
20216,16762,treino
20217,16762,treino
20220,16427,treino
20221,16764,treino
20222,16766,validacao
20223,16768,treino
20224,16416,treino
20225,16444,teste
20226,16699,validacao
20227,16773,treino
20228,16771,treino
20229,16773,treino
20230,16773,treino
20231,16773,treino
20232,16773,treino
20235,16436,treino
20236,16439,validacao
20237,16777,treino
20238,16775,teste
20239,16706,teste
20240,16422,treino
20241,16433,teste
20242,16779,treino
20243,16708,treino
20244,16710,treino
20247,16456,treino
20248,16784,validacao
20249,16781,treino
20250,16784,validacao
20251,16784,validacao
20252,16784,validacao
20253,16784,validacao
20254,16715,treino
20255,16786,treino
20256,16788,treino
20257,16449,treino
20258,16717,validacao
20260,16790,treino
20261,16719,teste
20263,16467,validacao
20264,16476,treino
20265,16727,treino
20266,16721,treino
20267,16686,treino
20268,16727,treino
20269,16794,treino
20270,16794,treino
20271,16794,treino
20272,16792,treino
20273,16794,treino
20274,16794,treino
20275,16796,treino
20276,16463,teste
20277,16446,validacao
20278,16528,treino
20279,16480,validacao
20280,16730,treino
20281,16799,treino
20284,16732,validacao
20285,16471,teste
20286,16734,treino
20287,16736,treino
20288,16473,treino
20289,16740,validacao
20290,16805,validacao
20291,16805,validacao
20292,16805,validacao
20293,16803,treino
20294,16805,validacao
20295,16805,validacao
20298,16742,treino
20299,16465,teste
20300,16801,teste
20301,16801,teste
20302,16745,treino
20303,16747,treino
20304,16727,treino
20305,16452,teste
20306,16486,treino
20307,16461,teste
20308,16478,treino
20309,31256,treino
20310,16469,teste
20311,16493,teste
20312,16727,treino
20313,16727,treino
20314,16808,treino
20315,16727,treino
20316,16749,teste
20317,16810,treino
20318,16812,treino
20319,16814,treino
20320,16814,treino
20323,16814,treino
20324,16814,treino
20325,16814,treino
20326,16459,treino
20327,16497,treino
20328,16507,treino
20329,16504,treino
20330,16753,teste
20331,16816,treino
20332,16819,treino
20333,16755,treino
20334,16491,treino
20335,31050,treino
20336,31209,treino
20337,16482,teste
20338,16484,treino
20339,16758,treino
20340,16727,treino
20341,16727,treino
20342,16821,treino
20345,16760,treino
20346,16524,validacao
20347,16823,treino
20348,16827,treino
20349,16825,teste
20350,16827,treino
20351,16827,treino
20352,16827,treino
20353,16827,treino
20354,16829,treino
20355,16764,treino
20356,16499,treino
20357,16727,treino
20358,16766,validacao
20359,16727,treino
20360,16831,treino
20361,16768,treino
20364,16526,treino
20365,16488,teste
20366,16515,treino
20367,16509,treino
20368,30750,treino
20369,30632,treino
20370,16513,validacao
20371,16495,treino
20372,16834,treino
20373,16771,treino
20374,16836,teste
20375,16840,treino
20376,16840,treino
20377,16838,treino
20378,16840,treino
20379,16840,treino
20380,16511,treino
20381,16532,treino
20382,16840,treino
20383,16777,treino
20384,16775,teste
20385,16842,treino
20388,16727,treino
20390,16530,treino
20391,16539,treino
20392,16517,treino
20393,16501,treino
20394,16522,treino
20395,30816,treino
20396,16545,validacao
20397,16779,treino
20398,16844,treino
20399,16848,treino
20400,16846,treino
20401,31442,treino
20402,16541,treino
20403,16781,treino
20404,16786,treino
20405,16853,treino
20406,16851,treino
20407,16853,treino
20408,16853,treino
20409,16853,treino
20410,16853,treino
20413,16788,treino
20414,16554,treino
20415,16855,teste
20417,16727,treino
20418,16790,treino
20419,16857,treino
20420,16727,treino
20421,16536,treino
20422,16534,validacao
20423,16859,treino
20424,16861,treino
20425,16792,treino
20428,16796,treino
20429,16864,treino
20430,16866,treino
20431,16866,treino
20432,16866,treino
20433,16866,treino
20434,16866,treino
20435,16727,treino
20436,16799,treino
20437,16727,treino
20438,16868,validacao
20439,16558,treino
20440,16549,validacao
20441,16870,treino
20442,16872,treino
20445,16547,treino
20446,16567,teste
20447,16556,teste
20448,16874,treino
20449,16803,treino
20450,16878,treino
20451,16878,treino
20452,16878,treino
20453,16876,treino
20454,16878,treino
20455,16878,treino
20456,16881,treino
20459,16883,teste
20460,16543,treino
20461,16571,treino
20462,16564,treino
20463,16808,treino
20464,16885,treino
20465,16810,treino
20466,16812,treino
20467,16887,treino
20468,16562,treino
20469,16891,teste
20470,16816,treino
20471,16891,teste
20472,16891,teste
20473,16889,teste
20474,16891,teste
20475,16891,teste
20478,16819,treino
20479,16552,treino
20480,16577,validacao
20481,16894,validacao
20482,16896,validacao
20483,16821,treino
20484,16898,validacao
20485,16823,treino
20486,16825,teste
20487,16900,treino
20489,16829,treino
20491,16902,teste
20492,16902,teste
20493,16902,teste
20494,16560,teste
20495,16902,teste
20496,16902,teste
20497,16904,treino
20498,16831,treino
20499,16586,teste
20500,16580,treino
20501,16573,treino
20502,16907,treino
20503,16909,treino
20504,16834,treino
20505,16836,teste
20508,16911,validacao
20509,16838,treino
20510,16727,treino
20511,16727,treino
20512,16569,treino
20513,16575,validacao
20514,16915,treino
20515,16842,treino
20516,16913,validacao
20517,16915,treino
20518,16915,treino
20519,16727,treino
20521,16915,treino
20522,16915,treino
20523,16844,treino
20524,16917,treino
20527,16919,teste
20528,16848,treino
20529,16846,treino
20532,16921,treino
20533,16584,teste
20536,16851,treino
20537,16924,treino
20540,16855,teste
20541,16598,validacao
20542,16929,validacao
20543,16929,validacao
20544,16929,validacao
20545,16927,treino
20546,16929,validacao
20547,16929,validacao
20548,16931,treino
20550,16857,treino
20553,16933,teste
20555,16593,treino
20556,16582,teste
20557,16859,treino
20558,16861,treino
20561,16935,treino
20562,16864,treino
20563,16600,teste
20564,16938,treino
20567,31102,validacao
20569,16868,validacao
20570,16940,teste
20571,16944,treino
20574,16944,treino
20575,16944,treino
20577,16589,treino
20578,16944,treino
20580,16944,treino
20581,16942,validacao
20582,16946,treino
20583,16870,treino
20584,16872,treino
20587,16948,treino
20588,16874,treino
20591,16950,treino
20592,16876,treino
20595,16591,treino
20598,16881,treino
20599,16953,treino
20600,16957,teste
20601,16957,teste
20602,16957,teste
20603,16957,teste
20604,16955,validacao
20605,16883,teste
20606,16957,teste
20607,16959,validacao
20608,16885,treino
20611,16887,treino
20612,16961,treino
20617,16628,treino
20618,16596,treino
20619,16963,treino
20620,16889,teste
20623,16610,treino
20624,16624,treino
20625,16602,treino
20626,16968,teste
20627,16894,validacao
20628,16966,treino
20629,16970,validacao
20630,16970,validacao
20631,16970,validacao
20632,16970,validacao
20635,16970,validacao
20636,16896,validacao
20637,16972,treino
20638,16898,validacao
20641,16626,treino
20644,16974,teste
20645,16900,treino
20646,16976,treino
20649,16605,teste
20650,16635,treino
20651,16904,treino
20652,16980,treino
20653,16978,treino
20656,16983,treino
20659,16983,treino
20660,16983,treino
20661,16983,treino
20662,16983,treino
20663,16615,treino
20664,16607,validacao
20665,16612,teste
20666,16619,treino
20667,16907,treino
20668,16909,treino
20669,16985,teste
20672,16987,validacao
20673,16911,validacao
20674,16617,treino
20677,16990,teste
20678,16913,validacao
20683,16992,treino
20684,16917,treino
20685,16994,validacao
20686,16996,treino
20687,16996,treino
20688,16996,treino
20689,16919,teste
20690,16996,treino
20691,16996,treino
20693,16921,treino
20695,16630,treino
20696,16651,treino
20697,16621,treino
20698,16998,teste
20699,16924,treino
20700,17001,teste
20701,16633,treino
20702,16639,validacao
20703,16927,treino
20706,16931,treino
20709,16933,teste
20710,17007,treino
20711,17005,treino
20712,17003,validacao
20713,17007,treino
20714,17007,treino
20715,17007,treino
20716,17007,treino
20719,16935,treino
20722,16725,treino
20723,17009,treino
20724,16938,treino
20729,16940,teste
20730,17012,teste
20731,16664,validacao
20732,16655,treino
20733,16942,validacao
20734,17014,validacao
20735,16946,treino
20736,17016,treino
20738,17018,teste
20740,17018,teste
20741,17018,teste
20742,17018,teste
20743,17018,teste
20744,16948,treino
20745,16645,treino
20746,16637,treino
20747,17020,validacao
20750,16950,treino
20751,17022,validacao
20754,16653,treino
20755,16662,teste
20756,16660,treino
20759,16953,treino
20760,17025,treino
20761,17027,treino
20762,16955,validacao
20763,16959,validacao
20764,16671,teste
20765,16642,validacao
20766,16647,treino
20769,17031,treino
20770,17029,treino
20771,17031,treino
20772,17031,treino
20773,17031,treino
20774,17031,treino
20775,16961,treino
20776,17033,teste
20781,16649,teste
20782,16963,treino
20783,17035,teste
20786,17037,treino
20787,16968,teste
20788,16966,treino
20789,16682,validacao
20790,16667,teste
20791,17040,treino
20794,16972,treino
20795,17044,treino
20796,17042,treino
20797,17044,treino
20799,17044,treino
20801,17044,treino
20802,17044,treino
20803,16676,validacao
20804,16658,treino
20807,16974,teste
20808,17046,treino
20809,16976,treino
20811,16669,validacao
20813,17048,treino
20814,17050,treino
20815,16980,treino
20816,16978,treino
20821,17052,treino
20822,16985,teste
20823,17055,treino
20824,17055,treino
20825,17055,treino
20826,17055,treino
20828,17057,treino
20829,17055,treino
20831,16987,validacao
20832,16693,treino
20833,17059,treino
20835,16990,teste
20837,17061,teste
20840,17063,teste
20841,16992,treino
20842,16673,treino
20843,16695,treino
20846,16994,validacao
20847,17065,validacao
20848,17068,treino
20851,17068,treino
20852,16998,teste
20853,16710,treino
20854,16680,treino
20855,17068,treino
20856,17068,treino
20857,17068,treino
20858,17070,validacao
20860,17001,teste
20864,17072,validacao
20865,16684,treino
20866,16678,teste
20867,16688,treino
20868,17074,treino
20870,17076,treino
20872,17005,treino
20873,17003,validacao
20874,16712,treino
20875,16702,treino
20876,17078,treino
20879,17080,treino
20880,17080,treino
20881,17080,treino
20882,17082,treino
20883,17080,treino
20884,17080,treino
20887,17009,treino
20889,16704,treino
20890,16715,treino
20891,16691,treino
20893,17087,teste
20894,17085,teste
20895,17012,teste
20898,16706,teste
20899,17089,treino
20900,17014,validacao
20901,17016,treino
20906,17091,treino
20907,17020,validacao
20908,16719,teste
20909,16697,treino
20910,17093,treino
20911,17093,treino
20912,17093,treino
20913,17093,treino
20914,17093,treino
20917,17022,validacao
20918,17095,teste
20919,17097,validacao
20922,17025,treino
20923,17027,treino
20924,17100,validacao
20929,16717,validacao
20930,17029,treino
20931,17102,teste
20933,17104,teste
20935,17033,teste
20936,17104,teste
20937,17104,teste
20938,17104,teste
20939,17104,teste
20940,17106,validacao
20941,16699,validacao
20942,16708,treino
20943,16747,treino
20944,16749,teste
20945,17108,treino
20946,17035,teste
20950,17037,treino
20951,17110,treino
20953,17040,treino
20954,16686,treino
20955,16751,teste
20956,16721,treino
20957,16742,treino
20958,16738,teste
20961,17113,treino
20962,17042,treino
20965,16740,validacao
20966,17119,treino
20967,17119,treino
20968,17115,treino
20969,17119,treino
20970,17119,treino
20971,17117,treino
20972,17046,treino
20973,17119,treino
20978,17048,treino
20979,16732,validacao
20980,16745,treino
20981,16730,treino
20982,17121,treino
20983,17050,treino
20986,17052,treino
20987,17123,teste
20988,16723,validacao
20989,16760,treino
20992,17126,treino
20993,17057,treino
20994,17128,treino
20995,17130,teste
20996,17130,teste
20998,17130,teste
21000,17130,teste
21001,17130,teste
21004,16762,treino
21005,16755,treino
21006,16734,treino
21007,17059,treino
21008,17132,validacao
21009,17061,teste
21012,17063,teste
21013,17134,treino
21014,16736,treino
21016,17065,validacao
21018,17136,treino
21021,16753,teste
21022,17139,teste
21023,17070,validacao
21026,17143,treino
21027,17143,treino
21028,17141,teste
21029,17143,treino
21030,17143,treino
21031,17143,treino
21032,17072,validacao
21033,17074,treino
21034,17146,treino
21035,16773,treino
21036,16768,treino
21039,17076,treino
21040,17148,treino
21041,17078,treino
21042,16777,treino
21043,16771,treino
21044,16788,treino
21045,17150,treino
21046,17152,treino
21047,17082,treino
21050,17156,teste
21053,17158,treino
21054,17158,treino
21055,16766,validacao
21056,16758,treino
21057,16792,treino
21058,17158,treino
21059,17158,treino
21060,17158,treino
21061,17085,teste
21062,17087,teste
21064,17160,treino
21066,16781,treino
21067,16790,treino
21068,17089,treino
21069,17162,treino
21072,17164,teste
21073,17166,treino
21076,17091,treino
21079,16784,validacao
21080,17169,treino
21081,17171,teste
21082,17095,teste
21085,17171,teste
21086,17097,validacao
21087,17171,teste
21088,17171,teste
21089,17171,teste
21090,17174,treino
21091,16796,treino
21094,17100,validacao
21095,17176,treino
21098,17178,treino
21099,16779,treino
21100,16764,treino
21101,16794,treino
21104,17102,teste
21105,17180,treino
21108,17106,validacao
21109,17108,treino
21110,31107,treino
21111,16775,teste
21112,17184,treino
21113,17184,treino
21114,17182,teste
21115,17184,treino
21116,17184,treino
21117,17184,treino
21120,17110,treino
21123,17187,treino
21124,16803,treino
21125,16814,treino
21126,17189,validacao
21129,17113,treino
21130,17191,treino
21131,16786,treino
21134,17115,treino
21135,17117,treino
21136,17193,treino
21137,17195,treino
21138,17195,treino
21139,17195,treino
21141,17195,treino
21143,17195,treino
21146,17121,treino
21147,17197,treino
21149,17199,teste
21151,17123,teste
21152,17201,treino
21153,16799,treino
21155,17126,treino
21157,17204,treino
21158,17128,treino
21161,16816,treino
21162,16805,validacao
21163,16812,treino
21165,17132,validacao
21167,17208,validacao
21168,17208,validacao
21169,17208,validacao
21170,17208,validacao
21171,17208,validacao
21172,17206,treino
21173,17134,treino
21176,16825,teste
21177,16834,treino
21178,16801,teste
21179,17210,treino
21180,17212,teste
21182,17136,treino
21186,17215,treino
21187,17139,teste
21188,16810,treino
21189,16844,treino
21190,16819,treino
21191,17141,teste
21194,17219,treino
21195,17217,treino
21196,17219,treino
21197,17219,treino
21198,17219,treino
21199,17146,treino
21200,17219,treino
21201,16821,treino
21202,16848,treino
21205,17148,treino
21206,17221,treino
21211,16808,treino
21212,17223,teste
21213,17150,treino
21214,17152,treino
21215,17225,teste
21218,17156,teste
21219,16831,treino
21220,17228,validacao
21221,17230,treino
21222,17160,treino
21224,17230,treino
21226,17230,treino
21227,17230,treino
21228,17230,treino
21231,17232,teste
21232,17162,treino
21233,16842,treino
21236,17234,treino
21237,17236,treino
21238,17164,teste
21239,17166,treino
21242,16823,treino
21243,16827,treino
21244,16872,treino
21245,16859,treino
21246,17238,treino
21247,17169,treino
21252,17243,treino
21253,17174,treino
21254,17241,treino
21255,17243,treino
21256,16838,treino
21257,16861,treino
21258,16840,treino
21259,16829,treino
21260,17243,treino
21261,17243,treino
21262,17243,treino
21265,17245,teste
21266,17176,treino
21267,17247,treino
21268,17178,treino
21269,16853,treino
21270,16836,teste
21271,16846,treino
21272,16874,treino
21275,17180,treino
21276,17249,treino
21281,17182,teste
21282,17251,validacao
21283,17253,treino
21287,17253,treino
21288,17253,treino
21289,17253,treino
21290,17253,treino
21291,17187,treino
21292,17256,teste
21293,16887,treino
21294,16851,treino
21295,16868,validacao
21296,16857,treino
21297,17258,teste
21298,17189,validacao
21299,17260,treino
21300,17191,treino
21302,17262,treino
21304,17260,treino
21305,16864,treino
21307,17193,treino
21308,17264,treino
21311,17266,treino
21312,17197,treino
21313,16855,teste
21314,17268,treino
21315,17268,treino
21316,17268,treino
21317,17268,treino
21318,17268,treino
21321,17270,teste
21322,17199,teste
21323,17201,treino
21326,16870,treino
21327,16883,teste
21328,16885,treino
21329,16876,treino
21331,17273,validacao
21333,17204,treino
21334,16891,teste
21335,16881,treino
21336,16900,treino
21337,16878,treino
21338,16904,treino
21339,17275,teste
21340,17277,treino
21341,17206,treino
21344,17281,treino
21345,17281,treino
21347,17281,treino
21349,17281,treino
21350,17281,treino
21351,17210,treino
21352,17279,treino
21353,16866,treino
21354,16907,treino
21355,17212,teste
21358,17283,validacao
21359,17215,treino
21361,16889,teste
21362,16896,validacao
21364,17286,treino
21365,17288,teste
21366,17217,treino
21371,17290,teste
21372,17292,validacao
21373,17292,validacao
21374,17292,validacao
21375,17221,treino
21376,17292,validacao
21377,17292,validacao
21378,17294,treino
21379,17223,teste
21380,16911,validacao
21381,17225,teste
21383,17296,treino
21385,16894,validacao
21386,16902,teste
21387,16913,validacao
21388,16898,validacao
21389,17228,validacao
21390,17299,teste
21391,17301,validacao
21392,17232,teste
21393,17303,treino
21394,17303,treino
21395,17303,treino
21396,17303,treino
21397,17234,treino
21398,17303,treino
21399,17305,teste
21400,17236,treino
21403,16915,treino
21404,16940,teste
21405,17307,treino
21406,17238,treino
21407,17309,treino
21408,17311,teste
21409,17241,treino
21410,16909,treino
21411,17314,teste
21412,17316,teste
21413,17245,teste
21414,17316,teste
21415,17316,teste
21416,17247,treino
21417,17316,teste
21418,17316,teste
21421,16955,validacao
21422,16931,treino
21423,16919,teste
21424,17318,treino
21425,17249,treino
21426,17320,treino
21427,17322,validacao
21428,16933,teste
21429,16929,validacao
21430,16935,treino
21431,16948,treino
21432,17251,validacao
21433,17324,treino
21434,17256,teste
21437,17327,treino
21438,17258,teste
21439,16917,treino
21440,17327,treino
21441,17327,treino
21442,17327,treino
21443,17327,treino
21444,17329,validacao
21445,17262,treino
21446,16942,validacao
21447,16921,treino
21448,16957,teste
21449,17331,treino
21450,17333,treino
21451,17264,treino
21454,17266,treino
21455,16950,treino
21456,16924,treino
21457,16927,treino
21458,16953,treino
21459,17335,treino
21460,17270,teste
21461,17340,treino
21462,17337,treino
21463,17340,treino
21464,17340,treino
21465,17340,treino
21466,17340,treino
21467,16938,treino
21468,16961,treino
21469,16946,treino
21470,16970,validacao
21471,17273,validacao
21472,17342,validacao
21473,17344,teste
21476,16959,validacao
21477,16944,treino
21478,16974,teste
21479,16980,treino
21480,16972,treino
21481,17346,validacao
21482,17275,teste
21483,17277,treino
21484,17348,treino
21485,17279,treino
21486,16968,teste
21487,16976,treino
21488,17352,teste
21489,17352,teste
21490,17350,treino
21491,17352,teste
21492,17352,teste
21493,17352,teste
21494,17283,validacao
21495,17355,treino
21498,16963,treino
21499,16987,validacao
21500,17357,validacao
21501,17288,teste
21502,17286,treino
21504,17359,treino
21505,16978,treino
21506,17290,teste
21507,17361,treino
21508,17363,treino
21511,17294,treino
21512,17363,treino
21513,17363,treino
21514,16990,teste
21515,16996,treino
21516,17363,treino
21517,17363,treino
21518,17365,treino
21519,17367,treino
21520,17296,treino
21521,17370,teste
21522,17299,teste
21523,16966,treino
21524,17007,treino
21525,17301,validacao
21526,17372,treino
21529,16985,teste
21530,17005,treino
21531,17374,teste
21532,17305,teste
21533,17376,treino
21534,17378,validacao
21535,17378,validacao
21536,17378,validacao
21537,17378,validacao
21538,17378,validacao
21539,17380,treino
21540,17307,treino
21541,17003,validacao
21542,17309,treino
21543,17382,validacao
21544,17311,teste
21547,17385,treino
21548,17314,teste
21549,17387,validacao
21550,16992,treino
21551,17001,teste
21552,16983,treino
21553,17318,treino
21554,17389,validacao
21555,17391,treino
21556,17391,treino
21557,17391,treino
21558,17391,treino
21559,17391,treino
21560,17393,treino
21561,17320,treino
21562,17322,validacao
21565,16994,validacao
21566,17027,treino
21567,16998,teste
21568,17395,treino
21569,17397,treino
21570,17324,treino
21571,17018,teste
21572,17035,teste
21573,13719,teste
21574,13719,teste
21575,17402,validacao
21576,17400,treino
21577,17329,validacao
21578,17404,treino
21579,17404,treino
21580,17404,treino
21581,17404,treino
21584,17404,treino
21585,17406,treino
21586,17331,treino
21587,17333,treino
21588,17408,treino
21589,17335,treino
21590,17012,teste
21591,17040,treino
21592,17020,validacao
21593,17410,validacao
21594,17412,treino
21595,17337,treino
21596,17415,teste
21599,17031,treino
21600,17048,treino
21601,17042,treino
21602,17009,treino
21603,17344,teste
21604,17342,validacao
21605,17419,treino
21606,17419,treino
21607,17417,treino
21608,17419,treino
21609,17419,treino
21610,17419,treino
21611,17346,validacao
21612,17421,treino
21613,17016,treino
21614,17348,treino
21615,17423,treino
21618,17014,validacao
21619,17029,treino
21620,17037,treino
21621,17425,treino
21622,17350,treino
21623,17427,validacao
21624,17355,treino
21625,17357,validacao
21626,17432,treino
21627,17063,teste
21628,17432,treino
21629,17430,teste
21630,17432,treino
21631,17432,treino
21632,17432,treino
21633,17434,teste
21634,17359,treino
21637,17061,teste
21638,17025,treino
21639,17044,treino
21640,17436,treino
21641,17438,treino
21642,17361,treino
21643,17440,treino
21644,17022,validacao
21645,17055,treino
21646,17365,treino
21647,17367,treino
21648,17445,validacao
21649,17445,validacao
21650,17442,teste
21651,17445,validacao
21652,17445,validacao
21653,17445,validacao
21654,17370,teste
21656,17046,treino
21657,17033,teste
21658,17068,treino
21660,17447,validacao
21661,17449,teste
21662,17372,treino
21663,17451,teste
21664,17076,treino
21665,17374,teste
21666,17376,treino
21667,17453,treino
21668,17380,treino
21672,17074,treino
21673,17052,treino
21674,17050,treino
21675,17082,treino
21676,17457,treino
21677,17455,validacao
21678,17457,treino
21679,17457,treino
21680,17382,validacao
21681,17457,treino
21682,17457,treino
21683,17459,treino
21684,17462,teste
21685,17385,treino
21686,17072,validacao
21687,17057,treino
21688,17065,validacao
21689,17078,treino
21690,17464,treino
21691,17387,validacao
21692,17389,validacao
21693,17059,treino
21694,17466,validacao
21695,17393,treino
21696,17472,treino
21697,17470,treino
21698,17472,treino
21699,17472,treino
21700,17468,treino
21701,17472,treino
21702,17472,treino
21703,17395,treino
21704,17070,validacao
21705,17100,validacao
21706,17474,treino
21707,17397,treino
21708,17085,teste
21709,17089,treino
21710,17097,validacao
21711,17102,teste
21712,17184,treino
21713,13818,treino
21714,13818,treino
21715,17477,treino
21716,17402,validacao
21717,17400,treino
21718,17479,treino
21719,17406,treino
21720,17091,treino
21721,17481,treino
21722,17485,treino
21723,17483,treino
21724,17485,treino
21725,17485,treino
21726,17408,treino
21727,17485,treino
21728,17485,treino
21729,17095,teste
21730,17087,teste
21731,17117,treino
21732,17487,treino
21733,17410,validacao
21734,17412,treino
21735,17415,teste
21736,17490,validacao
21737,17108,treino
21738,17080,treino
21739,17113,treino
21740,17417,treino
21741,17492,teste
21742,17494,teste
21743,17496,validacao
21744,17421,treino
21745,17126,treino
21746,17104,teste
21747,17171,teste
21748,17496,validacao
21749,17496,validacao
21750,17496,validacao
21751,17496,validacao
21752,17498,treino
21753,17423,treino
21754,17500,treino
21755,17106,validacao
21756,17128,treino
21757,17425,treino
21758,17427,validacao
21759,17502,treino
21760,17505,treino
21761,17110,treino
21762,17123,teste
21763,17430,teste
21764,17093,treino
21765,17507,treino
21766,17509,validacao
21767,17434,teste
21768,17509,validacao
21769,17509,validacao
21770,17509,validacao
21771,17511,treino
21772,17134,treino
21773,17436,treino
21774,17438,treino
21775,17513,teste
21776,17440,treino
21777,17115,treino
21778,17515,treino
21779,17517,validacao
21780,17442,teste
21781,17520,treino
21782,17522,treino
21783,17148,treino
21784,17132,validacao
21785,17141,teste
21786,17447,validacao
21787,17522,treino
21788,17522,treino
21789,17449,teste
21790,17522,treino
21791,17522,treino
21792,17524,treino
21793,17451,teste
21794,17526,validacao
21795,17528,validacao
21796,17453,treino
21797,17143,treino
21798,17152,treino
21799,17162,treino
21800,17150,treino
21801,17119,treino
21802,17530,validacao
21803,17455,validacao
21804,17459,treino
21805,17535,validacao
21806,17535,validacao
21807,17535,validacao
21808,17462,teste
21809,17533,treino
21810,17535,validacao
21811,17535,validacao
21812,17156,teste
21813,17130,teste
21814,17139,teste
21815,17146,treino
21816,17121,treino
21817,17464,treino
21818,17537,treino
21819,17539,validacao
21820,17466,validacao
21821,17174,treino
21822,17541,teste
21823,17470,treino
21824,17468,treino
21825,17545,treino
21826,17136,treino
21827,17547,treino
21828,17550,validacao
21829,17474,treino
21830,17547,treino
21831,17547,treino
21832,17547,treino
21833,17547,treino
21834,17553,treino
21835,17555,treino
21836,17477,treino
21837,17557,treino
21838,17479,treino
21839,17559,treino
21840,17561,teste
21841,17176,treino
21842,17160,treino
21843,17158,treino
21844,17481,treino
21845,17483,treino
21846,17563,teste
21847,17567,validacao
21848,17567,validacao
21849,17567,validacao
21850,17565,treino
21851,17487,treino
21852,17567,validacao
21853,17567,validacao
21854,17569,teste
21855,17572,treino
21856,17490,validacao
21857,16727,treino
21858,17169,treino
21859,17178,treino
21860,17574,treino
21861,17492,teste
21862,17494,teste
21863,17180,treino
21864,17164,teste
21865,17191,treino
21866,17182,teste
21867,17576,teste
21868,17498,treino
21869,17580,teste
21870,17580,teste
21871,17578,treino
21872,17580,teste
21873,17580,teste
21874,17580,teste
21875,17582,treino
21876,17500,treino
21877,17204,treino
21878,17201,treino
21879,17584,treino
21880,17502,treino
21881,17505,treino
21882,17193,treino
21883,17199,teste
21884,17166,treino
21885,17507,treino
21886,17587,teste
21887,17590,validacao
21888,17511,treino
21889,17594,treino
21890,17592,treino
21891,17594,treino
21892,17210,treino
21893,17594,treino
21894,17594,treino
21895,17594,treino
21896,17513,teste
21897,17596,treino
21898,17197,treino
21899,17515,treino
21900,17517,validacao
21901,17598,validacao
21902,17520,treino
21903,17189,validacao
21904,17206,treino
21905,17601,treino
21906,17603,treino
21907,17605,treino
21908,17605,treino
21909,17524,treino
21910,17605,treino
21911,17605,treino
21912,17605,treino
21913,17607,treino
21914,17219,treino
21915,17187,treino
21916,17526,validacao
21917,17528,validacao
21918,17609,teste
21919,17530,validacao
21920,17611,treino
21921,17614,teste
21922,17533,treino
21923,17619,treino
21924,17195,treino
21925,17617,teste
21926,17619,treino
21927,17619,treino
21928,17619,treino
21929,17619,treino
21930,17537,treino
21931,17539,validacao
21932,17621,teste
21933,17215,treino
21934,17221,treino
21935,17208,validacao
21936,17236,treino
21937,17541,teste
21938,17623,treino
21939,17625,teste
21940,17545,treino
21941,17225,teste
21942,17627,teste
21943,17550,validacao
21944,17632,treino
21945,17553,treino
21946,17632,treino
21947,17632,treino
21948,17630,validacao
21949,17632,treino
21950,17632,treino
21951,17555,treino
21952,17238,treino
21953,17212,teste
21954,17223,teste
21955,17232,teste
21956,17557,treino
21957,17634,treino
21958,17559,treino
21959,17561,teste
21960,17217,treino
21961,17228,validacao
21962,17241,treino
21963,17636,treino
21964,17563,teste
21965,17638,teste
21966,17640,teste
21967,17565,treino
21968,17642,validacao
21969,17642,validacao
21970,17642,validacao
21971,17569,teste
21972,17642,validacao
21973,17642,validacao
21974,17644,treino
21975,17572,treino
21976,17234,treino
21977,17258,teste
21978,17249,treino
21979,17251,validacao
21980,17247,treino
21981,17647,treino
21982,17574,treino
21983,17649,treino
21984,17651,teste
21985,17576,teste
21986,17243,treino
21987,17230,treino
21988,17578,treino
21989,17655,teste
21990,17655,teste
21991,17582,treino
21992,17655,teste
21993,17653,treino
21994,17655,teste
21995,17655,teste
21996,17264,treino
21997,17268,treino
21998,17584,treino
21999,17657,validacao
22000,17661,treino
22001,17245,teste
22002,17256,teste
22003,17587,teste
22004,17663,treino
22005,17590,validacao
22006,17592,treino
22007,17665,treino
22008,17253,treino
22009,17667,validacao
22010,17667,validacao
22011,17667,validacao
22012,17667,validacao
22013,17667,validacao
22014,17669,teste
22015,17596,treino
22016,17262,treino
22017,17277,treino
22018,17270,teste
22019,17671,teste
22020,17598,validacao
22021,17673,treino
22022,17676,teste
22023,17601,treino
22024,17283,validacao
22025,17603,treino
22026,17678,treino
22027,17680,teste
22028,17607,treino
22029,17680,teste
22030,17680,teste
22031,17680,teste
22032,17680,teste
22033,17294,treino
22034,17682,treino
22035,17609,teste
22036,17273,validacao
22037,17290,teste
22038,17684,validacao
22039,17611,treino
22040,17686,validacao
22041,17614,teste
22042,17689,treino
22043,17617,teste
22044,17275,teste
22045,17299,teste
22046,17266,treino
22047,17693,treino
22048,17691,treino
22049,17693,treino
22050,17693,treino
22051,17693,treino
22052,17693,treino
22053,17621,teste
22054,17286,treino
22055,17288,teste
22056,17292,validacao
22057,17695,treino
22058,17623,treino
22059,17697,validacao
22060,17699,treino
22061,17625,teste
22062,17627,teste
22063,17279,treino
22064,17296,treino
22065,17281,treino
22066,17311,teste
22067,17701,treino
22068,17630,validacao
22069,17706,teste
22070,17704,treino
22071,17706,teste
22072,17706,teste
22073,17706,teste
22074,17309,treino
22075,17320,treino
22076,17706,teste
22077,17634,treino
22078,17708,treino
22079,17710,treino
22080,17636,treino
22081,17327,treino
22082,17314,teste
22083,17638,teste
22084,17712,validacao
22085,17640,teste
22086,17714,treino
22087,17260,treino
22088,17307,treino
22089,17303,treino
22090,17644,treino
22091,17719,treino
22092,17719,treino
22093,17717,treino
22094,17719,treino
22095,17719,treino
22096,17719,treino
22097,17335,treino
22098,17647,treino
22099,17721,teste
22100,17649,treino
22101,17723,treino
22102,17651,teste
22103,17725,treino
22104,17305,teste
22105,17322,validacao
22106,17301,validacao
22107,17727,validacao
22108,17653,treino
22109,17316,teste
22110,17731,teste
22111,17729,treino
22112,17731,teste
22113,17731,teste
22114,17731,teste
22115,17731,teste
22116,17657,validacao
22117,17734,treino
22118,17736,treino
22119,17661,treino
22120,17663,treino
22121,17738,treino
22122,17665,treino
22123,17740,teste
22124,17669,teste
22125,17744,teste
22126,17742,treino
22127,17744,teste
22128,17744,teste
22129,17744,teste
22130,17744,teste
22131,17746,treino
22132,17342,validacao
22133,17333,treino
22134,17671,teste
22135,17673,treino
22136,17748,treino
22137,17676,teste
22138,17318,treino
22139,17359,treino
22140,17329,validacao
22141,17752,validacao
22142,17678,treino
22143,17754,treino
22144,17355,treino
22145,17340,treino
22146,17337,treino
22147,17682,treino
22148,17758,treino
22149,17758,treino
22150,17758,treino
22151,17756,treino
22152,17758,treino
22153,17758,treino
22154,17760,treino
22155,17684,validacao
22156,17357,validacao
22157,17324,treino
22158,17367,treino
22159,17363,treino
22160,17762,teste
22161,17686,validacao
22162,17689,treino
22163,17765,treino
22164,17365,treino
22165,17331,treino
22166,17350,treino
22167,17344,teste
22168,17346,validacao
22169,17691,treino
22170,17767,treino
22171,17769,teste
22172,17695,treino
22173,17769,teste
22174,17769,teste
22175,17380,treino
22176,17348,treino
22177,17376,treino
22178,17769,teste
22179,17769,teste
22180,17771,treino
22181,17773,teste
22182,17697,validacao
22183,17699,treino
22184,17775,teste
22185,17701,treino
22186,17778,treino
22187,17704,treino
22188,17370,teste
22189,17374,teste
22190,17352,teste
22191,17782,teste
22192,17782,teste
22193,17782,teste
22194,17708,treino
22195,17782,teste
22196,17780,treino
22197,17782,teste
22198,17784,treino
22199,17710,treino
22200,17378,validacao
22201,17397,treino
22202,16519,treino
22203,17712,validacao
22204,17786,treino
22205,17714,treino
22206,17361,treino
22207,17372,treino
22208,17788,treino
22209,17717,treino
22210,17791,treino
22211,17793,teste
22212,17795,treino
22213,17795,treino
22214,17387,validacao
22215,17795,treino
22216,17795,treino
22217,17795,treino
22218,17721,teste
22219,17723,treino
22220,17797,validacao
22221,17725,treino
22222,17389,validacao
22223,17799,teste
22224,17727,validacao
22225,17385,treino
22226,17400,treino
22227,17382,validacao
22228,17729,treino
22229,17801,treino
22230,17803,treino
22231,17806,treino
22232,17806,treino
22233,17734,treino
22234,17806,treino
22235,17736,treino
22236,17806,treino
22237,17806,treino
22238,17808,teste
22239,17415,teste
22240,17410,validacao
22241,17404,treino
22242,17738,treino
22243,17810,treino
22244,17740,teste
22245,17393,treino
22246,17402,validacao
22247,17391,treino
22248,17417,treino
22249,17812,treino
22250,17814,teste
22251,17742,treino
22252,17816,treino
22253,17746,treino
22254,17406,treino
22255,17818,validacao
22257,17818,validacao
22258,17818,validacao
22259,17818,validacao
22260,17748,treino
22261,17818,validacao
22262,17821,treino
22263,17395,treino
22264,17752,validacao
22265,17823,treino
22266,17754,treino
22267,17827,treino
22268,17825,teste
22269,17756,treino
22270,17829,teste
22271,17760,treino
22272,17831,treino
22273,17831,treino
22274,17831,treino
22275,17831,treino
22276,17762,teste
22277,17831,treino
22278,17453,treino
22279,17833,validacao
22280,17765,treino
22281,17836,treino
22282,17421,treino
22283,17425,treino
22284,17432,treino
22285,17408,treino
22286,17430,teste
22287,17840,validacao
22288,17838,validacao
22289,17767,treino
22290,17842,treino
22291,17771,treino
22292,17412,treino
22293,17449,teste
22294,17773,teste
22295,17844,treino
22296,17844,treino
22297,17844,treino
22298,17844,treino
22299,17844,treino
22300,17846,validacao
22301,17775,teste
22302,17459,treino
22303,17440,treino
22304,17419,treino
22306,17509,validacao
22307,17509,validacao
22308,17850,validacao
22309,17848,treino
22310,17778,treino
22311,17853,treino
22312,17468,treino
22313,17436,treino
22314,17427,validacao
22315,17457,treino
22316,17462,teste
22317,17438,treino
22318,17423,treino
22319,17855,validacao
22320,17780,treino
22321,17857,treino
22322,17784,treino
22323,17861,validacao
22324,17861,validacao
22325,17442,teste
22326,17455,validacao
22327,17434,teste
22328,17861,validacao
22329,17859,treino
22330,17861,validacao
22331,17850,validacao
22332,17786,treino
22334,17863,treino
22335,17788,treino
22336,17866,treino
22337,17868,validacao
22338,17791,treino
22339,17793,teste
22340,17871,treino
22341,17445,validacao
22342,17447,validacao
22343,17464,treino
22344,17490,validacao
22345,17466,validacao
22346,17487,treino
22349,17797,validacao
22350,17875,treino
22351,17873,validacao
22352,17875,treino
22353,17875,treino
22354,17875,treino
22355,17875,treino
22356,17485,treino
22357,17496,validacao
22358,17451,teste
22359,17472,treino
22360,17877,teste
22361,17799,teste
22362,17881,teste
22363,17879,treino
22364,17801,treino
22365,17481,treino
22366,17803,treino
22369,17884,treino
22370,17808,teste
22371,17888,validacao
22372,17500,treino
22373,17474,treino
22374,17502,treino
22375,17492,teste
22376,17888,validacao
22377,17886,teste
22378,17888,validacao
22379,17810,treino
22380,17890,teste
22381,17477,treino
22382,17812,treino
22385,17892,validacao
22386,17814,teste
22387,17894,treino
22388,17816,treino
22389,17470,treino
22390,17896,treino
22391,17821,treino
22392,17899,treino
22393,17899,treino
22394,17899,treino
22395,17899,treino
22396,17901,treino
22397,17899,treino
22398,17479,treino
22399,17823,treino
22402,17903,validacao
22403,17827,treino
22404,17825,teste
22405,17905,treino
22406,17907,treino
22407,17513,teste
22408,17829,teste
22409,17909,teste
22410,17833,validacao
22411,17507,treino
22412,17483,treino
22414,17913,treino
22416,17913,treino
22417,17911,treino
22418,17913,treino
22419,17836,treino
22420,17916,validacao
22421,17494,teste
22422,17522,treino
22423,17840,validacao
22424,17838,validacao
22425,17918,treino
22426,17920,teste
22427,17842,treino
22428,17505,treino
22429,17526,validacao
22430,17498,treino
22433,17922,treino
22434,17846,validacao
22435,17924,treino
22436,17924,treino
22437,17924,treino
22438,17924,treino
22439,17924,treino
22440,17928,treino
22441,17926,teste
22442,17530,validacao
22443,17515,treino
22444,17528,validacao
22445,17848,treino
22446,17931,treino
22447,17928,treino
22449,17933,teste
22450,17853,treino
22451,17632,treino
22452,17511,treino
22453,17855,validacao
22456,17935,treino
22459,17857,treino
22460,17937,treino
22461,17859,treino
22462,17520,treino
22463,17517,validacao
22466,17939,validacao
22467,17939,validacao
22468,17939,validacao
22469,17939,validacao
22470,17939,validacao
22471,17941,treino
22472,17863,treino
22475,17943,treino
22476,17545,treino
22477,17557,treino
22478,17539,validacao
22479,17533,treino
22480,17945,teste
22483,17866,treino
22484,17868,validacao
22487,17948,validacao
22488,17871,treino
22489,17569,teste
22490,17524,treino
22491,17553,treino
22492,17561,teste
22493,17541,teste
22495,17950,treino
22497,17873,validacao
22498,17952,teste
22499,17952,teste
22500,17952,teste
22501,17952,teste
22502,17952,teste
22503,17555,treino
22504,17954,validacao
22505,17877,teste
22510,17956,treino
22511,17958,treino
22512,17881,teste
22513,17879,treino
22516,17535,validacao
22517,17547,treino
22518,17960,treino
22519,17884,treino
22520,17963,validacao
22523,17582,treino
22524,17574,treino
22525,17576,teste
22526,17550,validacao
22527,17888,validacao
22528,17886,teste
22529,17965,treino
22532,17969,treino
22533,17967,treino
22535,17969,treino
22536,17969,treino
22538,17971,teste
22539,17969,treino
22540,17969,treino
22541,17890,teste
22542,17572,treino
22543,17537,treino
22544,17892,validacao
22545,17973,teste
22548,17894,treino
22549,17975,treino
22550,17896,treino
22552,17567,validacao
22553,17563,teste
22554,17559,treino
22555,17578,treino
22556,17584,treino
22559,17977,validacao
22561,17901,treino
22563,17982,treino
22564,17980,teste
22566,17984,treino
22567,17984,treino
22568,17984,treino
22569,17587,teste
22570,17592,treino
22571,17598,validacao
22572,17580,teste
22573,17984,treino
22574,17984,treino
22575,17903,validacao
22576,17986,treino
22579,17905,treino
22580,17907,treino
22581,17607,treino
22582,17988,validacao
22587,17909,teste
22588,17990,treino
22589,17596,treino
22590,17565,treino
22591,17603,treino
22594,17911,treino
22595,17913,treino
22596,17992,treino
22597,17994,treino
22598,17997,treino
22599,17997,treino
22600,17997,treino
22601,17997,treino
22602,17997,treino
22604,17916,validacao
22606,17999,treino
22607,17590,validacao
22608,17,treino
22609,17594,treino
22612,17918,treino
22613,17920,teste
22616,18001,treino
22617,17922,treino
22620,18003,treino
22621,17926,teste
22622,18005,treino
22623,18007,treino
22624,17609,teste
22625,18009,treino
22628,18009,treino
22629,18009,treino
22632,18009,treino
22633,18009,treino
22634,17931,treino
22635,17933,teste
22636,18012,treino
22639,17601,treino
22640,17611,treino
22641,17605,treino
22642,18014,validacao
22643,17935,treino
22646,18016,treino
22647,17937,treino
22648,17625,teste
22649,18020,treino
22651,18018,treino
22655,17941,treino
22656,18024,teste
22657,18024,teste
22658,18024,teste
22659,17943,treino
22660,18022,teste
22661,18024,teste
22662,17945,teste
22663,17634,treino
22664,17614,teste
22665,17623,treino
22668,18027,treino
22669,17948,validacao
22670,18029,validacao
22673,17647,treino
22674,17630,validacao
22677,17950,treino
22678,18031,treino
22679,18033,treino
22682,17954,validacao
22683,17638,teste
22684,17640,teste
22685,17642,validacao
22686,17619,treino
22687,17956,treino
22688,18037,treino
22689,18035,treino
22690,18037,treino
22691,18037,treino
22692,17958,treino
22693,18037,treino
22696,18039,treino
22697,17960,treino
22698,17621,teste
22699,17627,teste
22701,18041,treino
22705,17963,validacao
22706,18044,validacao
22708,17617,teste
22709,17649,treino
22711,17965,treino
22712,18046,treino
22713,17967,treino
22714,17971,teste
22715,18048,teste
22716,18050,treino
22717,18050,treino
22719,18050,treino
22721,18050,treino
22722,18050,treino
22723,17644,treino
22724,17636,treino
22725,17663,treino
22726,17973,teste
22727,18052,treino
22730,17975,treino
22733,18054,teste
22734,17977,validacao
22735,18056,treino
22738,18059,teste
22739,17980,teste
22740,17982,treino
22741,18061,treino
22742,17651,teste
22746,18063,treino
22748,17986,treino
22749,18063,treino
22750,18063,treino
22751,18063,treino
22752,18063,treino
22753,18065,validacao
22756,17657,validacao
22757,17673,treino
22758,17667,validacao
22759,17988,validacao
22760,18067,validacao
22761,17990,treino
22764,18069,treino
22765,17665,treino
22767,17994,treino
22768,17992,treino
22770,18071,treino
22772,18074,treino
22774,18076,treino
22775,17999,treino
22776,18076,treino
22777,18076,treino
22778,17661,treino
22779,17655,teste
22780,17680,teste
22781,18076,treino
22782,18076,treino
22783,18078,treino
22786,18001,treino
22787,18080,teste
22792,18003,treino
22793,18082,validacao
22794,18084,teste
22795,18005,treino
22796,18007,treino
22799,17653,treino
22800,17669,teste
22801,18086,treino
22802,18089,treino
22803,18012,treino
22804,18089,treino
22805,18089,treino
22806,18089,treino
22809,18091,teste
22810,17699,treino
22811,17697,validacao
22812,18014,validacao
22815,18093,treino
22818,17693,treino
22819,17695,treino
22820,18097,treino
22821,18020,treino
22822,18095,treino
22823,18018,treino
22826,18022,teste
22827,18099,validacao
22828,18101,teste
22829,18101,teste
22832,18101,teste
22833,17684,validacao
22834,17708,treino
22835,17671,teste
22836,18101,teste
22837,18101,teste
22840,18104,treino
22843,18029,validacao
22844,17686,validacao
22845,17676,teste
22846,18106,teste
22847,18031,treino
22850,18033,treino
22851,18108,validacao
22852,18110,treino
22853,17689,treino
22854,17706,teste
22855,17691,treino
22856,17721,teste
22857,17678,treino
22859,18112,validacao
22863,18114,treino
22864,18039,treino
22865,18114,treino
22866,18114,treino
22867,18114,treino
22868,18114,treino
22869,18116,teste
22872,17682,treino
22873,18041,treino
22874,18119,validacao
22875,18044,validacao
22878,17712,validacao
22879,17710,treino
22880,18121,teste
22881,18046,treino
22882,18123,treino
22885,18048,teste
22888,18125,treino
22889,18127,treino
22890,17704,treino
22891,17769,teste
22892,17723,treino
22893,18052,treino
22894,18127,treino
22895,18127,treino
22896,18127,treino
22897,18127,treino
22898,18129,teste
22901,18054,teste
22902,18131,treino
22903,17717,treino
22904,17746,treino
22907,18056,treino
22910,18133,validacao
22911,18136,treino
22912,18059,teste
22915,18061,treino
22916,17748,treino
22917,17701,treino
22918,18138,treino
22919,18065,validacao
22922,18142,treino
22923,18142,treino
22924,18142,treino
22925,18140,treino
22926,18142,treino
22927,18142,treino
22928,17734,treino
22929,17714,treino
22930,17754,treino
22931,18067,validacao
22936,18144,treino
22937,18146,treino
22938,18069,treino
22939,17719,treino
22940,17740,teste
22941,17725,treino
22944,18148,validacao
22945,18071,treino
22946,18074,treino
22948,18151,treino
22950,17738,treino
22951,17752,validacao
22952,18078,treino
22953,18153,treino
22956,18153,treino
22957,18153,treino
22958,18153,treino
22959,18153,treino
22960,18155,treino
22963,18080,teste
22964,18157,treino
22965,17731,teste
22966,17765,treino
22967,17736,treino
22968,18159,treino
22969,18082,validacao
22970,18084,teste
22973,18161,treino
22974,17729,treino
22975,17744,teste
22976,17727,validacao
22977,17773,teste
22978,17762,teste
22979,18086,treino
22984,18164,treino
22985,18091,teste
22986,18166,treino
22987,18166,treino
22990,17778,treino
22991,17742,treino
22992,18166,treino
22993,18166,treino
22994,18166,treino
22995,18168,treino
22996,18093,treino
22997,18170,teste
23000,18172,treino
23001,18097,treino
23002,18095,treino
23007,18174,treino
23008,18099,validacao
23009,17780,treino
23010,17771,treino
23011,18176,treino
23012,18104,treino
23015,18179,treino
23016,18179,treino
23017,18179,treino
23018,18179,treino
23019,18179,treino
23020,18181,treino
23021,18183,treino
23022,18106,teste
23023,17758,treino
23028,18185,treino
23029,18108,validacao
23030,18110,treino
23033,17795,treino
23034,18112,validacao
23035,18187,treino
23038,18116,teste
23039,18189,validacao
23040,17760,treino
23041,17756,treino
23042,17775,teste
23043,17791,treino
23044,18194,treino
23045,18194,treino
23046,18194,treino
23049,18194,treino
23052,18119,validacao
23053,18194,treino
23054,18196,treino
23055,18191,treino
23056,18121,teste
23057,17767,treino
23058,17784,treino
23059,17797,validacao
23060,18123,treino
23063,18198,treino
23064,18125,treino
23065,18200,treino
23068,17799,teste
23069,17803,treino
23070,17806,treino
23071,18129,teste
23074,18202,treino
23077,18207,treino
23078,18131,treino
23079,18207,treino
23080,18207,treino
23081,18205,treino
23082,18209,teste
23083,18207,treino
23084,18207,treino
23086,18133,validacao
23088,18136,treino
23089,18212,treino
23090,17808,teste
23091,17793,teste
23092,18138,treino
23095,18214,treino
23098,18140,treino
23099,18216,treino
23102,17788,treino
23103,17782,teste
23104,17786,treino
23105,18222,teste
23106,18222,teste
23107,18218,treino
23108,18222,teste
23109,18220,treino
23110,18222,teste
23111,18144,treino
23112,18222,teste
23113,18146,treino
23116,17818,validacao
23117,18224,treino
23118,17861,validacao
23119,17861,validacao
23120,18148,validacao
23125,18228,treino
23126,18151,treino
23127,17801,treino
23128,17816,treino
23131,18230,treino
23132,18155,treino
23133,18233,teste
23134,18235,treino
23135,18237,treino
23136,18157,treino
23139,18237,treino
23140,18237,treino
23141,17838,validacao
23142,17814,teste
23143,17825,teste
23144,17827,treino
23145,17831,treino
23146,17812,treino
23147,17823,treino
23148,18237,treino
23149,18237,treino
23150,18159,treino
23153,18239,treino
23156,18161,treino
23157,17829,teste
23158,17810,treino
23159,18241,treino
23162,18164,treino
23163,18244,treino
23164,17836,treino
23165,18246,treino
23166,18168,treino
23168,18170,teste
23170,18248,treino
23172,18250,treino
23174,18250,treino
23175,18250,treino
23176,18250,treino
23177,18250,treino
23178,18172,treino
23179,18252,treino
23181,17853,treino
23183,18174,treino
23184,18254,treino
23187,17842,treino
23188,17821,treino
23189,17859,treino
23190,17833,validacao
23191,18176,treino
23192,18257,treino
23197,18181,treino
23198,18183,treino
23201,18185,treino
23202,17846,validacao
23205,18187,treino
23208,18189,validacao
23211,18259,treino
23212,17952,teste
23213,17844,treino
23214,17857,treino
23215,18196,treino
23218,18191,treino
23219,17884,treino
23220,17855,validacao
23221,18198,treino
23226,18200,treino
23227,17840,validacao
23228,17890,teste
23229,18262,validacao
23232,18202,treino
23233,18205,treino
23234,18209,teste
23237,17888,validacao
23238,17871,treino
23239,17868,validacao
23240,17881,teste
23243,18212,treino
23246,17848,treino
23247,17873,validacao
23248,18214,treino
23251,18265,validacao
23252,18216,treino
23253,17863,treino
23254,17866,treino
23257,18218,treino
23258,18220,treino
23261,18224,treino
23262,17899,treino
23265,18228,treino
23268,17879,treino
23269,17909,teste
23270,17875,treino
23271,17901,treino
23272,18268,validacao
23273,18230,treino
23276,18233,teste
23279,18235,treino
23280,17877,teste
23281,17896,treino
23282,17918,treino
23285,18239,treino
23286,17905,treino
23287,17886,teste
23288,17922,treino
23291,18241,treino
23294,18271,treino
23295,18244,treino
23298,17926,teste
23299,17911,treino
23300,17907,treino
23301,18246,treino
23302,18248,treino
23303,18252,treino
23304,17894,treino
23305,17931,treino
23308,18254,treino
23309,18273,treino
23310,17937,treino
23311,18257,treino
23312,17892,validacao
23313,17943,treino
23314,17903,validacao
23317,17941,treino
23318,17950,treino
23319,18276,validacao
23320,18259,treino
23321,17916,validacao
23322,17913,treino
23323,17920,teste
23326,17924,treino
23327,18279,treino
23328,17935,treino
23329,17948,validacao
23330,18262,validacao
23333,17933,teste
23334,18037,treino
23335,18037,treino
23336,18282,teste
23337,17939,validacao
23338,17963,validacao
23341,18265,validacao
23342,17977,validacao
23343,18284,treino
23346,18268,validacao
23347,17973,teste
23348,17990,treino
23349,17988,validacao
23350,17980,teste
23351,17945,teste
23352,17999,treino
23353,17958,treino
23354,17954,validacao
23355,17986,treino
23358,18287,treino
23359,17969,treino
23360,17984,treino
23361,18005,treino
23362,17956,treino
23363,18271,treino
23365,17967,treino
23366,17965,treino
23367,18012,treino
23368,17971,teste
23369,17960,treino
23372,18290,treino
23373,17975,treino
23374,17992,treino
23375,18001,treino
23376,18273,treino
23377,17982,treino
23378,18009,treino
23381,18294,treino
23382,18003,treino
23383,18016,treino
23384,18027,treino
23385,18029,validacao
23386,18276,validacao
23389,18296,teste
23390,17994,treino
23391,17997,treino
23392,18089,treino
23393,18089,treino
23394,18279,treino
23397,18033,treino
23398,18299,treino
23399,18050,treino
23400,18022,teste
23401,18014,validacao
23402,18007,treino
23405,18282,teste
23406,18018,treino
23407,18302,validacao
23408,18052,treino
23409,18048,teste
23410,18063,treino
23411,18054,teste
23412,18046,treino
23413,18020,treino
23416,18284,treino
23417,18031,treino
23418,18059,teste
23419,18041,treino
23420,18065,validacao
23421,18074,treino
23422,31102,validacao
23423,18056,treino
23426,18305,validacao
23427,18287,treino
23428,18078,treino
23429,18039,treino
23430,18067,validacao
23431,18071,treino
23432,18080,teste
23435,18308,treino
23436,18044,validacao
23437,18035,treino
23438,18082,validacao
23439,18290,treino
23440,18069,treino
23441,18091,teste
23444,18310,treino
23445,18294,treino
23446,18101,teste
23449,18061,treino
23450,18319,treino
23451,18076,treino
23452,18086,treino
23453,18296,teste
23456,18106,teste
23457,18084,teste
23458,18322,treino
23459,18093,treino
23460,18119,validacao
23461,18299,treino
23464,18125,treino
23465,18112,validacao
23466,18095,treino
23467,18114,treino
23468,18325,treino
23469,18127,treino
23472,18302,validacao
23473,18131,treino
23474,18099,validacao
23475,18116,teste
23476,18108,validacao
23477,18136,treino
23478,18097,treino
23479,18140,treino
23480,18104,treino
23483,18328,treino
23484,18110,treino
23485,18305,validacao
23486,18207,treino
23489,18330,teste
23490,18138,treino
23491,18123,treino
23492,18129,teste
23493,18121,teste
23494,18142,treino
23495,18308,treino
23498,18159,treino
23499,18333,treino
23500,18310,treino
23501,18146,treino
23502,18174,treino
23503,18155,treino
23504,18144,treino
23505,18161,treino
23508,18133,validacao
23509,18148,validacao
23510,18151,treino
23511,18336,treino
23512,18153,treino
23513,18319,treino
23516,18181,treino
23517,18172,treino
23518,18339,treino
23521,18322,treino
23522,18157,treino
23523,18170,teste
23524,18191,treino
23525,18185,treino
23526,18342,treino
23529,18325,treino
23530,18164,treino
23531,18196,treino
23532,18212,treino
23533,18198,treino
23534,18183,treino
23535,18176,treino
23536,18166,treino
23537,18168,treino
23540,18344,teste
23541,18205,treino
23542,18328,treino
23543,18216,treino
23544,18179,treino
23547,18224,treino
23548,18194,treino
23549,18200,treino
23550,18347,treino
23551,18330,teste
23552,18228,treino
23553,18189,validacao
23556,18187,treino
23557,18218,treino
23558,18233,teste
23559,18202,treino
23560,18230,treino
23561,18350,treino
23562,18209,teste
23563,18333,treino
23566,18214,treino
23567,18239,treino
23568,18354,treino
23569,18235,treino
23570,18244,treino
23573,18336,treino
23574,18257,treino
23575,18222,teste
23576,18248,treino
23577,18220,treino
23578,18357,treino
23581,18339,treino
23582,18252,treino
23583,18237,treino
23584,18250,treino
23585,18241,treino
23588,18361,treino
23589,18254,treino
23590,18342,treino
23591,18262,validacao
23594,18246,treino
23595,18364,treino
23596,18344,teste
23599,18367,teste
23600,18347,treino
23603,18265,validacao
23604,18259,treino
23605,18370,treino
23608,18350,treino
23611,18373,validacao
23612,18354,treino
23613,17928,treino
23616,18357,treino
23617,18377,treino
23620,18268,validacao
23621,18361,treino
23622,18380,treino
23625,18273,treino
23626,18271,treino
23627,18276,validacao
23628,18383,validacao
23629,18364,treino
23632,18282,teste
23633,18386,treino
23636,18367,teste
23639,18389,treino
23640,18279,treino
23641,18370,treino
23644,18284,treino
23645,18391,treino
23646,18373,validacao
23649,18394,validacao
23650,18377,treino
23651,18290,treino
23654,18397,treino
23657,18380,treino
23658,18287,treino
23659,31304,treino
23661,18400,treino
23663,18383,validacao
23664,18294,treino
23665,18296,teste
23666,18403,treino
23667,18386,treino
23668,30878,treino
23669,18406,treino
23670,18389,treino
23671,30708,validacao
23672,31341,treino
23673,18305,validacao
23674,30920,teste
23675,18408,treino
23676,18391,treino
23677,18299,treino
23678,31294,teste
23679,18302,validacao
23680,18308,treino
23681,30867,treino
23682,18411,treino
23683,18394,validacao
23684,31173,teste
23685,18319,treino
23686,18397,treino
23687,18414,treino
23688,18310,treino
23689,18400,treino
23691,18417,validacao
23692,18403,treino
23693,18420,treino
23694,18322,treino
23695,18406,treino
23696,18423,treino
23697,18328,treino
23698,18325,treino
23699,18408,treino
23700,18425,validacao
23701,30750,treino
23702,30632,treino
23703,18411,treino
23704,18428,treino
23705,31121,treino
23706,31317,teste
23707,18431,treino
23708,18414,treino
23709,18330,teste
23710,18434,validacao
23711,18339,treino
23712,30892,treino
23713,30642,treino
23714,31209,treino
23715,18417,validacao
23716,18336,treino
23717,18333,treino
23718,18437,treino
23719,18420,treino
23720,18439,validacao
23721,18423,treino
23722,18443,treino
23723,18344,teste
23724,18350,treino
23725,18342,treino
23726,18425,validacao
23727,18446,treino
23728,18428,treino
23729,18354,treino
23730,18449,teste
23731,18431,treino
23732,18452,teste
23733,18452,teste
23734,18452,teste
23735,18452,teste
23736,18452,teste
23737,18347,treino
23738,18452,teste
23739,18452,teste
23740,18454,treino
23741,18452,teste
23742,18452,teste
23743,18452,teste
23744,18452,teste
23745,18452,teste
23746,18452,teste
23747,18452,teste
23748,18452,teste
23749,18357,treino
23750,18452,teste
23751,18452,teste
23752,18452,teste
23753,18452,teste
23754,18452,teste
23755,18434,validacao
23756,18452,teste
23757,18452,teste
23758,18452,teste
23759,18452,teste
23760,18452,teste
23761,18452,teste
23764,18457,validacao
23765,18452,teste
23768,18452,teste
23769,18452,teste
23770,18452,teste
23771,18452,teste
23772,18452,teste
23773,18437,treino
23774,18452,teste
23775,18452,teste
23776,18452,teste
23777,18452,teste
23778,18452,teste
23779,18452,teste
23780,18452,teste
23781,18460,validacao
23782,18452,teste
23783,18452,teste
23784,18452,teste
23785,18452,teste
23786,18452,teste
23787,18452,teste
23788,18452,teste
23789,18452,teste
23790,18452,teste
23791,18452,teste
23792,18439,validacao
23793,18452,teste
23794,18452,teste
23795,18452,teste
23796,18452,teste
23797,18452,teste
23798,18452,teste
23799,18452,teste
23800,18367,teste
23801,18452,teste
23802,18464,treino
23803,18452,teste
23804,18452,teste
23805,18452,teste
23806,18452,teste
23807,18452,teste
23808,18452,teste
23809,18452,teste
23810,18452,teste
23811,18452,teste
23812,18452,teste
23813,18452,teste
23814,18443,treino
23815,18452,teste
23816,18452,teste
23817,18452,teste
23818,18466,treino
23819,18361,treino
23820,18446,treino
23821,18364,treino
23822,18471,treino
23823,18449,teste
23824,18475,treino
23825,18377,treino
23826,18370,treino
23827,18454,treino
23828,18480,treino
23829,18457,validacao
23830,18380,treino
23831,18383,validacao
23832,18483,treino
23833,18460,validacao
23834,18373,validacao
23835,18486,treino
23836,18464,treino
23837,18488,treino
23838,18466,treino
23839,18386,treino
23840,18491,treino
23841,18471,treino
23842,18389,treino
23843,18391,treino
23844,18495,treino
23845,18475,treino
23846,18394,validacao
23847,18499,treino
23848,18480,treino
23849,18502,treino
23850,18397,treino
23851,18483,treino
23852,17850,validacao
23853,18504,treino
23854,18486,treino
23855,18507,treino
23856,18488,treino
23857,18400,treino
23858,18510,treino
23859,30750,treino
23860,30632,treino
23861,18491,treino
23862,31377,treino
23863,18513,validacao
23864,31097,validacao
23865,18403,treino
23866,18495,treino
23867,18406,treino
23868,18516,treino
23869,30963,treino
23870,18499,treino
23871,31209,treino
23872,18519,treino
23873,31476,validacao
23874,18408,treino
23875,18502,treino
23876,18523,validacao
23877,18504,treino
23878,18417,validacao
23879,18411,treino
23880,18414,treino
23881,18423,treino
23882,18527,treino
23883,18507,treino
23884,18530,treino
23885,18510,treino
23886,18425,validacao
23887,18420,treino
23888,18532,treino
23889,18513,validacao
23890,18535,treino
23892,18516,treino
23893,18538,treino
23894,18519,treino
23895,18541,treino
23897,18523,validacao
23898,18437,treino
23899,18431,treino
23900,18543,treino
23901,18428,treino
23902,18527,treino
23903,18546,treino
23904,18452,teste
23905,18452,teste
23906,18452,teste
23907,18434,validacao
23908,18452,teste
23909,18452,teste
23910,18530,treino
23911,18452,teste
23912,18452,teste
23913,18452,teste
23914,18452,teste
23915,18452,teste
23916,18443,treino
23917,18549,validacao
23918,18452,teste
23919,18452,teste
23920,18452,teste
23921,18452,teste
23922,18452,teste
23923,18452,teste
23924,18452,teste
23925,18452,teste
23926,18452,teste
23927,18452,teste
23928,18452,teste
23929,18452,teste
23930,18532,treino
23931,18452,teste
23932,18452,teste
23933,18452,teste
23934,18452,teste
23935,18446,treino
23936,18452,teste
23937,18452,teste
23938,18452,teste
23939,18452,teste
23940,18552,validacao
23941,18452,teste
23942,18439,validacao
23943,18452,teste
23944,18452,teste
23945,18452,teste
23946,18452,teste
23947,18452,teste
23948,18452,teste
23949,18452,teste
23950,18535,treino
23951,18452,teste
23952,18452,teste
23953,18452,teste
23954,18452,teste
23955,18452,teste
23956,18452,teste
23957,18452,teste
23958,18452,teste
23959,18452,teste
23961,18555,treino
23962,18452,teste
23964,18452,teste
23965,18452,teste
23966,18538,treino
23968,18452,teste
23970,18452,teste
23971,18452,teste
23972,18452,teste
23974,18557,teste
23975,18452,teste
23976,18452,teste
23977,18449,teste
23978,18541,treino
23979,18452,teste
23980,18452,teste
23981,18452,teste
23982,18452,teste
23983,18452,teste
23984,18452,teste
23985,18452,teste
23986,18560,treino
23987,18457,validacao
23988,18562,validacao
23989,18562,validacao
23990,18543,treino
23991,18562,validacao
23992,18562,validacao
23993,18562,validacao
23994,18562,validacao
23995,18562,validacao
23996,18562,validacao
23997,18562,validacao
23998,18562,validacao
23999,18562,validacao
24000,18562,validacao
24001,18565,treino
24002,18562,validacao
24003,18562,validacao
24004,18562,validacao
24005,18562,validacao
24006,18562,validacao
24007,18546,treino
24008,18562,validacao
24009,18562,validacao
24010,18562,validacao
24011,18562,validacao
24012,18562,validacao
24013,18562,validacao
24014,18562,validacao
24015,18454,treino
24016,18562,validacao
24017,18562,validacao
24018,18568,treino
24019,18562,validacao
24020,18562,validacao
24021,18562,validacao
24022,18562,validacao
24023,18549,validacao
24024,18562,validacao
24025,18562,validacao
24026,18562,validacao
24027,18562,validacao
24028,18562,validacao
24029,18562,validacao
24030,18562,validacao
24031,18464,treino
24032,18562,validacao
24033,18562,validacao
24034,18562,validacao
24035,18562,validacao
24036,18570,treino
24037,18562,validacao
24038,18562,validacao
24039,18562,validacao
24040,18562,validacao
24041,18562,validacao
24042,18562,validacao
24043,18552,validacao
24044,18460,validacao
24045,18574,treino
24046,18475,treino
24047,18466,treino
24048,18555,treino
24049,18577,validacao
24050,18471,treino
24051,18557,teste
24052,18580,treino
24053,18560,treino
24054,18582,treino
24055,18480,treino
24056,18565,treino
24057,18585,treino
24058,18568,treino
24059,18483,treino
24060,18588,treino
24061,18570,treino
24062,18592,treino
24063,18574,treino
24064,18488,treino
24065,18595,validacao
24066,18486,treino
24067,18577,validacao
24068,18598,teste
24069,18580,treino
24070,18502,treino
24071,18491,treino
24072,18601,treino
24073,18582,treino
24074,18606,teste
24075,18495,treino
24076,18585,treino
24077,18499,treino
24078,18504,treino
24079,18611,treino
24080,18588,treino
24081,18614,treino
24082,18592,treino
24083,18618,treino
24084,18507,treino
24085,18595,validacao
24086,18510,treino
24087,18620,validacao
24088,18598,teste
24089,18623,treino
24090,18513,validacao
24091,18601,treino
24092,18516,treino
24093,18519,treino
24094,18626,treino
24095,18606,teste
24096,18523,validacao
24097,18630,validacao
24098,18527,treino
24099,18611,treino
24100,18530,treino
24101,18633,teste
24102,18614,treino
24103,18532,treino
24104,18635,validacao
24105,18618,treino
24106,18638,treino
24107,18620,validacao
24108,18538,treino
24109,18641,treino
24110,18623,treino
24111,18535,treino
24112,18541,treino
24113,18644,treino
24114,18626,treino
24115,18452,teste
24116,18647,treino
24117,18630,validacao
24118,18649,treino
24119,18633,teste
24120,18562,validacao
24121,18562,validacao
24122,18562,validacao
24123,18562,validacao
24124,18562,validacao
24125,18562,validacao
24126,18562,validacao
24127,18562,validacao
24128,18562,validacao
24129,18562,validacao
24130,18652,treino
24131,18562,validacao
24132,18562,validacao
24133,18562,validacao
24134,18562,validacao
24135,18546,treino
24136,18543,treino
24137,18562,validacao
24138,18635,validacao
24139,18562,validacao
24140,18562,validacao
24141,18562,validacao
24142,18562,validacao
24143,18562,validacao
24144,18562,validacao
24145,18562,validacao
24146,18562,validacao
24147,18562,validacao
24148,18562,validacao
24149,18655,teste
24150,18562,validacao
24151,18562,validacao
24152,18562,validacao
24153,18562,validacao
24154,18638,treino
24155,18562,validacao
24156,18562,validacao
24157,18562,validacao
24158,18562,validacao
24159,18562,validacao
24160,18562,validacao
24161,18562,validacao
24162,18562,validacao
24163,18562,validacao
24164,18562,validacao
24165,18555,treino
24166,18562,validacao
24167,18562,validacao
24168,18659,treino
24169,18562,validacao
24170,18562,validacao
24171,18562,validacao
24172,18562,validacao
24173,18562,validacao
24174,18562,validacao
24175,18562,validacao
24176,18562,validacao
24177,18641,treino
24178,18562,validacao
24179,18562,validacao
24180,18549,validacao
24181,18562,validacao
24184,18562,validacao
24185,18662,treino
24186,18644,treino
24187,18552,validacao
24188,18664,treino
24189,18557,teste
24190,18560,treino
24191,18647,treino
24192,18568,treino
24193,18667,treino
24194,18649,treino
24195,18671,treino
24196,18652,treino
24197,18574,treino
24198,18674,validacao
24199,18570,treino
24200,18565,treino
24201,18655,teste
24202,18677,treino
24203,18659,treino
24204,18679,teste
24205,18662,treino
24206,18580,treino
24207,18682,treino
24208,18664,treino
24209,18685,treino
24210,18577,validacao
24211,18667,treino
24212,18582,treino
24213,18688,validacao
24214,18671,treino
24215,18691,treino
24216,18674,validacao
24217,18585,treino
24218,18693,treino
24219,18677,treino
24220,18696,treino
24221,18679,teste
24222,18601,treino
24223,18588,treino
24224,18700,treino
24225,18595,validacao
24226,18682,treino
24227,18592,treino
24228,18704,treino
24229,18685,treino
24230,18598,teste
24231,18708,treino
24232,18688,validacao
24233,18611,treino
24234,18711,treino
24235,18691,treino
24236,18618,treino
24237,18606,teste
24238,18715,treino
24239,18693,treino
24240,18614,treino
24241,18720,treino
24242,18696,treino
24243,18724,treino
24244,18620,validacao
24245,18700,treino
24246,18727,treino
24247,18623,treino
24248,18704,treino
24249,18731,treino
24250,18626,treino
24251,18708,treino
24252,18735,treino
24253,18633,teste
24254,18711,treino
24255,18739,treino
24256,18715,treino
24257,18742,treino
24258,18630,validacao
24259,18720,treino
24260,18746,treino
24261,18641,treino
24262,18724,treino
24263,18635,validacao
24264,18750,validacao
24265,18727,treino
24266,18754,teste
24267,18638,treino
24268,18731,treino
24269,18647,treino
24270,18758,teste
24271,18649,treino
24272,18735,treino
24273,18644,treino
24274,18761,treino
24275,18652,treino
24276,18739,treino
24277,18765,teste
24278,18742,treino
24279,18769,treino
24280,18659,treino
24281,18746,treino
24282,18773,teste
24283,18655,teste
24284,18662,treino
24285,18750,validacao
24286,18562,validacao
24287,18776,treino
24288,18754,teste
24289,18781,validacao
24290,18758,teste
24291,18787,treino
24292,18761,treino
24293,18792,treino
24294,18674,validacao
24295,18765,teste
24296,18671,treino
24297,18795,teste
24298,18664,treino
24299,18667,treino
24300,18769,treino
24301,18677,treino
24302,18799,treino
24303,18773,teste
24304,18804,treino
24305,18776,treino
24306,18808,teste
24307,18781,validacao
24308,18812,treino
24309,18787,treino
24310,18816,treino
24311,18679,teste
24312,18819,teste
24313,18819,teste
24314,18819,teste
24315,18819,teste
24316,18819,teste
24317,18819,teste
24318,18792,treino
24319,18819,teste
24320,18819,teste
24321,18819,teste
24322,18682,treino
24323,18819,teste
24324,18819,teste
24325,18819,teste
24326,18819,teste
24327,18819,teste
24328,18819,teste
24329,18819,teste
24330,18819,teste
24331,18819,teste
24332,18819,teste
24333,18819,teste
24334,18819,teste
24335,18691,treino
24336,18822,treino
24337,18819,teste
24338,18819,teste
24339,18819,teste
24340,18819,teste
24341,18819,teste
24342,18795,teste
24345,18688,validacao
24346,18685,treino
24347,18819,teste
24350,18819,teste
24351,18819,teste
24352,18819,teste
24353,18819,teste
24354,18819,teste
24355,18819,teste
24356,18819,teste
24357,18819,teste
24358,18826,treino
24359,18819,teste
24360,18819,teste
24361,18819,teste
24362,18819,teste
24363,18819,teste
24364,18819,teste
24365,18799,treino
24366,18819,teste
24367,18819,teste
24368,18819,teste
24369,18819,teste
24370,18819,teste
24371,18819,teste
24372,18819,teste
24373,18819,teste
24374,18819,teste
24375,18819,teste
24376,18819,teste
24377,18819,teste
24378,18819,teste
24379,18830,treino
24380,18819,teste
24381,18693,treino
24382,18819,teste
24383,18819,teste
24384,18819,teste
24385,18804,treino
24386,18819,teste
24387,18819,teste
24388,18819,teste
24389,18819,teste
24390,18819,teste
24391,18819,teste
24392,18819,teste
24393,18819,teste
24394,18819,teste
24395,18819,teste
24396,18819,teste
24397,18819,teste
24398,18819,teste
24399,18834,teste
24400,18808,teste
24401,18839,treino
24402,18700,treino
24403,18812,treino
24404,18696,treino
24405,18704,treino
24406,18842,treino
24407,18816,treino
24408,18711,treino
24409,18708,treino
24410,18846,treino
24411,18822,treino
24412,18850,treino
24413,18826,treino
24414,18715,treino
24415,18855,treino
24416,18830,treino
24417,18720,treino
24418,18858,treino
24419,18834,teste
24420,18861,treino
24421,18839,treino
24422,18866,treino
24423,18842,treino
24424,18724,treino
24425,18872,teste
24426,18727,treino
24427,18735,treino
24428,18846,treino
24429,18876,treino
24430,18850,treino
24431,18742,treino
24432,18880,treino
24433,18739,treino
24434,18731,treino
24435,18855,treino
24436,18883,treino
24437,18858,treino
24438,18887,treino
24439,18861,treino
24440,18891,treino
24441,18866,treino
24442,18750,validacao
24443,18746,treino
24444,18872,teste
24445,18895,teste
24446,18754,teste
24447,18876,treino
24448,18900,treino
24449,18758,teste
24450,18904,treino
24451,18880,treino
24452,18765,teste
24453,18761,treino
24454,18908,validacao
24455,18883,treino
24456,18913,treino
24457,18887,treino
24458,18769,treino
24459,18918,treino
24460,18891,treino
24461,18773,teste
24462,18921,treino
24463,18776,treino
24464,18895,teste
24465,18925,validacao
24467,18781,validacao
24468,30557,treino
24470,18900,treino
24471,18929,treino
24472,18787,treino
24473,18904,treino
24474,18933,validacao
24475,18792,treino
24476,18908,validacao
24477,18804,treino
24478,18799,treino
24479,18819,teste
24480,18819,teste
24481,18819,teste
24482,18937,teste
24483,18819,teste
24484,18819,teste
24485,18819,teste
24486,18819,teste
24487,18819,teste
24488,18819,teste
24489,18819,teste
24490,18819,teste
24491,18819,teste
24492,18913,treino
24493,18795,teste
24494,18819,teste
24495,18819,teste
24496,18819,teste
24497,18819,teste
24498,18819,teste
24499,18819,teste
24500,18819,teste
24501,18819,teste
24502,18819,teste
24503,18819,teste
24504,18819,teste
24505,18941,teste
24506,18819,teste
24507,18819,teste
24508,18819,teste
24509,18819,teste
24510,18819,teste
24511,18819,teste
24512,18918,treino
24513,18819,teste
24514,18819,teste
24515,18819,teste
24516,18819,teste
24517,18819,teste
24518,18819,teste
24519,18819,teste
24520,18819,teste
24521,18819,teste
24522,18819,teste
24523,18819,teste
24524,18945,teste
24525,18819,teste
24526,18819,teste
24527,18819,teste
24528,18819,teste
24529,18819,teste
24530,18819,teste
24531,18819,teste
24533,18921,treino
24534,18819,teste
24536,18819,teste
24537,18819,teste
24539,29052,treino
24540,18819,teste
24541,18949,treino
24543,18819,teste
24544,18819,teste
24545,18819,teste
24546,18925,validacao
24548,18819,teste
24549,18819,teste
24550,18819,teste
24551,18819,teste
24552,18819,teste
24553,18812,treino
24554,18808,teste
24555,18819,teste
24556,18953,treino
24557,18819,teste
24558,18819,teste
24559,18929,treino
24560,18819,teste
24561,18955,treino
24562,18955,treino
24563,18955,treino
24564,18955,treino
24565,18955,treino
24566,18955,treino
24567,18955,treino
24568,18955,treino
24569,18955,treino
24570,18959,treino
24571,18955,treino
24572,18955,treino
24573,18955,treino
24574,18955,treino
24575,18933,validacao
24576,18955,treino
24577,18955,treino
24578,18955,treino
24579,18955,treino
24580,18955,treino
24581,18955,treino
24582,18822,treino
24583,18826,treino
24584,18816,treino
24585,18955,treino
24586,18955,treino
24587,18955,treino
24588,18955,treino
24589,18955,treino
24590,18955,treino
24591,18955,treino
24592,18963,treino
24593,18955,treino
24594,18955,treino
24595,18955,treino
24596,18955,treino
24597,18937,teste
24598,18955,treino
24599,18955,treino
24600,18955,treino
24601,18955,treino
24602,18955,treino
24603,18955,treino
24604,18955,treino
24605,18955,treino
24606,18955,treino
24607,18966,treino
24608,18955,treino
24609,18955,treino
24610,18955,treino
24611,18955,treino
24612,18955,treino
24613,18955,treino
24614,18955,treino
24615,18941,teste
24616,18830,treino
24617,18955,treino
24618,18971,treino
24619,18945,teste
24620,18975,validacao
24621,18949,treino
24622,18846,treino
24623,18979,teste
24624,18834,teste
24625,18953,treino
24626,3,treino
24627,18842,treino
24628,18839,treino
24629,4,validacao
24630,18982,teste
24631,18959,treino
24632,18986,treino
24633,31103,treino
24634,18963,treino
24635,31107,treino
24636,29057,treino
24637,18990,treino
24638,18855,treino
24639,18966,treino
24640,18858,treino
24641,30557,treino
24642,16,validacao
24643,18994,treino
24644,18971,treino
24646,18850,treino
24647,18998,treino
24648,18975,validacao
24649,18861,treino
24650,19001,treino
24651,18979,teste
24652,19007,treino
24653,18866,treino
24654,18982,teste
24655,19011,treino
24656,18986,treino
24657,18872,teste
24658,18876,treino
24659,19014,treino
24660,18990,treino
24661,19017,treino
24662,18994,treino
24663,19022,treino
24664,18998,treino
24665,18891,treino
24666,18880,treino
24667,18883,treino
24668,19026,treino
24669,19001,treino
24670,18887,treino
24671,19030,treino
24672,18895,teste
24673,19007,treino
24674,19033,treino
24675,19011,treino
24676,19037,validacao
24677,18908,validacao
24678,19014,treino
24679,29056,treino
24680,19042,treino
24681,19017,treino
24682,18913,treino
24683,18900,treino
24684,19046,teste
24685,19022,treino
24686,19050,treino
24687,19026,treino
24688,18904,treino
24689,19053,treino
24690,19057,treino
24691,18925,validacao
24692,19033,treino
24693,29052,treino
24694,18929,treino
24695,18819,teste
24696,19061,validacao
24697,18918,treino
24698,18024,teste
24699,18024,teste
24700,19065,teste
24701,18921,treino
24702,18933,validacao
24703,19042,treino
24704,19069,treino
24705,18955,treino
24706,18955,treino
24707,18955,treino
24708,18955,treino
24709,18955,treino
24710,18955,treino
24711,18955,treino
24712,19046,teste
24713,18955,treino
24714,18941,teste
24715,18955,treino
24716,18955,treino
24717,18955,treino
24718,18955,treino
24719,18955,treino
24720,18955,treino
24721,18955,treino
24722,18955,treino
24723,18955,treino
24724,19072,teste
24725,18955,treino
24726,18955,treino
24727,18955,treino
24728,18955,treino
24729,18955,treino
24730,18945,teste
24731,18937,teste
24732,18955,treino
24733,18955,treino
24734,19050,treino
24735,18955,treino
24736,18955,treino
24737,18955,treino
24738,18955,treino
24739,18955,treino
24740,18955,treino
24741,18955,treino
24742,18955,treino
24743,18955,treino
24744,18955,treino
24745,18955,treino
24746,19076,teste
24747,18955,treino
24748,17,treino
24749,18955,treino
24750,18955,treino
24751,18955,treino
24752,19053,treino
24753,18955,treino
24754,18955,treino
24755,18955,treino
24756,18955,treino
24757,18955,treino
24758,18955,treino
24759,18955,treino
24760,18955,treino
24761,18955,treino
24762,18949,treino
24763,18955,treino
24764,18955,treino
24765,18955,treino
24766,18955,treino
24769,18955,treino
24770,19080,treino
24771,19057,treino
24772,19085,treino
24773,19061,validacao
24774,18959,treino
24775,19088,treino
24776,19065,teste
24777,18953,treino
24778,19092,teste
24779,18966,treino
24780,19069,treino
24781,18963,treino
24782,19096,treino
24783,19072,teste
24784,19076,teste
24785,18971,treino
24786,19100,validacao
24787,19080,treino
24788,19104,teste
24789,18979,teste
24790,18982,teste
24791,19085,treino
24792,19108,teste
24793,29057,treino
24794,19088,treino
24795,19113,treino
24796,18975,validacao
24797,18986,treino
24798,19092,teste
24799,19116,treino
24800,19096,treino
24801,19119,treino
24802,19124,treino
24803,19100,validacao
24804,19001,treino
24805,18990,treino
24806,18994,treino
24807,19128,teste
24808,19104,teste
24809,19131,teste
24810,19108,teste
24811,19135,treino
24812,19011,treino
24813,18998,treino
24814,19014,treino
24815,19113,treino
24816,19139,treino
24817,19116,treino
24818,19143,teste
24819,19119,treino
24820,19007,treino
24821,19017,treino
24822,19147,treino
24823,19124,treino
24824,19026,treino
24825,19151,treino
24826,19128,teste
24827,19022,treino
24828,19155,treino
24829,19131,teste
24830,19158,treino
24831,19030,treino
24832,19135,treino
24833,19162,treino
24834,19139,treino
24835,19033,treino
24836,19166,treino
24837,19143,teste
24838,19037,validacao
24839,19042,treino
24840,19171,treino
24841,19147,treino
24842,19050,treino
24843,17,treino
24844,19174,teste
24845,19151,treino
24846,19046,teste
24847,19053,treino
24848,19177,treino
24849,19155,treino
24850,19182,treino
24851,19158,treino
24852,19061,validacao
24853,19186,validacao
24854,19162,treino
24855,19188,teste
24856,19188,teste
24857,19188,teste
24858,19188,teste
24859,19188,teste
24860,19193,validacao
24861,19166,treino
24862,19057,treino
24863,19196,validacao
24864,19196,validacao
24865,19196,validacao
24866,19196,validacao
24867,19201,teste
24868,19171,treino
24869,19203,teste
24870,19203,teste
24871,19203,teste
24872,19203,teste
24873,19203,teste
24874,19072,teste
24875,19206,teste
24876,19174,teste
24877,19076,teste
24878,19069,treino
24879,19210,treino
24880,19210,treino
24881,19210,treino
24882,19210,treino
24883,19210,treino
24884,19065,teste
24885,19212,validacao
24886,19177,treino
24887,19215,treino
24888,19215,treino
24889,19215,treino
24890,19215,treino
24891,19217,treino
24892,19182,treino
24893,29056,treino
24894,19080,treino
24895,19221,treino
24896,19221,treino
24897,19221,treino
24898,19221,treino
24899,19221,treino
24900,19223,teste
24901,19186,validacao
24902,19225,treino
24903,19225,treino
24904,19225,treino
24905,18955,treino
24906,19225,treino
24907,19225,treino
24908,19228,treino
24909,19193,validacao
24910,19088,treino
24911,19230,treino
24912,19230,treino
24913,19230,treino
24914,19230,treino
24915,19230,treino
24916,19232,treino
24917,19201,teste
24918,19237,teste
24919,19237,teste
24920,19096,treino
24921,19085,treino
24922,19237,teste
24923,19237,teste
24924,19237,teste
24925,19239,teste
24926,19206,teste
24927,19092,teste
24928,19244,treino
24929,19244,treino
24930,19244,treino
24931,19242,teste
24932,19244,treino
24933,19244,treino
24934,19212,validacao
24935,19247,treino
24936,19104,teste
24937,19249,treino
24938,19249,treino
24939,19249,treino
24940,19217,treino
24941,19249,treino
24942,19249,treino
24943,19251,treino
24944,19108,teste
24945,19254,treino
24946,19254,treino
24947,19254,treino
24948,19254,treino
24949,19254,treino
24950,19223,teste
24951,19100,validacao
24952,19257,teste
24953,19260,treino
24954,19260,treino
24955,19260,treino
24956,19228,treino
24957,19262,treino
24958,19264,validacao
24959,19264,validacao
24960,19264,validacao
24961,19264,validacao
24962,19266,teste
24963,19264,validacao
24964,19266,teste
24965,19232,treino
24966,19266,teste
24967,19266,teste
24968,19264,validacao
24969,19266,teste
24970,19264,validacao
24971,19264,validacao
24972,19264,validacao
24973,19264,validacao
24974,19264,validacao
24975,19264,validacao
24976,19264,validacao
24977,19264,validacao
24978,19269,treino
24979,19264,validacao
24980,19264,validacao
24981,19119,treino
24982,19264,validacao
24983,19264,validacao
24984,19264,validacao
24985,19264,validacao
24986,19264,validacao
24987,19264,validacao
24988,19264,validacao
24989,19239,teste
24990,19113,treino
24991,19264,validacao
24992,19264,validacao
24993,19271,treino
24994,19264,validacao
24995,19271,treino
24996,19271,treino
24997,19271,treino
24998,19271,treino
25001,19264,validacao
25002,19274,teste
25003,19116,treino
25006,19264,validacao
25007,19264,validacao
25008,19264,validacao
25009,19264,validacao
25010,19264,validacao
25011,19264,validacao
25012,19264,validacao
25013,19264,validacao
25014,19264,validacao
25015,19242,teste
25016,19264,validacao
25017,19264,validacao
25018,19264,validacao
25019,19276,treino
25020,19276,treino
25021,19264,validacao
25022,19276,treino
25023,19276,treino
25024,19276,treino
25025,19264,validacao
25026,19278,validacao
25027,19264,validacao
25028,19264,validacao
25029,19264,validacao
25030,19264,validacao
25031,19264,validacao
25032,19264,validacao
25033,19264,validacao
25034,19264,validacao
25035,19247,treino
25036,19264,validacao
25037,19264,validacao
25038,19264,validacao
25039,19131,teste
25040,19264,validacao
25041,19264,validacao
25042,19264,validacao
25043,19282,treino
25044,19282,treino
25045,19264,validacao
25046,19282,treino
25047,19282,treino
25048,19282,treino
25049,19264,validacao
25050,19284,treino
25051,19264,validacao
25052,19264,validacao
25053,19264,validacao
25054,19264,validacao
25055,19264,validacao
25056,19264,validacao
25057,19264,validacao
25058,19251,treino
25059,19264,validacao
25060,19128,teste
25061,19264,validacao
25062,19264,validacao
25063,19264,validacao
25064,19264,validacao
25065,19264,validacao
25066,19264,validacao
25067,19288,teste
25068,19288,teste
25069,19288,teste
25070,19288,teste
25071,19290,teste
25072,19288,teste
25073,19257,teste
25074,19124,treino
25075,19135,treino
25076,19260,treino
25077,19293,treino
25078,19295,validacao
25079,19295,validacao
25080,19295,validacao
25081,19295,validacao
25082,19262,treino
25083,19298,treino
25084,19300,treino
25085,19300,treino
25086,19300,treino
25087,19300,treino
25088,19300,treino
25089,19269,treino
25090,19302,teste
25091,19305,treino
25092,19305,treino
25093,19305,treino
25094,19274,teste
25095,19305,treino
25096,19305,treino
25097,19139,treino
25098,19147,treino
25099,19307,treino
25100,19143,teste
25101,19278,validacao
25102,19309,teste
25103,19309,teste
25104,19309,teste
25105,19309,teste
25106,19312,validacao
25107,19284,treino
25108,19314,treino
25109,19314,treino
25110,19314,treino
25111,19314,treino
25112,19314,treino
25113,19151,treino
25114,19317,treino
25115,19290,teste
25116,19319,validacao
25117,19319,validacao
25118,19319,validacao
25119,19319,validacao
25120,19319,validacao
25121,19322,treino
25122,19293,treino
25123,19324,teste
25124,19324,teste
25125,19324,teste
25126,19324,teste
25127,19324,teste
25128,19158,treino
25129,19326,treino
25130,19298,treino
25131,19155,treino
25132,19162,treino
25133,19330,treino
25134,19330,treino
25135,19330,treino
25136,19330,treino
25137,19330,treino
25138,19332,treino
25139,19302,teste
25140,19335,treino
25141,19335,treino
25142,19335,treino
25143,19335,treino
25144,19337,teste
25145,19307,treino
25146,19340,treino
25147,19340,treino
25148,19340,treino
25149,19340,treino
25150,19166,treino
25151,19171,treino
25152,19340,treino
25153,19342,treino
25154,19312,validacao
25155,19344,teste
25156,19344,teste
25157,19344,teste
25158,19344,teste
25159,19344,teste
25160,19347,treino
25161,19174,teste
25162,19215,treino
25163,19215,treino
25164,19196,validacao
25165,19196,validacao
25166,19317,treino
25167,19349,treino
25168,19349,treino
25169,19349,treino
25170,19351,validacao
25171,19349,treino
25172,19349,treino
25173,19322,treino
25174,19177,treino
25175,19356,validacao
25176,19354,treino
25177,19356,validacao
25178,19356,validacao
25179,19356,validacao
25180,19356,validacao
25181,19193,validacao
25182,19182,treino
25183,19326,treino
25184,19359,teste
25185,19230,treino
25186,19361,treino
25187,19361,treino
25188,19361,treino
25189,19361,treino
25190,19332,treino
25191,19186,validacao
25192,19365,treino
25193,19367,validacao
25194,19367,validacao
25195,19367,validacao
25196,19367,validacao
25197,19367,validacao
25198,19337,teste
25199,19188,teste
25200,19369,teste
25201,19210,treino
25202,19201,teste
25203,19372,treino
25204,19372,treino
25205,19372,treino
25206,19342,treino
25207,19372,treino
25208,19372,treino
25209,19206,teste
25210,19375,treino
25211,19237,teste
25212,19347,treino
25213,19378,treino
25214,19378,treino
25215,19378,treino
25216,19378,treino
25217,19212,validacao
25218,19378,treino
25219,19203,teste
25220,19254,treino
25221,19380,teste
25222,19351,validacao
25223,19383,teste
25224,19383,teste
25225,19383,teste
25226,19383,teste
25227,19383,teste
25228,19385,treino
25229,19217,treino
25230,19354,treino
25231,19387,treino
25232,19387,treino
25233,19387,treino
25234,19387,treino
25235,19387,treino
25236,19221,treino
25237,19390,teste
25238,19359,teste
25239,19228,treino
25240,19392,teste
25241,19392,teste
25242,19392,teste
25243,19392,teste
25244,19392,teste
25245,19394,teste
25246,19365,treino
25247,19225,treino
25248,19232,treino
25249,19223,teste
25250,19397,treino
25251,19397,treino
25252,19397,treino
25253,19397,treino
25254,19397,treino
25255,19399,treino
25256,19369,teste
25258,19403,treino
25259,19403,treino
25260,19403,treino
25261,19249,treino
25262,19405,teste
25263,19375,treino
25264,19239,teste
25265,17,treino
25266,19242,teste
25267,19251,treino
25268,19264,validacao
25269,19264,validacao
25270,19410,validacao
25271,19408,treino
25272,19264,validacao
25273,19410,validacao
25274,19410,validacao
25275,19410,validacao
25276,19264,validacao
25277,19410,validacao
25278,19264,validacao
25279,19264,validacao
25280,19264,validacao
25281,19244,treino
25282,19264,validacao
25283,19264,validacao
25284,19264,validacao
25285,19380,teste
25286,19264,validacao
25287,19264,validacao
25288,19264,validacao
25289,19264,validacao
25290,19264,validacao
25291,19264,validacao
25292,19264,validacao
25293,19264,validacao
25294,19264,validacao
25295,19264,validacao
25296,19413,treino
25297,19264,validacao
25298,19264,validacao
25299,19415,treino
25300,19264,validacao
25301,19264,validacao
25302,19415,treino
25303,19415,treino
25304,19264,validacao
25305,19415,treino
25306,19415,treino
25307,19264,validacao
25308,19264,validacao
25309,19385,treino
25310,19264,validacao
25311,19264,validacao
25312,19264,validacao
25313,19257,teste
25314,19295,validacao
25315,19295,validacao
25316,19264,validacao
25317,19264,validacao
25318,19264,validacao
25319,19264,validacao
25320,19264,validacao
25321,19264,validacao
25322,19421,treino
25323,19264,validacao
25324,19264,validacao
25325,19264,validacao
25326,19264,validacao
25327,19424,teste
25328,19264,validacao
25329,19424,teste
25330,19264,validacao
25331,19424,teste
25332,19424,teste
25333,19264,validacao
25334,19424,teste
25335,19264,validacao
25336,19264,validacao
25337,19264,validacao
25338,19390,teste
25339,19264,validacao
25341,19264,validacao
25343,19247,treino
25344,19264,validacao
25345,19426,teste
25346,19264,validacao
25348,19264,validacao
25350,19429,treino
25351,19429,treino
25352,19394,teste
25353,19429,treino
25354,19264,validacao
25355,19429,treino
25356,19429,treino
25357,19264,validacao
25358,19264,validacao
25360,19264,validacao
25361,19262,treino
25362,19264,validacao
25363,19264,validacao
25364,19436,treino
25365,19264,validacao
25366,19260,treino
25367,19264,validacao
25368,19264,validacao
25369,19264,validacao
25370,19438,validacao
25371,19399,treino
25372,19438,validacao
25373,19438,validacao
25374,19438,validacao
25375,19438,validacao
25376,19264,validacao
25377,19264,validacao
25378,19442,treino
25379,19442,treino
25380,19444,treino
25381,19442,treino
25382,19442,treino
25383,19442,treino
25384,19442,treino
25385,19442,treino
25386,19442,treino
25387,19403,treino
25388,19405,teste
25389,19442,treino
25390,19442,treino
25391,19446,teste
25392,19446,teste
25393,19442,treino
25394,19442,treino
25395,19446,teste
25396,19446,teste
25397,19446,teste
25398,19442,treino
25399,19442,treino
25400,19442,treino
25401,19442,treino
25402,19269,treino
25403,19266,teste
25404,19278,validacao
25405,19448,treino
25406,19442,treino
25407,19442,treino
25408,19442,treino
25409,19442,treino
25410,19442,treino
25411,19271,treino
25412,19282,treino
25413,19276,treino
25414,19442,treino
25415,19442,treino
25416,19408,treino
25417,19442,treino
25418,19442,treino
25419,19442,treino
25420,19442,treino
25421,19453,treino
25422,19451,treino
25423,19453,treino
25424,19453,treino
25425,19442,treino
25426,19442,treino
25427,19453,treino
25428,19453,treino
25429,19442,treino
25430,19442,treino
25431,19442,treino
25432,19442,treino
25433,19274,teste
25434,19442,treino
25435,19442,treino
25436,19413,treino
25437,19442,treino
25438,19442,treino
25439,19442,treino
25440,19442,treino
25441,19442,treino
25442,19442,treino
25443,19442,treino
25444,19458,treino
25445,19456,teste
25446,19458,treino
25447,19458,treino
25448,19442,treino
25449,19458,treino
25450,19458,treino
25451,19442,treino
25452,19442,treino
25453,19442,treino
25454,19442,treino
25455,19421,treino
25456,19464,teste
25457,19462,teste
25458,19464,teste
25459,19464,teste
25460,19464,teste
25461,19464,teste
25462,19300,treino
25463,19290,teste
25464,19284,treino
25465,19426,teste
25466,19298,treino
25467,19467,treino
25468,19469,validacao
25469,19469,validacao
25470,19469,validacao
25471,19469,validacao
25472,19469,validacao
25473,19302,teste
25474,19436,treino
25475,19293,treino
25476,19288,teste
25477,19335,treino
25478,19335,treino
25479,19472,teste
25480,19475,treino
25481,19475,treino
25482,19475,treino
25483,19475,treino
25484,19475,treino
25485,19444,treino
25486,19477,teste
25487,19479,treino
25488,19448,treino
25489,19479,treino
25490,19479,treino
25491,19479,treino
25492,19479,treino
25493,19305,treino
25494,19483,treino
25495,19451,treino
25496,19312,validacao
25497,19485,teste
25498,19485,teste
25499,19485,teste
25500,19485,teste
25501,19485,teste
25502,19489,teste
25503,19456,teste
25504,19307,treino
25505,19491,treino
25506,19491,treino
25507,19491,treino
25508,19491,treino
25509,19491,treino
25510,19319,validacao
25511,19495,teste
25512,19324,teste
25513,19317,treino
25514,19462,teste
25515,19500,treino
25516,19500,treino
25517,19500,treino
25518,19500,treino
25519,19500,treino
25520,19502,validacao
25521,19326,treino
25522,19314,treino
25523,19467,treino
25524,19356,validacao
25525,19505,treino
25526,19505,treino
25527,19505,treino
25528,19507,teste
25529,19330,treino
25530,19472,teste
25531,19322,treino
25532,19511,treino
25533,19511,treino
25534,19511,treino
25535,19511,treino
25536,19511,treino
25537,19513,treino
25538,19477,teste
25539,19340,treino
25540,19361,treino
25541,19361,treino
25542,19337,teste
25543,19519,treino
25544,19519,treino
25545,19519,treino
25546,19519,treino
25547,19517,validacao
25548,19519,treino
25549,19483,treino
25550,19521,teste
25551,19524,validacao
25552,19332,treino
25553,19524,validacao
25554,19524,validacao
25555,19524,validacao
25556,19524,validacao
25557,19489,teste
25558,19351,validacao
25559,19347,treino
25560,19527,treino
25561,19529,treino
25562,19529,treino
25563,19529,treino
25564,19529,treino
25565,19529,treino
25566,19495,teste
25567,19349,treino
25568,19342,treino
25569,19532,treino
25570,19344,teste
25571,19534,validacao
25572,19534,validacao
25573,19534,validacao
25574,19534,validacao
25575,19502,validacao
25576,19354,treino
25577,19537,treino
25578,19505,treino
25579,19539,validacao
25580,19507,teste
25581,19539,validacao
25582,19539,validacao
25583,19539,validacao
25584,19539,validacao
25585,19365,treino
25586,19542,treino
25587,19513,treino
25588,19544,treino
25589,19544,treino
25590,19544,treino
25591,19544,treino
25592,19544,treino
25593,19372,treino
25594,19546,validacao
25595,19517,validacao
25596,19549,validacao
25597,19549,validacao
25598,19549,validacao
25599,19359,teste
25600,19549,validacao
25601,19549,validacao
25602,19375,treino
25603,19367,validacao
25604,31273,treino
25605,19551,treino
25606,19521,teste
25607,19380,teste
25608,19369,teste
25609,19555,teste
25610,19555,teste
25611,19555,teste
25612,19555,teste
25613,19555,teste
25614,19557,teste
25615,19527,treino
25616,30750,treino
25617,30632,treino
25618,19385,treino
25619,19560,treino
25620,19560,treino
25621,19560,treino
25622,19560,treino
25623,19560,treino
25624,19562,treino
25625,19532,treino
25626,30749,validacao
25627,19378,treino
25628,19564,treino
25629,19564,treino
25630,19564,treino
25631,19564,treino
25632,19564,treino
25633,31208,treino
25634,19390,teste
25635,19569,treino
25636,19537,treino
25637,19383,teste
25638,19387,treino
25639,30839,treino
25640,19392,teste
25641,19571,treino
25642,19571,treino
25643,19571,treino
25644,19571,treino
25645,19571,treino
25646,19573,treino
25647,31209,treino
25648,19542,treino
25649,19578,treino
25650,19576,treino
25651,19578,treino
25652,19578,treino
25653,19578,treino
25654,19578,treino
25655,19546,validacao
25656,19581,treino
25657,19583,treino
25658,19583,treino
25659,19583,treino
25660,19583,treino
25661,19583,treino
25662,19551,treino
25663,19394,teste
25664,19399,treino
25665,19405,teste
25666,19586,treino
25667,19264,validacao
25668,19588,treino
25669,19588,treino
25670,19588,treino
25671,19588,treino
25672,19588,treino
25673,19557,teste
25674,19408,treino
25675,19397,treino
25677,19442,treino
25678,19442,treino
25679,19442,treino
25680,19442,treino
25681,19442,treino
25682,19442,treino
25683,19442,treino
25684,19415,treino
25685,19442,treino
25686,19591,validacao
25687,19442,treino
25688,19442,treino
25689,19442,treino
25690,19593,teste
25691,19593,teste
25692,19593,teste
25693,19442,treino
25694,19593,teste
25695,19442,treino
25696,19593,teste
25697,19562,treino
25698,19442,treino
25699,19442,treino
25700,19442,treino
25701,19442,treino
25702,19442,treino
25703,19442,treino
25704,19442,treino
25705,19403,treino
25706,19442,treino
25707,19442,treino
25708,19442,treino
25709,19595,teste
25710,19442,treino
25711,19442,treino
25712,19410,validacao
25713,19453,treino
25714,19442,treino
25715,19569,treino
25716,19598,treino
25717,19442,treino
25718,19598,treino
25719,19598,treino
25720,19442,treino
25721,19598,treino
25722,19598,treino
25723,19442,treino
25724,19442,treino
25725,19442,treino
25726,19413,treino
25727,19442,treino
25728,19442,treino
25729,19442,treino
25730,19442,treino
25731,19442,treino
25732,19426,teste
25733,19421,treino
25734,19442,treino
25735,19442,treino
25736,19600,teste
25737,19442,treino
25738,19442,treino
25739,19573,treino
25740,19442,treino
25741,19442,treino
25742,19442,treino
25743,19442,treino
25744,19442,treino
25745,19442,treino
25746,19603,treino
25747,19442,treino
25748,19603,treino
25749,19442,treino
25750,19603,treino
25751,19603,treino
25752,19442,treino
25753,19603,treino
25754,19442,treino
25755,19442,treino
25756,19442,treino
25759,19442,treino
25760,19436,treino
25761,19424,teste
25762,19438,validacao
25763,19605,treino
25764,19576,treino
25765,19607,teste
25766,19607,teste
25767,19607,teste
25768,19607,teste
25769,19607,teste
25770,19429,treino
25771,19610,treino
25772,19581,treino
25773,19446,teste
25774,19612,treino
25775,19612,treino
25776,19612,treino
25777,19612,treino
25778,19612,treino
25779,19615,treino
25780,19586,treino
25781,19448,treino
25782,19617,treino
25783,19617,treino
25784,19617,treino
25785,19617,treino
25786,19617,treino
25787,19619,treino
25788,19591,validacao
25789,19456,teste
25790,19444,treino
25791,19451,treino
25792,19622,treino
25793,19622,treino
25794,19622,treino
25795,19622,treino
25796,19622,treino
25797,19624,treino
25798,19595,teste
25799,19627,validacao
25800,19627,validacao
25801,19627,validacao
25802,19627,validacao
25803,19627,validacao
25804,19464,teste
25805,19629,treino
25806,19600,teste
25807,19632,treino
25808,19632,treino
25809,19632,treino
25810,19632,treino
25811,19632,treino
25812,19634,treino
25813,19462,teste
25814,19605,treino
25815,19475,treino
25816,19469,validacao
25817,19640,validacao
25818,19640,validacao
25819,19640,validacao
25820,19458,treino
25821,19640,validacao
25822,19643,validacao
25823,19640,validacao
25824,19610,treino
25825,19467,treino
25826,19479,treino
25827,19645,treino
25828,19648,teste
25829,19648,teste
25830,19648,teste
25831,19648,teste
25832,19648,teste
25833,19615,treino
25834,19472,teste
25835,19651,teste
25836,19477,teste
25837,19653,treino
25838,19653,treino
25839,19653,treino
25840,19653,treino
25841,19653,treino
25842,19619,treino
25843,19495,teste
25844,19656,treino
25845,19658,treino
25846,19658,treino
25847,19658,treino
25848,19658,treino
25849,19624,treino
25850,19658,treino
25851,19661,treino
25852,19489,teste
25853,19663,validacao
25854,19629,treino
25855,19663,validacao
25856,19663,validacao
25857,19663,validacao
25858,19663,validacao
25859,19665,teste
25860,19485,teste
25861,19483,treino
25862,19534,validacao
25863,19534,validacao
25864,19634,treino
25865,19491,treino
25866,19505,treino
25867,19668,validacao
25868,19670,treino
25869,19670,treino
25870,19670,treino
25871,19670,treino
25872,19670,treino
25873,19513,treino
25874,19502,validacao
25875,19511,treino
25876,19643,validacao
25877,19673,treino
25878,19676,treino
25879,19676,treino
25880,19676,treino
25881,19676,treino
25882,19676,treino
25883,19500,treino
25884,19507,teste
25885,19645,treino
25886,19678,treino
25887,19524,validacao
25888,19682,teste
25889,19682,teste
25890,19682,teste
25891,19682,teste
25892,19682,teste
25893,19521,teste
25894,19519,treino
25895,19651,teste
25896,19684,treino
25897,19687,validacao
25898,19687,validacao
25899,19517,validacao
25900,19687,validacao
25901,19687,validacao
25902,19687,validacao
25903,19656,treino
25904,19689,treino
25905,19527,treino
25906,19692,teste
25907,19661,treino
25908,19692,teste
25909,19692,teste
25910,19692,teste
25911,19692,teste
25912,19694,treino
25913,19665,teste
25914,19697,treino
25915,19697,treino
25916,19697,treino
25917,19699,treino
25918,19697,treino
25919,19697,treino
25920,19560,treino
25921,19537,treino
25922,19668,validacao
25923,19542,treino
25924,19529,treino
25925,19539,validacao
25926,19703,treino
25927,19701,treino
25928,19703,treino
25929,19703,treino
25930,19703,treino
25931,19703,treino
25932,19532,treino
25933,19673,treino
25934,19544,treino
25935,19706,treino
25936,19708,treino
25937,19708,treino
25938,19708,treino
25939,19708,treino
25940,19708,treino
25941,19678,treino
25942,19715,validacao
25943,19684,treino
25944,19720,treino
25945,19720,treino
25946,19720,treino
25947,19557,teste
25948,19546,validacao
25949,19720,treino
25950,19720,treino
25951,19724,treino
25952,19689,treino
25953,19562,treino
25954,19555,teste
25955,19727,treino
25956,19727,treino
25957,19727,treino
25958,19727,treino
25959,19727,treino
25960,19729,treino
25961,19549,validacao
25962,19694,treino
25963,19732,validacao
25964,19732,validacao
25965,19732,validacao
25966,19732,validacao
25967,19732,validacao
25968,19734,teste
25969,19699,treino
25970,19551,treino
25971,19738,treino
25972,19740,validacao
25973,19740,validacao
25974,19740,validacao
25975,19740,validacao
25976,19740,validacao
25977,19701,treino
25978,19564,treino
25979,19743,teste
25980,19745,treino
25981,19745,treino
25982,19745,treino
25983,19745,treino
25984,19745,treino
25985,19578,treino
25986,19706,treino
25987,19749,treino
25988,19573,treino
25989,19751,teste
25990,19715,validacao
25991,19751,teste
25992,19751,teste
25993,19751,teste
25994,19751,teste
25995,19586,treino
25996,19571,treino
25997,19569,treino
25998,19753,treino
25999,19581,treino
26000,19724,treino
26001,19756,treino
26002,19588,treino
26003,19756,treino
26004,19756,treino
26005,19756,treino
26006,19756,treino
26007,19758,validacao
26008,19583,treino
26009,19576,treino
26010,19591,validacao
26011,19729,treino
26012,19761,treino
26013,19761,treino
26014,19761,treino
26015,19761,treino
26016,19761,treino
26017,19763,validacao
26018,19734,teste
26019,19765,treino
26020,19765,treino
26021,19765,treino
26022,19765,treino
26023,19765,treino
26024,19768,treino
26025,19738,treino
26026,19593,teste
26027,19603,treino
26028,19770,treino
26029,19770,treino
26030,19770,treino
26031,19770,treino
26032,19770,treino
26033,19773,teste
26034,19607,teste
26035,19442,treino
26036,19743,teste
26037,19605,treino
26038,19775,treino
26039,19775,treino
26040,19775,treino
26041,19775,treino
26042,19775,treino
26043,19777,teste
26044,19749,treino
26045,19598,treino
26046,19780,treino
26047,19780,treino
26048,19595,teste
26049,19780,treino
26050,19780,treino
26051,19780,treino
26052,19782,treino
26053,19753,treino
26054,19600,teste
26055,19788,treino
26056,19786,treino
26057,19788,treino
26058,19788,treino
26059,19788,treino
26060,19788,treino
26061,19758,validacao
26062,19617,treino
26063,19791,treino
26064,19615,treino
26065,19793,treino
26066,19793,treino
26067,19793,treino
26068,19793,treino
26069,19793,treino
26070,19763,validacao
26071,19610,treino
26072,19612,treino
26073,19622,treino
26074,19624,treino
26075,19799,treino
26076,19801,teste
26077,19801,teste
26078,19801,teste
26079,19801,teste
26080,19801,teste
26081,19627,validacao
26082,19768,treino
26083,19803,treino
26084,19619,treino
26085,19806,teste
26086,19773,teste
26087,19806,teste
26088,19806,teste
26089,19806,teste
26090,19806,teste
26091,19640,validacao
26092,19634,treino
26093,19808,validacao
26094,19643,validacao
26095,19777,teste
26096,19811,teste
26097,19811,teste
26098,19811,teste
26099,19811,teste
26100,19811,teste
26101,19813,treino
26102,19629,treino
26103,19782,treino
26104,19816,treino
26105,19816,treino
26106,19632,treino
26107,19816,treino
26108,19816,treino
26109,19816,treino
26110,19818,treino
26111,19786,treino
26112,19820,treino
26113,19822,treino
26114,19820,treino
26115,19820,treino
26116,19822,treino
26117,19820,treino
26118,19822,treino
26119,19820,treino
26120,19822,treino
26121,19822,treino
26122,19820,treino
26123,19824,validacao
26124,19820,treino
26125,19648,teste
26126,19656,treino
26127,19820,treino
26128,19820,treino
26129,19820,treino
26130,19820,treino
26131,19820,treino
26132,19820,treino
26133,19820,treino
26134,19820,treino
26135,19791,treino
26136,19820,treino
26137,19820,treino
26138,19820,treino
26139,19651,teste
26140,19820,treino
26141,19820,treino
26142,19820,treino
26143,19820,treino
26144,19820,treino
26145,19820,treino
26146,19820,treino
26147,19820,treino
26148,19661,treino
26149,19829,teste
26150,19829,teste
26152,19829,teste
26153,19827,treino
26155,19829,teste
26156,19829,teste
26157,19820,treino
26160,19820,treino
26161,19820,treino
26162,19799,treino
26163,19653,treino
26164,19820,treino
26165,19820,treino
26166,19820,treino
26167,19820,treino
26168,19820,treino
26169,19820,treino
26170,19820,treino
26171,19820,treino
26172,19820,treino
26173,19645,treino
26174,19658,treino
26175,19820,treino
26176,19832,teste
26177,19820,treino
26178,19820,treino
26179,19820,treino
26180,19834,treino
26181,19820,treino
26182,19834,treino
26183,19834,treino
26184,19820,treino
26185,19834,treino
26186,19834,treino
26187,19820,treino
26188,19820,treino
26189,19820,treino
26190,19803,treino
26191,19820,treino
26192,19820,treino
26193,19820,treino
26194,19820,treino
26195,19820,treino
26196,19820,treino
26197,19820,treino
26198,19820,treino
26199,19820,treino
26200,19820,treino
26201,19837,teste
26202,19820,treino
26203,19820,treino
26204,19820,treino
26205,19820,treino
26206,19820,treino
26207,19820,treino
26208,19840,validacao
26209,19808,validacao
26210,19820,treino
26211,19840,validacao
26212,19820,treino
26213,19840,validacao
26214,19840,validacao
26215,19840,validacao
26216,19820,treino
26217,19820,treino
26218,19820,treino
26219,19820,treino
26220,19670,treino
26221,19820,treino
26222,19820,treino
26223,19842,teste
26224,19813,treino
26225,19846,treino
26226,19846,treino
26227,19846,treino
26228,19668,validacao
26229,19846,treino
26230,19846,treino
26231,19848,treino
26232,19663,validacao
26233,19676,treino
26234,19665,teste
26235,19818,treino
26236,19851,treino
26237,19851,treino
26238,19851,treino
26239,19851,treino
26240,19851,treino
26241,19678,treino
26242,19853,treino
26243,19684,treino
26244,19824,validacao
26245,19856,treino
26246,19856,treino
26247,19856,treino
26248,19856,treino
26249,19858,teste
26250,19856,treino
26251,19687,validacao
26252,19673,treino
26253,19827,treino
26254,19863,teste
26255,19863,teste
26256,19861,treino
26257,19863,teste
26258,19863,teste
26259,19863,teste
26260,19682,teste
26261,19832,teste
26262,19865,treino
26263,19694,treino
26264,19837,teste
26265,19689,treino
26266,19869,validacao
26267,19692,teste
26268,19697,treino
26269,19842,teste
26270,19699,treino
26271,19715,validacao
26272,19873,treino
26273,19848,treino
26274,19706,treino
26275,19876,teste
26276,19724,treino
26277,19703,treino
26278,19701,treino
26279,19853,treino
26280,31101,treino
26281,31101,treino
26282,30646,validacao
26283,31124,treino
26284,30851,treino
26285,31282,validacao
26286,19,teste
26287,30950,treino
26288,31232,teste
26289,30750,treino
26290,31209,treino
26291,31366,teste
26292,30780,treino
26293,30632,treino
26294,18,teste
26295,13,validacao
26296,31243,treino
26297,30801,treino
26298,30632,treino
26299,30883,treino
26300,31107,treino
26301,30750,treino
26302,31209,treino
26303,31309,treino
26304,31100,teste
26305,22471,validacao
26306,22471,validacao
26307,22471,validacao
26308,22471,validacao
26309,22483,treino
26310,22483,treino
26311,19,teste
26312,22448,teste
26313,22442,treino
26314,31099,treino
26315,22471,validacao
26316,22483,treino
26317,31101,treino
26320,30945,teste
26321,31409,treino
26322,31361,treino
26323,31009,teste
26324,31456,teste
26325,31388,validacao
26326,31067,validacao
26327,30978,treino
26328,31382,teste
26329,30725,validacao
26330,30970,treino
26331,30750,treino
26332,31209,treino
26333,31189,treino
26334,19,teste
26335,30632,treino
26336,30561,validacao
26337,30656,treino
26338,31350,treino
26339,30632,treino
26340,30932,teste
26341,31134,treino
26342,30750,treino
26343,31209,treino
26344,31099,treino
26347,18,teste
26348,13,validacao
26349,31101,treino
26351,22,teste
26352,31107,treino
26353,30575,treino
26355,19,teste
26357,31101,treino
26359,18,teste
26360,13,validacao
26361,22,teste
26362,31297,treino
26363,31465,treino
26364,30632,treino
26365,31080,teste
26366,30870,treino
26367,30750,treino
26368,31209,treino
26370,22,teste
26372,30603,treino
26373,31101,treino
26375,31107,treino
26377,22,teste
26379,23105,treino
26380,19,teste
26381,23,treino
26382,23217,treino
26383,23217,treino
26385,31107,treino
26386,21,treino
26387,31566,treino
26388,31112,treino
26389,13,validacao
26390,18,teste
26391,23217,treino
26392,19,teste
26394,23,treino
26395,31101,treino
26397,30557,treino
26398,31103,treino
26399,30557,treino
26401,31103,treino
26402,6,validacao
26403,3,treino
26404,21,treino
26405,30557,treino
26406,31107,treino
26407,31106,treino
26408,23,treino
26409,22,teste
26410,30614,treino
26411,23,treino
26413,19,teste
26414,23369,treino
26415,23372,teste
26416,23375,treino
26417,23378,validacao
26418,23382,treino
26419,23385,teste
26420,23388,validacao
26421,23391,treino
26422,23394,teste
26423,23397,treino
26424,23400,treino
26425,23403,validacao
26426,23406,validacao
26427,23410,teste
26428,23413,validacao
26429,23416,teste
26430,23419,teste
26431,23422,treino
26432,23425,treino
26433,23428,treino
26434,23431,treino
26435,23434,teste
26436,23437,treino
26437,23440,validacao
26438,30583,treino
26439,23443,teste
26440,23447,treino
26441,23450,treino
26442,23453,validacao
26443,23456,treino
26444,23459,teste
26445,23462,treino
26446,23465,treino
26447,23468,teste
26448,23471,treino
26449,23474,treino
26450,23478,treino
26451,23481,teste
26452,23484,teste
26453,23487,teste
26454,23490,treino
26455,23493,treino
26456,23496,treino
26457,23499,treino
26458,23502,treino
26459,23505,treino
26460,23508,treino
26461,23511,teste
26462,23516,treino
26463,23519,validacao
26464,23522,validacao
26465,23525,validacao
26466,23528,treino
26467,23531,validacao
26468,23534,teste
26469,23537,treino
26470,23372,teste
26471,23540,treino
26472,23543,treino
26473,23546,treino
26474,23378,validacao
26475,23549,treino
26476,23553,treino
26477,23556,teste
26478,23385,teste
26479,23559,treino
26480,23562,treino
26481,23565,treino
26482,23391,treino
26483,23568,validacao
26484,23571,treino
26485,23574,treino
26486,23397,treino
26487,23577,treino
26488,23581,treino
26489,23584,treino
26490,23403,validacao
26491,23587,treino
26492,23590,validacao
26493,23593,teste
26494,23410,teste
26495,23597,treino
26496,23600,treino
26497,23603,treino
26498,23416,teste
26499,23606,teste
26500,23609,validacao
26501,23612,teste
26502,23422,treino
26503,23615,treino
26504,23618,treino
26505,23428,treino
26506,23621,treino
26507,23624,validacao
26508,23434,teste
26509,23627,teste
26510,23630,validacao
26511,23633,treino
26512,23440,validacao
26513,23636,treino
26514,23640,treino
26515,23643,treino
26516,23646,treino
26517,23447,treino
26518,23649,teste
26519,23652,treino
26520,23655,treino
26521,23453,validacao
26522,23658,treino
26523,23661,treino
26524,23459,teste
26525,23664,treino
26526,23667,treino
26527,23465,treino
26528,23670,treino
26529,23673,teste
26530,23471,treino
26531,23676,treino
26532,23679,treino
26533,23478,treino
26534,23683,treino
26535,23686,teste
26536,23689,teste
26537,23484,teste
26538,23692,teste
26539,23695,teste
26540,23490,treino
26541,23698,validacao
26542,23701,validacao
26543,23496,treino
26544,23704,validacao
26545,23707,teste
26546,23502,treino
26547,23710,treino
26548,23713,treino
26549,23508,treino
26550,23716,teste
26551,23720,teste
26552,23516,treino
26553,23723,treino
26554,23522,validacao
26555,23726,treino
26556,23729,teste
26557,23528,treino
26558,23732,validacao
26559,23735,validacao
26560,23534,teste
26561,23738,treino
26562,23741,validacao
26563,23540,treino
26564,23744,treino
26565,23546,treino
26566,23553,treino
26567,23559,treino
26568,23565,treino
26569,23571,treino
26570,23577,treino
26571,23584,treino
26572,23590,validacao
26573,23597,treino
26574,23603,treino
26575,23609,validacao
26576,23615,treino
26577,23621,treino
26578,23627,teste
26579,23633,treino
26580,23640,treino
26581,23646,treino
26582,23652,treino
26583,23658,treino
26584,23664,treino
26585,23670,treino
26586,31099,treino
26588,23676,treino
26589,23683,treino
26590,23689,teste
26591,23695,teste
26592,23701,validacao
26593,23707,teste
26594,23713,treino
26595,23720,teste
26596,23726,treino
26597,23732,validacao
26598,23738,treino
26599,23744,treino
26600,31101,treino
26601,31107,treino
26602,23369,treino
26603,23378,validacao
26604,23375,treino
26605,23388,validacao
26606,23382,treino
26607,23394,teste
26608,23391,treino
26609,23372,teste
26610,23416,teste
26611,23400,treino
26612,23425,treino
26613,23397,treino
26614,23428,treino
26615,23422,treino
26616,23406,validacao
26617,23385,teste
26618,23443,teste
26619,23413,validacao
26620,23419,teste
26621,23450,treino
26622,23474,treino
26623,23403,validacao
26624,23440,validacao
26625,23453,validacao
26626,23465,treino
26627,23471,treino
26628,23447,treino
26629,23437,treino
26630,23431,treino
26631,23410,teste
26632,23434,teste
26633,23478,treino
26634,23484,teste
26635,23468,teste
26636,23493,treino
26637,23459,teste
26638,23481,teste
26639,23456,treino
26640,23505,treino
26641,23462,treino
26642,23499,treino
26643,23496,treino
26644,23487,teste
26645,23528,treino
26646,23511,teste
26647,23531,validacao
26648,23525,validacao
26649,23522,validacao
26650,23546,treino
26651,23502,treino
26652,23556,teste
26653,23534,teste
26654,23490,treino
26655,23549,treino
26656,23537,treino
26657,23540,treino
26658,23565,treino
26659,23587,treino
26660,23508,treino
26661,23574,treino
26662,23571,treino
26663,23516,treino
26664,23519,validacao
26665,23562,treino
26666,23553,treino
26667,23600,treino
26668,23543,treino
26669,23584,treino
26670,23633,treino
26671,23627,teste
26672,23603,treino
26673,23568,validacao
26674,23597,treino
26675,23559,treino
26676,23646,treino
26677,23593,teste
26678,23624,validacao
26679,23618,treino
26680,23577,treino
26681,23649,teste
26682,23621,treino
26683,23581,treino
26684,23643,treino
26685,23609,validacao
26686,23655,treino
26687,23612,teste
26688,23606,teste
26689,23590,validacao
26690,23615,treino
26691,23630,validacao
26692,23698,validacao
26693,23640,treino
26694,23673,teste
26695,23692,teste
26696,23670,treino
26697,23636,treino
26698,23704,validacao
26699,23683,treino
26700,23652,treino
26701,23658,treino
26702,23661,treino
26703,23716,teste
26704,23695,teste
26705,23679,treino
26706,23664,treino
26707,23729,teste
26708,30750,treino
26709,23701,validacao
26710,31250,teste
26711,23689,teste
26712,23676,treino
26713,31033,teste
26714,23723,treino
26715,23726,treino
26716,23667,treino
26717,23713,treino
26718,31209,treino
26719,23744,treino
26720,23686,teste
26721,23707,teste
26722,23738,treino
26723,23732,validacao
26724,23710,treino
26725,23720,teste
26726,31428,treino
26727,30809,treino
26728,23735,validacao
26729,23741,validacao
26730,30632,treino
26731,18,teste
26732,13,validacao
26734,30581,validacao
26735,31099,treino
26737,23897,treino
26738,23900,validacao
26739,23903,validacao
26740,23906,teste
26741,23910,treino
26742,23913,teste
26743,23916,treino
26744,23919,treino
26745,31107,treino
26746,23922,teste
26747,23925,teste
26748,23928,validacao
26749,23931,treino
26750,23934,teste
26751,23938,teste
26752,23941,treino
26753,23944,treino
26754,23947,treino
26755,23951,treino
26756,23954,teste
26757,23957,treino
26758,23960,validacao
26759,23963,treino
26760,23966,treino
26761,23969,validacao
26762,23972,treino
26763,23976,treino
26764,23979,teste
26765,23982,treino
26766,23985,teste
26767,23988,validacao
26768,23991,validacao
26769,23994,treino
26770,23997,treino
26771,24001,treino
26772,24004,validacao
26773,24007,treino
26774,24010,treino
26775,24013,treino
26776,24016,treino
26777,24019,validacao
26778,24022,treino
26779,24026,teste
26780,24029,treino
26781,24032,treino
26782,24035,treino
26783,24039,validacao
26784,24042,treino
26785,24045,treino
26786,24048,treino
26787,24051,treino
26788,24054,treino
26789,24057,treino
26790,24060,treino
26791,23900,validacao
26792,24063,teste
26793,24066,teste
26794,24069,teste
26795,23906,teste
26796,24072,teste
26797,24076,validacao
26798,24079,validacao
26799,23913,teste
26800,24082,treino
26801,24085,treino
26802,23919,treino
26803,24088,teste
26804,24091,treino
26805,24094,treino
26806,23925,teste
26807,24097,treino
26808,24100,teste
26809,24103,treino
26810,23931,treino
26811,24106,treino
26812,24109,treino
26813,24112,treino
26814,23938,teste
26815,24118,treino
26816,24121,treino
26817,23944,treino
26818,24124,treino
26819,24127,treino
26820,24130,treino
26821,23951,treino
26822,24133,treino
26823,24136,treino
26824,23957,treino
26825,24139,teste
26826,24142,treino
26827,23963,treino
26828,24145,treino
26829,24148,treino
26830,23969,validacao
26831,24151,treino
26832,23976,treino
26833,24155,treino
26834,24158,treino
26835,24161,treino
26836,24164,validacao
26837,24167,teste
26838,23982,treino
26839,24170,treino
26840,24173,treino
26841,24176,treino
26842,24179,validacao
26843,23988,validacao
26844,24182,teste
26845,24185,treino
26846,23994,treino
26847,24188,validacao
26848,24191,validacao
26849,24001,treino
26850,24195,treino
26851,24198,treino
26852,24007,treino
26853,24201,teste
26854,24204,treino
26855,24013,treino
26856,24207,treino
26857,24019,validacao
26858,24210,treino
26859,24213,treino
26860,24216,teste
26861,24026,teste
26862,24219,teste
26863,24032,treino
26864,24222,teste
26865,24225,validacao
26866,24039,validacao
26867,24230,treino
26868,24233,treino
26869,24045,treino
26870,24236,treino
26871,24239,treino
26872,24051,treino
26873,24242,treino
26874,24245,treino
26875,24248,treino
26876,24057,treino
26877,24251,validacao
26878,24254,teste
26879,24063,teste
26880,24257,treino
26881,24260,validacao
26882,24069,teste
26883,24263,validacao
26884,24266,teste
26885,24076,validacao
26886,24270,treino
26887,24273,treino
26888,24082,treino
26889,24088,teste
26890,24094,treino
26891,24100,teste
26892,24106,treino
26893,24112,treino
26894,24121,treino
26895,24127,treino
26896,24133,treino
26897,24139,teste
26898,24145,treino
26899,24151,treino
26900,24158,treino
26901,24164,validacao
26902,24170,treino
26903,24176,treino
26904,24182,teste
26905,24188,validacao
26906,24195,treino
26907,24201,teste
26908,24207,treino
26909,24213,treino
26910,24219,teste
26911,24225,validacao
26912,24233,treino
26913,13,validacao
26914,24239,treino
26915,24245,treino
26916,18,teste
26917,24251,validacao
26918,24257,treino
26919,24263,validacao
26920,24270,treino
26921,23897,treino
26922,23919,treino
26923,23906,teste
26924,23928,validacao
26925,23922,teste
26926,23900,validacao
26927,23941,treino
26928,23903,validacao
26929,23925,teste
26930,23910,treino
26931,23913,teste
26932,23954,teste
26933,23916,treino
26934,23960,validacao
26935,23963,treino
26937,23982,treino
26938,23934,teste
26939,23938,teste
26940,23931,treino
26941,23951,treino
26942,23976,treino
26943,23947,treino
26944,23957,treino
26945,23944,treino
26946,24001,treino
26947,23997,treino
26948,23979,teste
26949,23988,validacao
26950,24022,treino
26951,23972,treino
26952,24016,treino
26953,24004,validacao
26954,23969,validacao
26955,23966,treino
26956,23985,teste
26957,24039,validacao
26958,24045,treino
26959,24051,treino
26960,23994,treino
26961,24007,treino
26962,23991,validacao
26963,24076,validacao
26964,24026,teste
26965,24054,treino
26966,24072,teste
26967,24032,treino
26968,24019,validacao
26969,24013,treino
26970,24048,treino
26971,24035,treino
26972,24029,treino
26973,24010,treino
26974,24091,treino
26975,24109,treino
26976,24042,treino
26977,24057,treino
26978,24100,teste
26979,24121,treino
26980,24103,treino
26981,24066,teste
26982,24133,treino
26983,24106,treino
26984,24063,teste
26985,24079,validacao
26986,24060,treino
26987,24085,treino
26988,24127,treino
26989,24118,treino
26990,24069,teste
26991,24088,teste
26992,24097,treino
26993,24094,treino
26994,24130,treino
26995,24145,treino
26996,24082,treino
26997,24170,treino
26998,24112,treino
26999,24161,treino
27000,24158,treino
27001,24167,teste
27002,24155,treino
27003,24124,treino
27004,24148,treino
27005,24179,validacao
27006,24188,validacao
27007,24182,teste
27008,24191,validacao
27009,24164,validacao
27010,24201,teste
27011,24176,treino
27012,24142,treino
27013,24173,treino
27014,24136,treino
27015,24210,treino
27016,24139,teste
27017,24216,teste
27018,24185,treino
27019,24204,treino
27020,24151,treino
27021,24219,teste
27022,24239,treino
27023,24207,treino
27024,24236,treino
27025,24213,treino
27026,24233,treino
27027,24248,treino
27028,24222,teste
27029,24195,treino
27030,24198,treino
27031,24230,treino
27032,24257,treino
27033,24254,teste
27034,24251,validacao
27035,24245,treino
27036,24242,treino
27037,24273,treino
27038,24260,validacao
27039,24225,validacao
27040,24263,validacao
27041,24270,treino
27042,24266,teste
27043,19,teste
27044,31099,treino
27046,30632,treino
27047,30750,treino
27048,30685,treino
27049,31156,teste
27050,31209,treino
27051,31242,treino
27052,30799,treino
27053,31107,treino
27054,13,validacao
27055,18,teste
27057,30579,treino
27060,31107,treino
27061,31099,treino
27063,13,validacao
27064,18,teste
27066,31218,treino
27067,30760,treino
27068,30713,treino
27069,31178,treino
27070,30632,treino
27071,30750,treino
27072,31209,treino
27073,18,teste
27074,13,validacao
27077,31107,treino
27078,19,teste
27079,24928,treino
27080,24928,treino
27081,24948,validacao
27082,24948,validacao
27083,24963,treino
27084,24963,treino
27085,24928,treino
27086,24978,treino
27087,24978,treino
27088,24994,treino
27089,24994,treino
27090,24948,validacao
27091,24963,treino
27092,24978,treino
27093,24994,treino
27094,25022,validacao
27095,25022,validacao
27096,24928,treino
27097,25022,validacao
27098,24948,validacao
27099,24963,treino
27100,24978,treino
27101,24994,treino
27102,30591,treino
27103,25022,validacao
27106,13,validacao
27107,18,teste
27108,31090,treino
27109,31163,treino
27110,30692,treino
27111,31472,validacao
27112,30632,treino
27113,30750,treino
27114,31209,treino
27116,31099,treino
27118,31107,treino
27119,13,validacao
27120,18,teste
27123,30750,treino
27124,31209,treino
27125,31404,treino
27126,30807,treino
27127,31002,validacao
27128,31248,treino
27129,30632,treino
27131,13,validacao
27132,18,teste
27134,31107,treino
27136,13,validacao
27137,18,teste
27138,31099,treino
27140,31018,validacao
27141,31159,teste
27142,30927,validacao
27143,31320,treino
27144,31164,treino
27145,30701,treino
27146,30880,treino
27147,31306,validacao
27148,10,treino
27149,30688,treino
27150,31169,treino
27151,31416,treino
27152,31281,treino
27153,30850,validacao
27154,30896,treino
27155,30695,validacao
27156,30999,validacao
27157,31402,treino
27158,31133,treino
27159,30655,validacao
27160,31263,treino
27161,30632,treino
27162,30750,treino
27163,31209,treino
27164,30824,treino
27165,30903,treino
27166,31326,validacao
27168,30716,teste
27169,30632,treino
27170,30750,treino
27171,31214,treino
27172,31209,treino
27173,30756,teste
27174,31181,treino
27176,31107,treino
27178,13,validacao
27179,18,teste
27182,30751,teste
27183,31210,validacao
27184,31098,teste
27185,30632,treino
27186,30750,treino
27187,31477,treino
27188,31209,treino
27189,30577,treino
27190,19,teste
27193,13,validacao
27194,18,teste
27195,31370,treino
27196,30954,teste
27197,31247,treino
27198,30806,validacao
27199,31448,validacao
27200,31058,treino
27201,30723,treino
27202,31187,treino
27203,31017,treino
27204,31403,treino
27205,31415,treino
27206,30632,treino
27207,30750,treino
27208,31001,treino
27209,31209,treino
27210,30836,treino
27211,31270,treino
27212,31054,teste
27213,31209,treino
27214,31445,treino
27215,30632,treino
27216,30750,treino
27217,31107,treino
27218,13,validacao
27219,18,teste
27221,31099,treino
27223,13,validacao
27224,18,teste
27228,31194,treino
27229,30632,treino
27230,30750,treino
27231,30731,treino
27232,31209,treino
27233,31369,treino
27234,30953,treino
27236,31107,treino
27237,13,validacao
27238,18,teste
27241,18,teste
27242,13,validacao
27244,31190,treino
27245,30726,treino
27246,30645,treino
27247,31123,treino
27248,30632,treino
27249,30750,treino
27250,31209,treino
27252,13,validacao
27253,18,teste
27255,31107,treino
27258,30587,treino
27259,13,validacao
27260,18,teste
27261,30632,treino
27262,30750,treino
27263,30839,treino
27264,31209,treino
27265,31273,treino
27266,31204,validacao
27267,30745,treino
27270,31107,treino
27273,13,validacao
27274,18,teste
27275,30848,validacao
27276,30884,treino
27277,31310,treino
27278,30632,treino
27279,31280,treino
27280,30750,treino
27281,31209,treino
27283,31099,treino
27285,13,validacao
27286,18,teste
27289,31107,treino
27290,31209,treino
27291,30872,teste
27292,30998,treino
27293,31401,treino
27294,31299,teste
27295,30632,treino
27296,30750,treino
27299,19,teste
27300,13,validacao
27301,18,teste
27303,31099,treino
27305,13,validacao
27306,18,teste
27307,30902,teste
27308,30927,validacao
27309,31180,treino
27310,31325,treino
27311,10,treino
27312,30715,treino
27313,30822,treino
27314,30790,treino
27315,30767,treino
27316,31379,validacao
27317,30852,teste
27318,31262,treino
27319,31237,treino
27320,31220,treino
27321,30966,treino
27322,30810,treino
27323,31283,validacao
27324,31251,treino
27325,30830,teste
27326,31266,teste
27327,30750,treino
27328,31259,teste
27329,31209,treino
27330,30819,teste
27331,30755,teste
27332,31213,teste
27333,30632,treino
27335,30958,treino
27336,31374,treino
27337,30632,treino
27338,30750,treino
27339,31209,treino
27340,30997,treino
27341,31400,treino
27342,31107,treino
27344,13,validacao
27345,18,teste
27346,30624,treino
27348,30860,teste
27349,31277,treino
27350,31288,treino
27351,30844,treino
27352,30795,treino
27353,31426,treino
27354,31240,teste
27355,31031,treino
27356,31329,teste
27357,30907,treino
27358,31114,teste
27359,30633,teste
27360,30632,treino
27361,30750,treino
27362,31209,treino
27363,30632,treino
27364,30750,treino
27365,31209,treino
27366,31318,validacao
27367,31034,treino
27368,31429,teste
27369,30893,teste
27370,31099,treino
27372,13,validacao
27373,18,teste
27376,31107,treino
27377,13,validacao
27378,18,teste
27380,27614,treino
27381,27614,treino
27382,27614,treino
27383,27614,treino
27384,27616,teste
27385,27616,teste
27386,27616,teste
27387,27616,teste
27388,27616,teste
27389,27614,treino
27390,27616,teste
27391,27614,treino
27392,27616,teste
27393,27657,treino
27394,27657,treino
27395,27657,treino
27396,27657,treino
27397,30871,treino
27398,31298,teste
27399,30773,validacao
27400,31224,treino
27401,30632,treino
27402,30750,treino
27403,31209,treino
27404,27657,treino
27407,13,validacao
27408,18,teste
27411,31107,treino
27412,31209,treino
27413,31346,treino
27414,30928,treino
27415,31387,treino
27416,30977,teste
27417,30632,treino
27418,30750,treino
27421,13,validacao
27422,18,teste
27424,28046,validacao
27425,28046,validacao
27426,28046,validacao
27427,28051,treino
27428,28049,treino
27429,28051,treino
27430,28049,treino
27431,28049,treino
27432,28049,treino
27433,28046,validacao
27434,28049,treino
27435,28051,treino
27436,31099,treino
27438,28046,validacao
27440,30632,treino
27441,30750,treino
27442,31209,treino
27443,31120,treino
27444,30636,treino
27445,31116,validacao
27446,30641,treino
27448,18,teste
27449,31107,treino
27450,13,validacao
27451,30588,treino
27453,13,validacao
27454,18,teste
27457,30632,treino
27458,30750,treino
27459,31373,treino
27460,30957,treino
27461,31209,treino
27462,31378,treino
27463,30965,validacao
27465,18,teste
27466,13,validacao
27468,31107,treino
27469,31099,treino
27471,19,teste
27473,13,validacao
27474,18,teste
27475,30632,treino
27476,30750,treino
27477,31209,treino
27478,30697,treino
27479,31166,treino
27480,31444,treino
27481,31052,treino
27484,31268,teste
27485,31056,treino
27486,31446,treino
27487,30834,validacao
27488,31467,treino
27489,31082,treino
27490,30785,teste
27491,31235,treino
27492,30974,teste
27493,30632,treino
27494,30750,treino
27495,31150,validacao
27496,31209,treino
27497,31385,treino
27498,30679,validacao
27499,30632,treino
27500,30750,treino
27501,30894,validacao
27502,31209,treino
27503,31319,treino
27505,30921,treino
27506,31342,teste
27507,31107,treino
27509,13,validacao
27510,18,teste
27514,31075,treino
27515,30632,treino
27516,30750,treino
27517,31209,treino
27518,31461,treino
27519,31141,teste
27520,30668,treino
27521,18,teste
27522,13,validacao
27523,30576,treino
27525,31107,treino
27527,1226,treino
27528,1226,treino
27529,1229,teste
27530,1226,treino
27531,1226,treino
27532,1229,teste
27533,1226,treino
27534,1229,teste
27535,1226,treino
27536,1226,treino
27537,1226,treino
27538,1226,treino
27539,1226,treino
27540,1226,treino
27541,1226,treino
27542,1226,treino
27543,1226,treino
27544,1226,treino
27545,1229,teste
27546,1226,treino
27549,1226,treino
27550,1226,treino
27551,1226,treino
27552,1226,treino
27553,1266,teste
27554,1226,treino
27555,1266,teste
27556,1282,validacao
27557,1282,validacao
27558,1282,validacao
27559,1282,validacao
27560,1282,validacao
27561,1285,treino
27562,1287,treino
27563,1287,treino
27564,1285,treino
27565,1285,treino
27566,1291,treino
27567,13,validacao
27568,1285,treino
27569,1285,treino
27570,18,teste
27571,1282,validacao
27572,1291,treino
27573,1285,treino
27574,1229,teste
27575,31099,treino
27577,1287,treino
27578,1266,teste
27579,1226,treino
27580,1282,validacao
27581,1291,treino
27582,1285,treino
27584,1453,treino
27585,1453,treino
27586,1453,treino
27587,1453,treino
27588,13,validacao
27589,18,teste
27590,31066,treino
27591,30901,teste
27592,30632,treino
27593,30750,treino
27594,31209,treino
27595,31455,treino
27596,31324,treino
27598,1625,validacao
27599,1625,validacao
27600,1625,validacao
27601,1625,validacao
27602,1628,treino
27603,1628,treino
27604,1628,treino
27606,1625,validacao
27607,1628,treino
27608,1625,validacao
27609,1628,treino
27610,31107,treino
27613,30647,treino
27614,30728,treino
27615,31125,treino
27616,31192,treino
27617,30714,teste
27618,30753,treino
27619,31179,treino
27620,31211,treino
27621,31408,treino
27622,31209,treino
27623,31286,treino
27624,30856,teste
27625,31008,treino
27626,13,validacao
27627,18,teste
27628,30632,treino
27629,30750,treino
27630,30632,treino
27631,30750,treino
27632,30683,treino
27633,30696,treino
27634,31209,treino
27635,31165,treino
27636,31154,teste
27639,13,validacao
27640,18,teste
27643,31107,treino
27645,13,validacao
27646,18,teste
27647,30654,validacao
27648,31132,treino
27649,31327,treino
27650,30904,treino
27651,30632,treino
27652,30750,treino
27653,31209,treino
27654,30927,validacao
27657,30619,treino
27660,13,validacao
27661,18,teste
27662,31107,treino
27663,19,teste
27664,30853,treino
27665,30632,treino
27666,30750,treino
27667,31209,treino
27668,31284,treino
27669,30930,treino
27670,31348,treino
27672,13,validacao
27673,18,teste
27675,13,validacao
27676,18,teste
27677,31099,treino
27680,30672,treino
27681,31335,treino
27682,31145,treino
27683,30632,treino
27684,30750,treino
27685,31209,treino
27686,30913,treino
27687,31107,treino
27689,31099,treino
27691,30927,validacao
27692,13,validacao
27693,18,teste
27696,31209,treino
27697,31425,treino
27698,31030,teste
27699,31139,treino
27700,30663,treino
27701,30632,treino
27702,30750,treino
27705,31107,treino
27706,13,validacao
27707,18,teste
27711,30560,treino
27712,13,validacao
27713,18,teste
27714,30632,treino
27715,30750,treino
27716,30775,teste
27717,31295,treino
27718,30868,treino
27719,31209,treino
27720,31226,treino
27721,5162,treino
27722,5162,treino
27723,5162,treino
27724,31099,treino
27726,5162,treino
27728,31107,treino
27731,13,validacao
27732,18,teste
27733,31027,teste
27734,31336,treino
27735,30914,treino
27736,31422,treino
27737,30632,treino
27738,30750,treino
27739,31209,treino
27741,31099,treino
27743,13,validacao
27744,18,teste
27747,31107,treino
27748,31209,treino
27749,31119,validacao
27750,30640,teste
27751,31344,treino
27752,30924,treino
27753,30632,treino
27754,30750,treino
27757,13,validacao
27758,18,teste
27760,31099,treino
27762,31107,treino
27763,31470,teste
27764,31086,treino
27765,31064,teste
27766,30632,treino
27767,30750,treino
27768,31209,treino
27769,31454,teste
27772,19,teste
27773,30618,treino
27774,13,validacao
27775,18,teste
27779,31362,treino
27780,30632,treino
27781,30750,treino
27782,31209,treino
27783,30707,treino
27784,31172,validacao
27785,30946,teste
27786,31107,treino
27787,13,validacao
27788,18,teste
27789,31099,treino
27791,31396,treino
27792,30754,treino
27793,31212,treino
27794,30988,teste
27795,31418,validacao
27796,31149,treino
27797,30677,treino
27798,31020,treino
27799,30829,validacao
27801,31265,treino
27802,30812,treino
27803,31253,treino
27804,31291,teste
27805,30863,teste
27806,10,treino
27807,30948,validacao
27808,31223,treino
27809,31364,treino
27810,30772,treino
27811,30783,treino
27812,30739,treino
27813,30750,treino
27814,31234,teste
27815,31209,treino
27816,31198,treino
27817,30632,treino
27818,30732,treino
27819,31238,treino
27820,30791,validacao
27821,31195,validacao
27822,30649,teste
27823,30808,teste
27824,30869,teste
27825,31296,teste
27826,30660,treino
27827,10,treino
27828,31175,teste
27829,31249,teste
27830,31127,treino
27831,30699,teste
27832,31136,validacao
27833,30710,treino
27834,31167,treino
27835,31182,teste
27836,30832,teste
27837,31267,validacao
27838,30717,teste
27839,31217,validacao
27840,30632,treino
27841,30759,treino
27842,30750,treino
27843,30736,validacao
27844,31209,treino
27845,31197,treino
27846,30941,treino
27847,31358,treino
27848,31019,treino
27849,30632,treino
27850,30750,treino
27851,31209,treino
27852,31417,treino
27854,13,validacao
27855,18,teste
27859,13,validacao
27860,18,teste
27861,31107,treino
27862,31222,validacao
27863,31471,treino
27864,30632,treino
27865,30750,treino
27866,31089,treino
27867,31209,treino
27868,30770,treino
27869,31099,treino
27872,13,validacao
27873,18,teste
27874,30942,treino
27877,30557,treino
27879,3,treino
27880,21,treino
27881,30557,treino
27882,31103,treino
27883,6,validacao
27884,23,treino
27885,23,treino
27886,31107,treino
27888,13,validacao
27889,18,teste
27890,23,treino
27891,30656,treino
27892,30632,treino
27893,30750,treino
27894,31041,treino
27895,31434,treino
27896,31209,treino
27897,31134,treino
27899,30612,treino
27900,23,treino
27901,31101,treino
27904,31099,treino
27906,31101,treino
27907,13,validacao
27908,18,teste
27910,31383,treino
27911,31449,treino
27912,30632,treino
27913,30750,treino
27914,31209,treino
27915,30972,treino
27916,31059,treino
27918,31107,treino
27921,0,treino
27923,13,validacao
27924,18,teste
27925,31420,validacao
27926,31063,treino
27927,30632,treino
27928,30750,treino
27929,31209,treino
27930,31024,treino
27931,31453,teste
27934,21565,treino
27935,21565,treino
27936,31107,treino
27937,21565,treino
27938,21653,treino
27939,21653,treino
27940,31099,treino
27942,13,validacao
27943,18,teste
27945,19,teste
27946,31331,validacao
27947,30632,treino
27948,30750,treino
27949,30637,treino
27950,31117,treino
27951,31209,treino
27952,30909,treino
27955,22264,treino
27956,22264,treino
27957,22264,treino
27958,13,validacao
27959,18,teste
27960,22264,treino
27961,22379,teste
27962,22379,teste
27964,31107,treino
27965,22369,validacao
27967,22379,teste
27968,30564,validacao
27969,22599,teste
27971,22595,treino
27972,18,teste
27973,13,validacao
27975,30648,teste
27976,31061,treino
27977,30632,treino
27978,30750,treino
27979,31209,treino
27980,31126,treino
27981,31451,treino
27984,22599,teste
27985,23222,treino
27986,23222,treino
27988,23222,treino
27989,13,validacao
27990,18,teste
27991,23265,treino
27992,23265,treino
27993,23265,treino
27994,23222,treino
27995,23265,treino
27996,31099,treino
27998,22602,teste
27999,31107,treino
28001,23776,treino
28002,23776,treino
28003,23776,treino
28004,23776,treino
28005,23781,validacao
28006,13,validacao
28007,23781,validacao
28008,18,teste
28009,23513,treino
28010,31321,treino
28011,31431,treino
28012,31037,validacao
28013,30632,treino
28014,30750,treino
28015,30897,validacao
28016,31209,treino
28018,23776,treino
28019,23781,validacao
28020,22602,teste
28022,23834,validacao
28023,23856,treino
28024,24114,treino
28025,23950,validacao
28026,24024,treino
28028,24117,treino
28030,0,treino
28031,13,validacao
28032,18,teste
28033,31107,treino
28034,31209,treino
28035,31437,teste
28036,30936,treino
28037,31354,treino
28038,31044,treino
28039,30632,treino
28040,30750,treino
28043,24783,treino
28044,31099,treino
28047,24956,treino
28048,25016,teste
28049,31392,treino
28050,13,validacao
28051,30982,teste
28052,18,teste
28053,31384,treino
28054,30973,teste
28055,31143,teste
28056,30670,treino
28057,30881,validacao
28058,31307,treino
28059,30632,treino
28060,30750,treino
28061,31209,treino
28062,30857,treino
28063,31287,teste
28064,31193,validacao
28065,30730,treino
28066,31209,treino
28067,30690,teste
28068,30686,treino
28069,31157,treino
28070,31161,teste
28071,30632,treino
28072,30750,treino
28073,25120,validacao
28074,30608,treino
28076,31107,treino
28078,31076,treino
28079,31371,treino
28080,31462,teste
28081,30955,treino
28082,30942,treino
28083,30940,treino
28084,31153,treino
28085,30724,teste
28086,30682,treino
28087,10,treino
28088,30837,validacao
28089,31357,treino
28090,31188,validacao
28091,31271,treino
28092,31048,treino
28093,31122,teste
28094,31441,validacao
28095,30644,treino
28096,30721,treino
28097,31185,teste
28098,30750,treino
28099,30888,validacao
28100,31209,treino
28101,31300,treino
28102,30628,teste
28103,30602,treino
28104,30580,validacao
28105,30568,treino
28107,30605,treino
28108,30569,teste
28112,30596,treino
28113,30622,treino
28116,24,validacao
28117,27,treino
28119,30604,treino
28120,30623,treino
28124,30601,validacao
28125,30562,treino
28126,28,treino
28127,28,treino
28129,30610,teste
28131,28,treino
28132,24,validacao
28133,28,treino
28134,28,treino
28135,30565,treino
28136,24,validacao
28137,28,treino
28138,28,treino
28139,28,treino
28141,30609,validacao
28142,30615,treino
28143,32,treino
28147,30574,treino
28148,30598,treino
28151,28,treino
28152,28,treino
28153,28,treino
28154,24,validacao
28155,30873,treino
28156,28,treino
28157,28,treino
28158,28,treino
28159,28,treino
28160,28,treino
28161,28,treino
28162,24,validacao
28163,28,treino
28164,28,treino
28165,28,treino
28166,28,treino
28167,28,treino
28168,28,treino
28169,28,treino
28170,28,treino
28171,28,treino
28172,28,treino
28173,28,treino
28174,28,treino
28175,28,treino
28176,28,treino
28177,26,treino
28178,24,validacao
28179,24,validacao
28180,24,validacao
28181,24,validacao
28182,24,validacao
28183,24,validacao
28184,24,validacao
28185,24,validacao
28186,24,validacao
28187,24,validacao
28188,24,validacao
28189,24,validacao
28190,24,validacao
28191,24,validacao
28192,24,validacao
28193,24,validacao
28194,24,validacao
28195,24,validacao
28196,24,validacao
28197,31314,teste
28198,30632,treino
28199,25,teste
28200,7,teste
28201,9,treino
28202,30629,teste
28204,31,teste
28205,31,teste
28206,31,teste
28207,31,teste
28208,31,teste
28209,31,teste
28210,31,teste
28211,31,teste
28212,31,teste
28213,31,teste
28214,31,teste
28215,31,teste
28216,31,teste
28217,31,teste
28218,31,teste
28219,31,teste
28220,31,teste
28221,31,teste
28222,31,teste
28223,31,teste
28224,31,teste
28225,31,teste
28226,31,teste
28227,31,teste
28228,31,teste
28229,31,teste
28230,31,teste
28231,31,teste
28232,31,teste
28233,30866,teste
28234,30758,treino
28235,30632,treino
28236,30750,treino
28237,31216,treino
28238,31209,treino
28239,27,treino
28240,26,treino
28241,32,treino
28242,24,validacao
28243,31293,treino
28244,30555,treino
28245,33,validacao
28246,30556,treino
28247,28,treino
28248,25,teste
28249,13,validacao
28250,36,treino
28251,18,teste
28252,31,teste
28253,31,teste
28255,31,teste
28256,31,teste
28258,25782,validacao
28259,25646,teste
28260,25718,teste
28261,31,teste
28262,31,teste
28263,30622,treino
28264,30601,validacao
28265,30580,validacao
28266,30610,teste
28267,30565,treino
28268,30605,treino
28269,30574,treino
28270,30569,teste
28271,30562,treino
28272,30623,treino
28273,30609,validacao
28274,30602,treino
28275,30604,treino
28276,30615,treino
28277,30598,treino
28278,30568,treino
28279,30628,teste
28280,30596,treino
28281,12,treino
28282,8,treino
28283,25767,treino
28284,25785,treino
28285,30629,teste
28286,31,teste
28289,0,treino
28290,26000,treino
28291,13,validacao
28292,18,teste
28293,31107,treino
28294,31005,treino
28295,31406,treino
28296,31339,treino
28297,30632,treino
28298,30750,treino
28299,31209,treino
28300,30918,validacao
28303,19,teste
28304,26492,treino
28305,13,validacao
28306,18,teste
28310,26767,validacao
28311,26779,treino
28312,26637,validacao
28313,26785,teste
28314,26804,treino
28315,3,treino
28316,30557,treino
28317,5,treino
28318,31103,treino
28319,20,validacao
28320,31107,treino
28321,31106,treino
28322,31107,treino
28323,18,teste
28324,13,validacao
28325,31398,treino
28326,30993,treino
28327,31313,validacao
28328,30632,treino
28329,30750,treino
28330,31107,treino
28331,31209,treino
28332,30887,validacao
28333,31100,teste
28336,31106,treino
28337,31107,treino
28338,13,validacao
28339,18,teste
28342,31107,treino
28344,31209,treino
28345,31343,treino
28346,30599,treino
28347,30923,validacao
28348,31129,validacao
28349,30651,treino
28350,30632,treino
28351,30750,treino
28352,27888,treino
28355,31107,treino
28356,27886,teste
28357,13,validacao
28358,18,teste
28361,27888,treino
28363,31107,treino
28365,30952,treino
28366,31311,treino
28367,30632,treino
28368,30750,treino
28369,30885,validacao
28370,31209,treino
28371,31368,teste
28372,13,validacao
28373,18,teste
28374,31099,treino
28377,27891,treino
28378,27891,treino
28379,31107,treino
28382,13,validacao
28383,18,teste
28384,1709,validacao
28385,1709,validacao
28386,1709,validacao
28387,1709,validacao
28388,1712,treino
28389,1712,treino
28390,1712,treino
28391,1712,treino
28392,1712,treino
28393,1709,validacao
28394,1712,treino
28395,30746,treino
28396,31205,treino
28397,30741,treino
28398,30632,treino
28399,30750,treino
28400,31200,teste
28401,31209,treino
28402,27891,treino
28403,1709,validacao
28404,1712,treino
28407,31107,treino
28408,2783,treino
28409,2783,treino
28411,27891,treino
28412,13,validacao
28413,18,teste
28414,2783,treino
28416,18,teste
28417,31332,treino
28418,31257,validacao
28419,31209,treino
28420,30817,treino
28421,30910,treino
28422,13,validacao
28423,30632,treino
28424,30750,treino
28425,31099,treino
28427,3880,treino
28428,3880,treino
28430,31107,treino
28433,27891,treino
28434,3880,treino
28435,30625,teste
28438,30558,treino
28439,30592,validacao
28442,5329,treino
28443,13,validacao
28444,18,teste
28445,35,treino
28446,5329,treino
28447,34,treino
28448,5329,treino
28449,35,treino
28450,31347,treino
28451,30886,treino
28452,30632,treino
28453,30750,treino
28454,31312,treino
28455,31209,treino
28456,30929,treino
28457,31099,treino
28460,31107,treino
28461,30592,validacao
28462,30558,treino
28463,13,validacao
28464,18,teste
28466,19,teste
28469,31015,treino
28470,31206,teste
28471,30632,treino
28472,30750,treino
28473,31209,treino
28474,30747,validacao
28475,31414,treino
28476,31099,treino
28478,13,validacao
28479,18,teste
28480,31107,treino
28483,13,validacao
28484,18,teste
28486,31209,treino
28487,30744,teste
28488,31118,teste
28489,30639,teste
28490,31203,treino
28491,30632,treino
28492,30750,treino
28493,31099,treino
28496,13,validacao
28497,18,teste
28498,31107,treino
28501,30597,teste
28502,31032,treino
28503,31427,validacao
28504,30632,treino
28505,30750,treino
28506,30764,treino
28507,31209,treino
28508,31219,treino
28510,13,validacao
28511,18,teste
28512,31099,treino
28516,31107,treino
28518,30652,treino
28519,31130,treino
28520,13,validacao
28521,31241,treino
28522,18,teste
28523,30632,treino
28524,30750,treino
28525,30797,treino
28526,31209,treino
28527,31099,treino
28530,31099,treino
28533,13,validacao
28534,18,teste
28535,31107,treino
28536,31209,treino
28537,30919,teste
28538,31340,treino
28539,30912,treino
28540,31334,validacao
28541,30632,treino
28542,30750,treino
28547,13,validacao
28548,18,teste
28549,31161,teste
28550,30632,treino
28551,30750,treino
28552,31209,treino
28553,30931,treino
28554,31349,validacao
28555,30690,teste
28557,31107,treino
28559,30616,validacao
28560,13,validacao
28562,18,teste
28565,19,teste
28566,13,validacao
28567,18,teste
28568,31074,treino
28569,30911,treino
28570,31333,treino
28571,30632,treino
28572,31209,treino
28573,30750,treino
28574,31460,teste
28575,30942,treino
28576,31289,treino
28577,10,treino
28578,31330,teste
28579,31360,validacao
28580,30991,treino
28581,30861,validacao
28582,31397,validacao
28583,30944,treino
28584,31202,teste
28585,30908,teste
28586,30743,treino
28587,31458,treino
28588,31375,treino
28589,31070,validacao
28591,30777,treino
28592,30960,treino
28593,31228,validacao
28594,31209,treino
28595,31047,treino
28596,31201,treino
28597,30742,teste
28598,31440,treino
28599,30632,treino
28600,30750,treino
28601,31278,treino
28602,30845,treino
28603,30949,treino
28604,31365,validacao
28605,30632,treino
28606,30750,treino
28607,31209,treino
28608,31107,treino
28612,13,validacao
28613,18,teste
28616,19889,treino
28617,19889,treino
28618,30826,treino
28619,31421,treino
28620,30632,treino
28621,30750,treino
28622,31025,treino
28623,31209,treino
28624,31264,treino
28625,19889,treino
28626,20029,teste
28627,20029,teste
28628,20029,teste
28629,31107,treino
28632,13,validacao
28633,18,teste
28636,13,validacao
28637,18,teste
28638,30779,treino
28639,31209,treino
28640,30877,teste
28641,31231,treino
28642,31303,treino
28643,30632,treino
28644,30750,treino
28647,30600,treino
28648,31107,treino
28649,13,validacao
28650,18,teste
28653,31107,treino
28654,23,treino
28655,19,teste
28656,31012,teste
28657,31328,treino
28658,30632,treino
28659,30905,treino
28660,31412,treino
28661,30750,treino
28662,13,validacao
28663,31209,treino
28664,18,teste
28665,23,treino
28667,31107,treino
28669,19,teste
28670,31101,treino
28672,23,treino
28673,31106,treino
28674,31107,treino
28675,30584,treino
28677,25933,treino
28678,25933,treino
28679,25933,treino
28680,25933,treino
28681,30570,treino
28682,30557,treino
28684,18,teste
28685,13,validacao
28687,31103,treino
28688,23,treino
28689,21,treino
28690,3,treino
28691,30557,treino
28692,25933,treino
28693,6,validacao
28694,31274,treino
28695,31046,treino
28696,31151,treino
28697,30680,treino
28698,30942,treino
28699,30882,treino
28700,31439,validacao
28701,31184,treino
28702,30810,treino
28703,31308,validacao
28704,31251,treino
28705,10,treino
28706,30841,validacao
28707,30720,validacao
28708,31176,treino
28709,31142,treino
28710,30669,treino
28711,30711,treino
28712,19,teste
28713,31060,treino
28714,31209,treino
28715,31405,validacao
28716,31004,treino
28717,31450,treino
28718,30632,treino
28719,30750,treino
28720,31101,treino
28721,31107,treino
28722,30557,treino
28724,30661,teste
28725,31391,treino
28726,31137,teste
28727,30981,teste
28728,6,validacao
28729,31103,treino
28730,21,treino
28731,3,treino
28732,30557,treino
28733,30939,treino
28734,31356,treino
28735,31443,treino
28736,31051,treino
28737,31028,treino
28738,31244,treino
28739,30802,teste
28740,31423,treino
28741,23,treino
28742,31209,treino
28743,30727,teste
28744,31191,treino
28745,31322,treino
28746,30632,treino
28747,30898,treino
28748,30750,treino
28749,23,treino
28751,30557,treino
28753,30559,treino
28754,30632,treino
28755,31424,treino
28756,30740,treino
28757,30750,treino
28758,31209,treino
28759,31029,treino
28760,31199,treino
28761,31103,treino
28762,3,treino
28763,30557,treino
28764,6,validacao
28765,21,treino
28766,23,treino
28767,31099,treino
28769,31107,treino
28770,13,validacao
28771,18,teste
28773,31099,treino
28775,19,teste
28777,30626,treino
28778,31107,treino
28779,31323,treino
28780,30899,validacao
28781,31290,validacao
28782,30632,treino
28783,30750,treino
28784,30862,treino
28785,31209,treino
28786,18,teste
28787,13,validacao
28788,19,teste
28789,31107,treino
28790,31021,treino
28791,10,treino
28792,31209,treino
28793,31419,treino
28794,30750,treino
28795,19,teste
28798,31230,teste
28799,31381,treino
28800,30750,treino
28801,30969,treino
28802,30748,teste
28803,31209,treino
28804,31207,validacao
28805,30632,treino
28806,30586,teste
28807,19,teste
28809,18,teste
28810,13,validacao
28811,27896,treino
28812,28019,treino
28813,27899,teste
28814,27899,teste
28815,1134,treino
28816,27902,treino
28817,27942,teste
28818,27942,teste
28819,27920,treino
28820,28016,treino
28821,27918,treino
28822,28073,validacao
28823,30607,treino
28824,1109,treino
28825,1128,treino
28826,1288,treino
28827,1248,teste
28828,1315,treino
28829,1383,teste
28830,27976,validacao
28831,27893,validacao
28832,1256,treino
28833,27908,validacao
28834,1101,treino
28835,27981,validacao
28836,1096,treino
28837,967,treino
28838,1371,treino
28839,1138,treino
28840,1259,validacao
28841,1039,treino
28842,27911,teste
28843,28025,treino
28844,1189,teste
28845,27923,teste
28846,1148,teste
28847,3594,teste
28848,1276,validacao
28849,2601,teste
28850,28022,treino
28851,1274,treino
28852,1402,treino
28853,1245,teste
28854,2409,treino
28855,1798,treino
28856,2102,teste
28857,1983,treino
28858,1449,treino
28859,2485,treino
28860,1624,treino
28861,1080,treino
28862,1002,treino
28863,1705,treino
28864,2380,treino
28865,1819,treino
28866,2165,validacao
28867,2308,treino
28868,2074,treino
28869,980,treino
28870,1647,treino
28871,2315,teste
28872,1781,treino
28873,27939,treino
28874,1762,teste
28875,1670,treino
28876,987,teste
28877,1122,treino
28878,1227,treino
28879,1310,treino
28880,2549,treino
28881,1795,validacao
28882,1036,treino
28883,1368,treino
28884,1464,treino
28885,1277,teste
28886,1924,treino
28887,1659,validacao
28888,1748,treino
28889,2459,treino
28890,2048,treino
28891,1190,treino
28892,1801,treino
28893,2429,validacao
28894,2420,treino
28895,1904,treino
28896,1477,teste
28897,1203,treino
28898,1224,treino
28899,2256,treino
28900,2247,treino
28901,2119,treino
28902,1580,treino
28903,2424,teste
28904,1853,treino
28905,27971,validacao
28906,2516,teste
28907,2027,teste
28908,1304,treino
28909,1001,treino
28910,1524,treino
28911,1778,teste
28912,1221,treino
28913,1081,treino
28914,1573,treino
28915,1156,treino
28916,2440,treino
28917,1696,teste
28918,1685,validacao
28919,1986,treino
28920,1614,treino
28921,1886,treino
28922,1062,validacao
28923,1765,treino
28924,1474,treino
28925,1209,treino
28926,1379,treino
28927,2399,treino
28928,2423,treino
28929,1549,teste
28930,1431,teste
28931,1299,treino
28932,2341,teste
28933,1361,teste
28934,2293,treino
28935,1373,treino
28936,1153,treino
28937,1298,validacao
28938,1056,treino
28939,2265,teste
28940,1662,treino
28941,2750,treino
28942,3013,treino
28943,1691,treino
28944,1635,treino
28945,3199,validacao
28946,2388,treino
28947,27994,treino
28948,3830,validacao
28949,3977,treino
28950,3269,treino
28951,3454,validacao
28952,4114,treino
28953,3782,teste
28954,2887,validacao
28955,3532,treino
28956,3101,treino
28957,2864,teste
28958,2157,validacao
28959,3126,teste
28960,2503,teste
28961,2969,treino
28962,1606,treino
28963,3042,treino
28964,1353,treino
28965,2320,validacao
28966,1496,teste
28967,1528,treino
28968,1040,teste
28969,3408,treino
28970,1578,treino
28971,1205,treino
28972,3078,teste
28973,3088,treino
28974,1726,treino
28975,4198,validacao
28976,2018,treino
28977,3664,treino
28978,2034,teste
28979,3183,treino
28980,2097,validacao
28981,1059,treino
28982,992,treino
28983,3360,treino
28984,3996,treino
28985,1010,treino
28986,4195,treino
28987,3540,treino
28988,3761,validacao
28989,2768,teste
28990,3980,treino
28991,2605,treino
28992,5829,validacao
28993,991,teste
28994,1815,treino
28995,1238,validacao
28996,1135,treino
28997,3852,treino
28998,2660,teste
28999,27945,treino
29000,3957,validacao
29001,3742,teste
29002,1009,treino
29003,3367,treino
29004,1113,treino
29005,1451,treino
29006,1332,treino
29007,27926,treino
29008,1344,treino
29009,2171,treino
29010,1358,treino
29011,1281,treino
29012,1028,treino
29013,3788,teste
29014,2419,treino
29015,4165,teste
29016,4054,treino
29017,2738,treino
29018,3524,treino
29019,2892,teste
29020,1166,treino
29021,1850,treino
29022,2009,validacao
29023,2918,treino
29024,3963,teste
29025,1785,teste
29026,2277,treino
29027,1770,teste
29028,27992,treino
29029,2967,teste
29030,2642,treino
29031,3614,teste
29032,3951,teste
29033,1108,treino
29034,1436,treino
29035,1459,treino
29036,2448,treino
29037,2345,treino
29038,1884,treino
29039,2363,treino
29040,2487,treino
29041,1429,treino
29042,1974,treino
29043,3799,validacao
29044,1090,treino
29045,2101,treino
29046,4049,treino
29047,1200,treino
29048,2243,teste
29049,3021,validacao
29050,2684,treino
29051,2575,treino
29052,3902,treino
29053,1532,validacao
29054,3938,treino
29055,3634,treino
29056,1958,treino
29057,3257,treino
29058,3453,validacao
29059,1763,treino
29060,3689,treino
29061,2715,treino
29062,1681,treino
29063,1839,treino
29064,3580,treino
29065,2804,teste
29066,1168,treino
29067,4105,treino
29068,1677,teste
29069,1952,teste
29070,3313,treino
29071,1894,validacao
29072,2381,treino
29073,3457,treino
29074,2090,treino
29075,3987,treino
29076,3598,teste
29077,2999,validacao
29078,3662,validacao
29079,1856,teste
29080,3254,treino
29081,3626,teste
29082,1493,treino
29083,2597,treino
29084,1144,validacao
29085,1743,validacao
29086,2806,teste
29087,3546,teste
29088,1473,treino
29089,2313,treino
29090,2959,treino
29091,2490,teste
29092,1271,treino
29093,3985,validacao
29094,2932,treino
29095,2145,validacao
29096,3947,teste
29097,4267,validacao
29098,1746,treino
29099,3915,treino
29100,3093,treino
29101,3944,validacao
29102,3894,teste
29103,1955,treino
29104,2288,treino
29105,1115,treino
29106,2512,validacao
29107,1881,treino
29108,4012,validacao
29109,3265,treino
29110,2884,validacao
29111,1099,teste
29112,1230,treino
29113,2916,treino
29114,4044,validacao
29115,2156,treino
29116,3168,teste
29117,984,treino
29118,1950,treino
29119,1597,treino
29120,1867,treino
29121,1160,treino
29122,1665,treino
29123,2392,validacao
29124,3930,treino
29125,27949,treino
29126,1994,treino
29127,3514,teste
29128,1715,treino
29129,1968,teste
29130,1482,validacao
29131,2982,treino
29132,1753,treino
29133,2644,validacao
29134,1520,teste
29135,1095,validacao
29136,1486,treino
29137,3729,treino
29138,3039,treino
29139,1302,treino
29140,2127,treino
29141,2004,treino
29142,1871,teste
29143,1675,treino
29144,3301,treino
29145,1264,teste
29146,2365,teste
29147,3330,treino
29148,1783,validacao
29149,1593,treino
29150,2037,teste
29151,3698,treino
29152,2772,treino
29153,4998,validacao
29154,4886,validacao
29155,3571,treino
29156,28076,treino
29157,5442,treino
29158,964,treino
29159,4820,treino
29160,5542,teste
29161,5089,treino
29162,2540,teste
29163,2943,treino
29164,3025,validacao
29165,1024,validacao
29166,5311,treino
29167,5638,teste
29168,1206,validacao
29169,4257,treino
29170,5025,teste
29171,2748,teste
29172,4131,validacao
29173,5881,teste
29174,2207,treino
29175,5702,validacao
29176,2348,treino
29177,4497,treino
29178,4773,validacao
29179,4647,validacao
29180,3475,validacao
29181,4691,treino
29182,1730,treino
29183,1338,treino
29184,5719,treino
29185,4995,teste
29186,5765,validacao
29187,5574,teste
29188,5755,treino
29189,1991,treino
29190,2224,treino
29191,1656,treino
29192,2629,teste
29193,6063,treino
29194,3704,treino
29195,5480,teste
29196,2777,treino
29197,4074,treino
29198,3362,teste
29199,1553,treino
29200,5696,treino
29201,995,treino
29202,5961,validacao
29203,1760,treino
29204,5412,teste
29205,1219,treino
29206,5056,teste
29207,2760,treino
29208,5147,teste
29209,5532,validacao
29210,3825,teste
29211,2860,teste
29212,1325,treino
29213,5288,treino
29214,5801,validacao
29215,2800,treino
29216,2585,validacao
29217,4279,treino
29218,3563,teste
29219,1945,teste
29220,5568,treino
29221,2929,treino
29222,1183,treino
29223,1340,teste
29224,1873,treino
29225,3051,treino
29226,3154,treino
29227,1598,treino
29228,3111,treino
29229,5616,treino
29230,5895,treino
29231,3430,treino
29232,2582,treino
29233,5378,validacao
29234,1863,treino
29235,1385,treino
29236,5681,treino
29237,3942,treino
29238,4100,treino
29239,4084,validacao
29240,5210,treino
29241,3602,treino
29242,5932,teste
29243,5130,validacao
29244,3073,treino
29245,2220,treino
29246,4306,treino
29247,1417,teste
29248,5341,treino
29249,5682,treino
29250,4624,treino
29251,5688,teste
29252,1241,treino
29253,1406,treino
29254,3415,validacao
29255,4865,teste
29256,3892,validacao
29257,1900,treino
29258,4293,treino
29259,1393,validacao
29260,1583,validacao
29261,2825,treino
29262,997,treino
29263,4962,treino
29264,3685,treino
29265,4811,teste
29266,2816,validacao
29267,5038,validacao
29268,3157,teste
29269,5825,treino
29270,2331,teste
29271,3835,treino
29272,2994,treino
29273,3147,teste
29274,1976,teste
29275,4134,treino
29276,3218,treino
29277,5534,treino
29278,4274,treino
29279,1820,treino
29280,2002,treino
29281,1550,treino
29282,3133,treino
29283,4117,teste
29284,4802,treino
29285,2373,teste
29286,3141,treino
29287,1714,treino
29288,2560,treino
29289,3793,treino
29290,5714,treino
29291,4127,treino
29292,5330,teste
29293,4052,treino
29294,1444,treino
29295,1064,validacao
29296,2438,treino
29297,2043,treino
29298,2390,validacao
29299,3409,treino
29300,5748,validacao
29301,3375,treino
29302,5792,validacao
29303,2517,treino
29304,2784,treino
29305,4685,treino
29306,6071,treino
29307,1965,treino
29308,6013,validacao
29309,5968,treino
29310,2283,teste
29311,3029,treino
29312,4268,validacao
29313,1130,treino
29314,4307,treino
29315,5816,treino
29316,1242,treino
29317,2537,teste
29318,2064,treino
29319,3812,treino
29320,1120,teste
29321,2869,treino
29322,27906,treino
29323,2235,validacao
29324,3381,teste
29325,3610,treino
29326,2631,validacao
29327,1195,teste
29328,977,validacao
29329,3686,teste
29330,4218,validacao
29331,1234,treino
29332,5193,teste
29333,1072,teste
29334,4732,treino
29335,975,teste
29336,1963,treino
29337,5003,teste
29338,4525,treino
29339,4002,treino
29340,3667,teste
29341,1813,treino
29342,2211,teste
29343,3090,treino
29344,2647,teste
29345,1434,treino
29346,5284,treino
29347,4490,treino
29348,1735,treino
29349,3178,teste
29350,2616,teste
29351,5251,treino
29352,2961,treino
29353,5640,validacao
29354,5179,validacao
29355,2286,validacao
29356,1045,teste
29357,4368,validacao
29358,1585,treino
29359,1751,teste
29360,4840,treino
29361,4079,treino
29362,969,teste
29363,1538,validacao
29364,4007,validacao
29365,4671,treino
29366,1252,teste
29367,3007,validacao
29368,1375,treino
29369,5271,treino
29370,3209,treino
29371,4325,validacao
29372,3657,teste
29373,5830,treino
29374,4745,validacao
29375,3905,validacao
29376,3869,treino
29377,1409,treino
29378,1426,teste
29379,5705,treino
29380,2710,treino
29381,5245,treino
29382,6057,treino
29383,3923,treino
29384,3521,treino
29385,4215,treino
29386,1633,treino
29387,5660,treino
29388,3808,validacao
29389,4889,treino
29390,1650,treino
29391,5224,treino
29392,1403,validacao
29393,2944,treino
29394,5577,teste
29395,970,validacao
29396,3724,teste
29397,2252,treino
29398,2898,treino
29399,4748,treino
29400,1366,teste
29401,3194,teste
29402,3286,treino
29403,2610,validacao
29404,1013,validacao
29405,1499,teste
29406,3322,treino
29407,1509,treino
29408,4030,treino
29409,2753,treino
29410,2477,teste
29411,2271,validacao
29412,1846,validacao
29413,3274,treino
29414,1756,treino
29415,3791,validacao
29416,4556,teste
29417,3878,validacao
29418,5153,teste
29419,4282,treino
29420,3325,validacao
29421,4471,teste
29422,4261,treino
29423,3298,teste
29424,4741,teste
29425,1808,validacao
29426,2188,treino
29427,1610,teste
29428,2690,treino
29429,4242,teste
29430,2692,validacao
29431,3731,treino
29432,5290,treino
29433,3067,treino
29434,1177,treino
29435,2444,teste
29436,1186,teste
29437,1543,teste
29438,3423,treino
29439,5898,teste
29440,4598,teste
29441,2920,treino
29442,3850,teste
29443,3335,validacao
29444,3076,treino
29445,1283,validacao
29446,5029,treino
29447,5778,teste
29448,2954,treino
29449,1658,treino
29450,2355,treino
29451,3855,teste
29452,3990,treino
29453,5338,treino
29454,3314,treino
29455,2729,treino
29456,2325,treino
29457,4512,treino
29458,1034,treino
29459,5604,treino
29460,1698,treino
29461,1734,treino
29462,1615,validacao
29463,4569,treino
29464,4550,teste
29465,5059,treino
29466,3680,treino
29467,4168,treino
29468,5579,teste
29469,3032,treino
29470,3066,teste
29471,2702,treino
29472,6031,teste
29473,2354,teste
29474,4285,treino
29475,3142,treino
29476,5460,treino
29477,5519,treino
29478,5227,treino
29479,2111,treino
29480,3207,treino
29481,2311,treino
29482,5076,treino
29483,1560,teste
29484,4427,treino
29485,5375,validacao
29486,2052,treino
29487,1568,validacao
29488,3109,teste
29489,5432,treino
29490,2077,teste
29491,3376,treino
29492,3557,treino
29493,5313,treino
29494,4449,treino
29495,2072,treino
29496,4208,treino
29497,4990,treino
29498,4568,treino
29499,3449,treino
29500,1788,treino
29501,3932,treino
29502,3114,validacao
29503,2531,treino
29504,4591,treino
29505,1535,treino
29506,4366,teste
29507,5463,teste
29508,5053,treino
29509,2496,treino
29510,4541,treino
29511,1347,teste
29512,5399,treino
29513,4476,treino
29514,2543,treino
29515,3745,validacao
29516,5064,treino
29517,3673,validacao
29518,3751,treino
29519,1293,treino
29520,1929,teste
29521,5044,treino
29522,3639,treino
29523,4251,treino
29524,4247,treino
29525,2528,teste
29526,2679,validacao
29527,3048,treino
29528,3097,treino
29529,4263,treino
29530,3104,treino
29531,1091,treino
29532,3537,teste
29533,1068,teste
29534,1066,treino
29535,1996,treino
29536,1005,treino
29537,4057,treino
29538,2589,validacao
29539,3491,treino
29540,4137,treino
29541,5456,treino
29542,5958,treino
29543,2653,treino
29544,3755,teste
29545,1215,teste
29546,2895,treino
29547,1267,treino
29548,4326,teste
29549,4772,treino
29550,3501,treino
29551,1588,treino
29552,2619,treino
29553,2830,treino
29554,1792,treino
29555,5169,treino
29556,4836,validacao
29557,4201,treino
29558,4144,treino
29559,4034,treino
29560,5884,treino
29561,1772,treino
29562,3486,treino
29563,2175,validacao
29564,3768,treino
29565,27986,treino
29566,3014,treino
29567,2172,validacao
29568,2022,validacao
29569,4553,treino
29570,4315,treino
29571,1849,treino
29572,5300,treino
29573,1163,treino
29574,4160,treino
29575,3402,teste
29576,5000,treino
29577,4229,treino
29578,4511,validacao
29579,5847,treino
29580,3616,treino
29581,2734,treino
29582,4871,teste
29583,6020,treino
29584,4601,treino
29585,3876,teste
29586,3954,teste
29587,2361,treino
29588,3881,treino
29589,2736,treino
29590,5691,treino
29591,5150,treino
29592,5561,treino
29593,5779,treino
29594,4584,teste
29595,5203,treino
29596,3920,treino
29597,3165,treino
29598,4790,teste
29599,1824,treino
29600,2147,treino
29601,1397,treino
29602,3692,treino
29603,4742,treino
29604,3992,treino
29605,2636,validacao
29606,5133,validacao
29607,4354,validacao
29608,2781,treino
29609,4895,validacao
29610,3434,teste
29611,4187,treino
29612,1356,treino
29613,1692,treino
29614,4405,treino
29615,1462,treino
29616,2087,treino
29617,4441,treino
29618,1889,treino
29619,1049,validacao
29620,2524,treino
29621,4883,validacao
29622,1512,treino
29623,5799,teste
29624,3509,treino
29625,5381,validacao
29626,1558,treino
29627,2957,validacao
29628,5757,treino
29629,4357,validacao
29630,4663,validacao
29631,4151,treino
29632,4945,teste
29633,1868,treino
29634,4348,treino
29635,3469,teste
29636,1718,teste
29637,3106,validacao
29638,1652,treino
29639,5139,treino
29640,1057,treino
29641,5466,validacao
29642,2500,treino
29643,2672,treino
29644,5621,teste
29645,1618,teste
29646,2159,treino
29647,5062,treino
29648,2744,teste
29649,5935,teste
29650,2396,treino
29651,5449,teste
29652,4488,treino
29653,2208,treino
29654,5077,validacao
29655,1641,teste
29656,3696,treino
29657,5834,treino
29658,1878,treino
29659,4536,treino
29660,3829,treino
29661,4189,treino
29662,4067,treino
29663,5667,teste
29664,2370,treino
29665,2974,teste
29666,4033,teste
29667,2972,treino
29668,5471,treino
29669,1446,treino
29670,3567,treino
29671,4971,treino
29672,4640,validacao
29673,2216,teste
29674,5925,treino
29675,3072,validacao
29676,3121,treino
29677,4688,treino
29678,1911,teste
29679,4504,treino
29680,2935,treino
29681,3483,treino
29682,4162,treino
29683,1602,treino
29684,3356,teste
29685,4776,treino
29686,2039,treino
29687,5796,treino
29688,3241,treino
29689,1794,treino
29690,1901,teste
29691,5115,treino
29692,3928,validacao
29693,3444,treino
29694,4461,treino
29695,1932,treino
29696,2056,treino
29697,2203,treino
29698,4221,validacao
29699,1563,teste
29700,5327,treino
29701,6029,treino
29702,3391,teste
29703,5528,validacao
29704,3125,treino
29705,5293,treino
29706,3912,treino
29707,2572,treino
29708,3399,treino
29709,3541,teste
29710,5501,validacao
29711,5136,validacao
29712,4492,treino
29713,5094,treino
29714,2639,treino
29715,4517,teste
29716,5477,validacao
29717,1515,treino
29718,2925,treino
29719,4666,treino
29720,1025,treino
29721,5308,treino
29722,2454,treino
29723,4936,treino
29724,2997,validacao
29725,3292,treino
29726,1590,validacao
29727,2609,teste
29728,1321,teste
29729,2808,treino
29730,4248,treino
29731,2658,teste
29732,2096,treino
29733,5723,treino
29734,1350,teste
29735,1146,treino
29736,2060,treino
29737,4498,treino
29738,3420,treino
29739,1626,treino
29740,2113,validacao
29741,2634,treino
29742,4360,treino
29743,5493,treino
29744,5503,treino
29745,4800,teste
29746,3271,treino
29747,3277,teste
29748,2244,treino
29749,3226,treino
29750,3024,treino
29751,1699,treino
29752,1941,teste
29753,1423,treino
29754,1192,teste
29755,1322,treino
29756,3353,treino
29757,2761,treino
29758,5474,treino
29759,4467,teste
29760,3044,treino
29761,5418,treino
29762,4527,teste
29763,2319,treino
29764,2195,treino
29765,3967,treino
29766,6024,treino
29767,5268,treino
29768,3554,treino
29769,2257,treino
29770,4214,treino
29771,5862,treino
29772,2106,validacao
29773,1105,treino
29774,1876,treino
29775,4170,validacao
29776,5009,treino
29777,4946,teste
29778,2865,validacao
29779,2927,validacao
29780,2239,treino
29781,3771,teste
29782,3058,treino
29783,2510,treino
29784,3994,treino
29785,4762,treino
29786,3841,validacao
29787,1502,treino
29788,2697,teste
29789,27935,validacao
29790,4020,validacao
29791,2109,validacao
29792,2746,treino
29793,2020,treino
29794,5947,treino
29795,2296,treino
29796,5654,treino
29797,2049,treino
29798,5742,treino
29799,3511,treino
29800,5359,treino
29801,1381,treino
29802,3471,validacao
29803,5276,validacao
29804,5421,treino
29805,1642,validacao
29806,4795,treino
29807,5892,teste
29808,5975,treino
29809,1922,treino
29810,5469,validacao
29811,6019,teste
29812,5782,treino
29813,4681,treino
29814,5972,validacao
29815,2007,treino
29816,3803,teste
29817,5915,validacao
29818,2467,teste
29819,2333,treino
29820,2615,treino
29821,2856,treino
29822,3340,teste
29823,3185,treino
29824,27963,teste
29825,3493,validacao
29826,1724,teste
29827,5708,validacao
29828,3592,treino
29829,5163,treino
29830,5941,teste
29831,4563,validacao
29832,2012,treino
29833,3577,treino
29834,1051,treino
29835,2447,treino
29836,5262,treino
29837,4531,treino
29838,5509,validacao
29839,1722,teste
29840,2343,teste
29841,2847,treino
29842,4501,treino
29843,4226,treino
29844,5205,teste
29845,27968,teste
29846,2553,validacao
29847,1398,treino
29848,3432,treino
29849,1484,treino
29850,2546,teste
29851,5848,teste
29852,3119,treino
29853,5362,treino
29854,5940,validacao
29855,3266,teste
29856,1077,validacao
29857,4855,treino
29858,2845,validacao
29859,4823,treino
29860,2150,teste
29861,5369,treino
29862,1919,treino
29863,3261,treino
29864,3035,teste
29865,3681,treino
29866,1458,validacao
29867,4980,treino
29868,4343,treino
29869,1468,treino
29870,1018,treino
29871,962,treino
29872,2842,validacao
29873,5022,teste
29874,4674,validacao
29875,1117,treino
29876,1054,treino
29877,1327,treino
29878,4581,treino
29879,4920,treino
29880,6009,treino
29881,5334,treino
29882,5727,teste
29883,5247,teste
29884,6002,treino
29885,5740,teste
29886,3748,teste
29887,3884,treino
29888,3149,treino
29889,2404,treino
29890,2532,teste
29891,2820,treino
29892,5677,treino
29893,5821,treino
29894,2989,treino
29895,5700,teste
29896,4458,treino
29897,2182,treino
29898,2834,treino
29899,5221,treino
29900,4825,teste
29901,5905,treino
29902,3909,teste
29903,2358,validacao
29904,1075,teste
29905,1307,treino
29906,3477,validacao
29907,4176,treino
29908,5316,treino
29909,3460,validacao
29910,1364,treino
29911,3326,treino
29912,3018,treino
29913,2709,treino
29914,3134,treino
29915,4964,teste
29916,4737,teste
29917,27914,treino
29918,1312,treino
29919,2650,teste
29920,1540,teste
29921,1906,treino
29922,1980,treino
29923,2480,validacao
29924,1086,treino
29925,2626,teste
29926,3235,treino
29927,3934,treino
29928,3579,treino
29929,1689,validacao
29930,4595,treino
29931,4779,treino
29932,3060,treino
29933,3796,treino
29934,3246,treino
29935,3552,treino
29936,2795,teste
29937,5600,teste
29938,5101,teste
29939,5446,treino
29940,5984,treino
29941,2062,teste
29942,3306,treino
29943,3417,treino
29944,3394,teste
29945,1645,treino
29946,1989,treino
29947,2134,teste
29948,2484,treino
29949,3624,teste
29950,4026,treino
29951,2891,treino
29952,5407,treino
29953,2908,treino
29954,5842,treino
29955,1335,treino
29956,4039,treino
29957,1507,treino
29958,3083,treino
29959,5357,treino
29960,4720,teste
29961,5443,treino
29962,1897,treino
29963,1805,teste
29964,2032,treino
29965,5458,treino
29966,3171,treino
29967,4435,treino
29968,4912,treino
29969,4063,treino
29970,4975,teste
29971,6045,treino
29972,4373,validacao
29973,3364,treino
29974,2592,validacao
29975,1261,treino
29976,2193,teste
29977,4534,treino
29978,2924,treino
29979,3858,teste
29980,2667,validacao
29981,2624,validacao
29982,4464,treino
29983,5671,treino
29984,4388,treino
29985,4904,treino
29986,2432,treino
29987,5606,treino
29988,1171,treino
29989,4120,treino
29990,2014,treino
29991,2814,treino
29992,1211,treino
29993,5082,treino
29994,1084,treino
29995,2185,validacao
29996,2851,teste
29997,2479,validacao
29998,4609,treino
29999,3343,treino
30000,2951,treino
30001,1317,treino
30002,2713,treino
30003,5785,treino
30004,2885,treino
30005,2291,treino
30006,4694,treino
30007,4832,teste
30008,1773,teste
30009,3442,treino
30010,5006,validacao
30011,4042,validacao
30012,1622,validacao
30013,5498,validacao
30014,3404,treino
30015,5630,validacao
30016,5390,teste
30017,1388,treino
30018,5998,teste
30019,4429,treino
30020,3778,treino
30021,1546,teste
30022,3660,treino
30023,1390,treino
30024,4846,validacao
30025,2565,treino
30026,2946,validacao
30027,3506,treino
30028,4000,validacao
30029,2456,treino
30030,5424,teste
30031,3163,treino
30032,1178,validacao
30033,2350,treino
30034,6054,treino
30035,1918,teste
30036,5019,treino
30037,3900,teste
30038,5929,treino
30039,5620,treino
30040,4112,treino
30041,2787,treino
30042,2301,treino
30043,3045,treino
30044,1414,treino
30045,1667,treino
30046,1142,treino
30047,4209,treino
30048,3307,treino
30049,2162,treino
30050,2415,treino
30051,4027,teste
30052,6051,teste
30053,6034,teste
30054,3734,teste
30055,4123,teste
30056,4607,treino
30057,4109,treino
30058,2654,treino
30059,2764,treino
30060,5333,treino
30061,2152,treino
30062,4796,treino
30063,5887,treino
30064,3174,treino
30065,3725,validacao
30066,2791,treino
30067,2336,treino
30068,4407,teste
30069,4225,treino
30070,1330,teste
30071,5921,teste
30072,3711,treino
30073,5865,teste
30074,3296,treino
30075,1832,treino
30076,1043,treino
30077,2811,validacao
30078,1197,treino
30079,1707,treino
30080,3439,validacao
30081,4140,teste
30082,4949,treino
30083,2403,validacao
30084,1017,treino
30085,2435,validacao
30086,2505,treino
30087,2465,teste
30088,3004,treino
30089,3807,treino
30090,3397,validacao
30091,2086,validacao
30092,5490,treino
30093,3708,treino
30094,4455,teste
30095,1576,teste
30096,1504,validacao
30097,5978,treino
30098,1421,treino
30099,1249,treino
30100,3465,treino
30101,3352,treino
30102,986,validacao
30103,4095,treino
30104,1182,validacao
30105,6003,teste
30106,5494,treino
30107,3436,teste
30108,2179,treino
30109,1173,teste
30110,5099,treino
30111,1938,teste
30112,2562,treino
30113,2369,treino
30114,4805,treino
30115,4564,teste
30116,3214,treino
30117,3959,treino
30118,1441,treino
30119,5387,teste
30120,1255,treino
30121,3677,teste
30122,3117,teste
30123,4651,treino
30124,1522,treino
30125,2298,treino
30126,3702,teste
30127,2662,treino
30128,3949,teste
30129,4982,treino
30130,1858,teste
30131,4892,treino
30132,2829,validacao
30133,4872,treino
30134,4401,teste
30135,3144,treino
30136,3818,treino
30137,2906,teste
30138,5514,teste
30139,2720,validacao
30140,3864,treino
30141,3872,treino
30142,1603,teste
30143,2854,teste
30144,5373,treino
30145,2046,treino
30146,4915,teste
30147,1021,teste
30148,1738,teste
30149,3861,treino
30150,2462,teste
30151,4622,treino
30152,4683,treino
30153,4660,treino
30154,2789,treino
30155,3631,treino
30156,972,validacao
30157,27933,teste
30158,2278,treino
30159,1480,treino
30160,2475,teste
30161,1030,teste
30162,4932,treino
30163,5927,treino
30164,4255,validacao
30165,5952,teste
30166,3222,treino
30167,5109,validacao
30168,3033,treino
30169,3478,teste
30170,1439,teste
30171,1740,treino
30172,2911,treino
30173,3080,validacao
30174,1295,validacao
30175,5875,treino
30176,4906,treino
30177,1161,teste
30178,5344,treino
30179,5818,teste
30180,4760,treino
30181,4090,teste
30182,5614,treino
30183,3590,treino
30184,1936,treino
30185,1861,validacao
30186,4445,treino
30187,5237,treino
30188,1978,treino
30189,3333,treino
30190,4861,treino
30191,3010,validacao
30192,5263,teste
30193,4048,treino
30194,2472,treino
30195,2740,treino
30196,5751,teste
30197,2413,treino
30198,1151,treino
30199,5697,treino
30200,5258,treino
30201,3056,treino
30202,2427,treino
30203,2122,treino
30204,2221,treino
30205,2029,teste
30206,1216,validacao
30207,5301,validacao
30208,3320,treino
30209,4447,treino
30210,3137,treino
30211,5551,validacao
30212,5813,treino
30213,4668,teste
30214,3201,treino
30215,5438,validacao
30216,2773,treino
30217,4627,treino
30218,4452,treino
30219,1412,treino
30220,4085,teste
30221,4845,treino
30222,2965,treino
30223,2705,treino
30224,3720,validacao
30225,2138,treino
30226,5837,teste
30227,2198,treino
30228,3098,teste
30229,5304,teste
30230,5596,treino
30231,4984,validacao
30232,3583,treino
30233,2141,treino
30234,3303,validacao
30235,2226,validacao
30236,4578,treino
30237,1803,teste
30238,3924,treino
30239,4643,treino
30240,1835,validacao
30241,5184,teste
30242,1232,teste
30243,1729,validacao
30244,5949,treino
30245,6037,treino
30246,4901,validacao
30247,2665,treino
30248,1530,treino
30249,2260,treino
30250,2452,treino
30251,3969,treino
30252,4876,teste
30253,1909,teste
30254,4319,teste
30255,2376,teste
30256,4424,teste
30257,6042,treino
30258,2670,treino
30259,2214,treino
30260,1469,treino
30261,5803,teste
30262,3288,treino
30263,4538,treino
30264,3740,treino
30265,2498,treino
30266,5012,treino
30267,3064,treino
30268,4128,treino
30269,4735,treino
30270,2169,treino
30271,5610,treino
30272,4986,treino
30273,3309,treino
30274,5562,treino
30275,1491,validacao
30276,2135,treino
30277,4412,teste
30278,1831,validacao
30279,3212,treino
30280,2508,treino
30281,4765,treino
30282,5080,treino
30283,4158,treino
30284,3586,treino
30285,5351,treino
30286,4322,treino
30287,1631,treino
30288,5322,treino
30289,3070,validacao
30290,2685,teste
30291,3898,treino
30292,2979,treino
30293,2334,treino
30294,2602,treino
30295,1488,treino
30296,3175,treino
30297,4956,validacao
30298,5841,treino
30299,1349,treino
30300,2273,treino
30301,3392,validacao
30302,2590,treino
30303,3821,treino
30304,3181,treino
30305,2823,treino
30306,2120,treino
30307,5587,treino
30308,3766,treino
30309,2933,treino
30310,2266,teste
30311,1947,teste
30312,5428,teste
30313,5121,treino
30314,1914,treino
30315,4714,treino
30316,1702,teste
30317,5355,treino
30318,1566,treino
30319,3906,teste
30320,3198,treino
30321,2879,treino
30322,6048,treino
30323,4272,treino
30324,2327,treino
30325,2718,treino
30326,4751,validacao
30327,2024,treino
30328,5429,treino
30329,3238,validacao
30330,2757,treino
30331,1844,validacao
30332,4630,teste
30333,3371,teste
30334,2570,teste
30335,2406,treino
30336,4814,treino
30337,2081,treino
30338,2521,teste
30339,5558,treino
30340,2394,validacao
30341,5124,treino
30342,1609,teste
30343,3604,treino
30344,3204,treino
30345,2262,validacao
30346,4657,treino
30347,1943,treino
30348,2125,treino
30349,5196,validacao
30350,3717,treino
30351,2249,teste
30352,5215,treino
30353,4416,treino
30354,2143,treino
30355,5253,treino
30356,4081,treino
30357,4858,treino
30358,2494,teste
30359,5955,treino
30360,2190,treino
30361,2801,treino
30362,1125,teste
30363,3832,treino
30364,5116,validacao
30365,1711,teste
30366,4700,treino
30367,2940,teste
30368,4519,treino
30369,5092,teste
30370,5073,treino
30371,5590,treino
30372,1454,treino
30373,2986,teste
30374,2268,treino
30375,2084,treino
30376,5565,teste
30377,3523,treino
30378,5181,validacao
30379,2547,treino
30380,3811,treino
30381,5908,treino
30382,2069,teste
30383,5238,treino
30384,4179,treino
30385,5669,treino
30386,3329,treino
30387,4812,validacao
30388,5965,validacao
30389,4635,treino
30390,3533,teste
30391,2054,validacao
30392,1829,teste
30393,3886,validacao
30394,2092,treino
30395,3370,treino
30396,3426,teste
30397,2230,validacao
30398,1891,treino
30399,3496,treino
30400,5198,treino
30401,4232,treino
30402,1810,validacao
30403,2450,validacao
30404,4312,teste
30405,3644,teste
30406,4391,teste
30407,6008,treino
30408,2680,validacao
30409,3284,treino
30410,4711,treino
30411,1638,teste
30412,1555,treino
30413,5981,treino
30414,2950,treino
30415,3317,validacao
30416,1518,treino
30417,5856,treino
30418,4237,treino
30419,2377,teste
30420,5593,treino
30421,4014,treino
30422,5901,treino
30423,5105,treino
30424,2116,treino
30425,4927,treino
30426,1289,validacao
30427,2232,treino
30428,2067,teste
30429,4298,treino
30430,3917,validacao
30431,2180,treino
30432,2130,treino
30433,2534,teste
30434,2987,treino
30435,1683,teste
30436,2901,teste
30437,2237,treino
30438,4754,treino
30439,2280,treino
30440,4022,treino
30441,5768,teste
30442,5324,teste
30443,4239,treino
30444,4697,validacao
30445,4332,treino
30446,5039,treino
30447,1841,validacao
30448,5545,treino
30449,4378,validacao
30450,4098,treino
30451,4400,treino
30452,5097,teste
30453,4182,treino
30454,5912,treino
30455,2201,treino
30456,1776,validacao
30457,5539,treino
30458,1999,teste
30459,3280,treino
30460,1960,validacao
30461,4782,treino
30462,3762,validacao
30463,2766,treino
30464,4481,treino
30465,3636,treino
30466,4432,treino
30467,4203,treino
30468,2306,validacao
30469,2580,treino
30470,2323,validacao
30471,1672,treino
30472,3505,treino
30473,5085,teste
30474,5218,treino
30475,3192,treino
30476,4330,teste
30477,2384,treino
30478,2305,treino
30479,5664,treino
30480,2520,validacao
30481,3224,treino
30482,1418,treino
30483,4615,treino
30484,4009,teste
30485,3653,treino
30486,3705,treino
30487,5734,validacao
30488,2779,validacao
30489,5612,treino
30490,3588,validacao
30491,4345,treino
30492,2688,teste
30493,5589,teste
30494,3259,treino
30495,3489,treino
30496,3559,validacao
30497,4704,treino
30498,3757,teste
30499,5255,treino
30500,3239,treino
30501,4288,treino
30502,3484,teste
30503,4649,treino
30504,4507,treino
30505,1927,validacao
30506,5119,validacao
30507,3529,treino
30508,4380,treino
30509,5877,teste
30510,3629,treino
30511,2837,treino
30512,2992,treino
30513,4410,teste
30514,4145,treino
30515,5165,treino
30516,4395,teste
30517,5326,treino
30518,3816,treino
30519,3346,teste
30520,4184,treino
30521,4606,treino
30522,3847,treino
30523,4943,teste
30524,5397,treino
30525,3671,treino
30526,5371,treino
30527,5651,teste
30528,5279,treino
30529,4618,treino
30530,5685,validacao
30531,3348,treino
30532,2676,treino
30533,4073,treino
30534,3251,treino
30535,4639,teste
30536,5176,teste
30537,5067,treino
30538,3974,teste
30539,5637,validacao
30540,2555,teste
30541,2796,treino
30542,3219,treino
30543,3231,teste
30544,3545,treino
30545,3573,validacao
30546,5043,teste
30547,4016,treino
30548,3412,validacao
30549,1570,treino
30550,2340,teste
30551,2875,treino
30552,2595,validacao
30553,5297,validacao
30554,3245,treino
30555,3160,treino
30556,5071,treino
30557,2914,teste
30558,2723,treino
30559,3229,treino
30560,4480,treino
30561,5231,validacao
30562,2577,treino
30563,5282,teste
30564,3518,treino
30565,3621,validacao
30566,4340,teste
30567,3780,validacao
30568,4808,treino
30569,2937,validacao
30570,3526,validacao
30571,5788,treino
30572,2857,treino
30573,5728,validacao
30574,3281,teste
30575,4852,treino
30576,2839,validacao
30577,4612,treino
30578,4149,treino
30579,5348,teste
30580,4374,treino
30581,5990,treino
30582,5243,teste
30583,3647,validacao
30584,3599,treino
30585,3248,teste
30586,3838,treino
30587,3499,treino
30588,3972,teste
30589,4004,treino
30590,3384,validacao
30591,5541,validacao
30592,2567,validacao
30593,5626,teste
30594,4759,teste
30595,4060,validacao
30596,5525,treino
30597,3463,treino
30598,2695,validacao
30599,1972,teste
30600,5602,treino
30601,2469,treino
30602,4784,teste
30603,1826,treino
30604,5623,validacao
30605,2978,treino
30606,4243,validacao
30607,5366,validacao
30608,3714,treino
30609,2732,treino
30610,4175,teste
30611,5763,treino
30612,4929,teste
30613,4727,treino
30614,5992,treino
30615,5583,teste
30616,5110,treino
30617,4091,treino
30618,3786,treino
30619,4787,validacao
30620,2818,teste
30621,5128,treino
30622,5213,treino
30623,4992,treino
30624,3153,treino
30625,5807,treino
30626,2558,treino
30627,4192,treino
30628,4155,treino
30629,3054,treino
30630,5209,teste
30631,5774,teste
30632,3650,treino
30633,4438,validacao
30634,5187,validacao
30635,3085,treino
30636,4106,validacao
30637,4817,treino
30638,4296,treino
30639,4728,treino
30640,2411,treino
30641,5401,treino
30642,3562,treino
30643,3293,validacao
30644,4631,treino
30645,6061,treino
30646,5811,treino
30647,3866,treino
30648,3982,teste
30649,6068,validacao
30650,5870,treino
30651,3569,treino
30652,3774,validacao
30653,3844,teste
30654,2871,teste
30655,3737,treino
30656,2873,treino
30657,4717,treino
30658,3964,treino
30659,2880,validacao
30660,5711,teste
30661,2725,treino
30662,4841,teste
30663,4878,treino
30664,6015,teste
30665,3889,treino
30666,3447,treino
30667,3129,treino
30668,4336,treino
30669,5404,treino
30670,4723,treino
30671,5170,treino
30672,5571,treino
30673,5233,treino
30674,4709,treino
30675,4586,teste
30676,4939,treino
30677,5020,teste
30678,5760,treino
30679,5918,treino
30680,4958,treino
30681,5345,treino
30682,3940,treino
30683,5190,validacao
30684,3619,treino
30685,2703,validacao
30686,5505,treino
30687,4767,teste
30688,4849,treino
30689,5773,treino
30690,5946,treino
30691,4898,treino
30692,5394,teste
30693,5809,teste
30694,5435,validacao
30695,4677,teste
30696,5048,treino
30697,2621,treino
30698,3642,teste
30699,4521,treino
30700,5855,teste
30701,5732,teste
30702,4575,treino
30703,4301,validacao
30704,6065,treino
30705,4418,treino
30706,4283,treino
30707,5646,teste
30708,5548,treino
30709,5520,validacao
30710,4294,treino
30711,4705,treino
30712,5265,treino
30713,4394,validacao
30714,5415,treino
30715,5747,treino
30716,5034,validacao
30717,5717,treino
30718,4352,treino
30719,5483,treino
30720,4544,teste
30721,4423,treino
30722,4364,treino
30723,5031,teste
30724,5487,treino
30725,4484,teste
30726,4830,treino
30727,5851,validacao
30728,2903,teste
30729,3550,treino
30730,4037,teste
30731,4559,treino
30732,3002,treino
30733,3339,treino
30734,4826,treino
30735,4925,treino
30736,3382,teste
30737,5737,validacao
30738,6074,treino
30739,4068,teste
30740,4881,treino
30741,3388,treino
30742,4921,teste
30743,5909,validacao
30744,4381,treino
30745,4592,teste
30746,5890,treino
30747,6025,treino
30748,4972,treino
30749,5869,treino
30750,5674,treino
30751,5657,teste
30752,4572,validacao
30753,5632,teste
30754,5649,treino
30755,5318,validacao
30756,4968,teste
30757,3611,treino
30758,5986,treino
30759,5555,validacao
30760,5823,teste
30761,5794,treino
30762,4656,treino
30763,5880,validacao
30764,4310,treino
30765,4867,teste
30766,5157,teste
30767,5511,validacao
30768,4337,treino
30769,3608,treino
30770,6040,treino
30771,5643,treino
30772,5411,treino
30773,5173,treino
30774,5144,treino
30775,5453,treino
30776,4386,treino
30777,5050,treino
30778,4953,treino
30779,5141,treino
30780,4909,treino
30781,5274,treino
30782,4472,teste
30783,5860,treino
30784,5995,validacao
30785,5384,teste
30786,6117,treino
30787,5159,treino
30788,5522,treino
30789,5014,validacao
30790,6105,treino
30791,6103,validacao
30792,4547,treino
30793,37,treino
30794,6114,treino
30795,6172,teste
30796,6172,teste
30797,6125,teste
30798,6144,treino
30799,6135,treino
30800,6135,treino
30801,6163,treino
30802,6681,treino
30803,6283,treino
30804,6599,treino
30805,6487,teste
30806,6812,treino
30807,6589,treino
30808,6643,teste
30809,6657,validacao
30810,6946,teste
30811,9230,teste
30812,6444,treino
30813,6364,treino
30814,6257,treino
30815,6763,treino
30816,7138,teste
30817,6613,teste
30818,6709,validacao
30819,7078,teste
30820,6564,validacao
30821,6326,treino
30822,8411,treino
30823,7977,treino
30824,6957,treino
30825,6197,treino
30826,6949,treino
30827,6128,treino
30828,6538,treino
30829,6367,teste
30830,6176,treino
30831,6399,teste
30832,6502,treino
30833,6273,treino
30834,6641,treino
30835,6610,treino
30836,6658,validacao
30837,6954,treino
30838,6318,teste
30839,6390,treino
30840,6648,treino
30841,6874,teste
30842,7108,treino
30843,6346,treino
30844,6246,validacao
30845,6157,treino
30846,6791,teste
30847,6938,treino
30848,6350,treino
30849,6784,treino
30850,7102,validacao
30851,6517,teste
30852,7074,treino
30853,6757,validacao
30854,6604,treino
30855,6151,treino
30856,6133,treino
30857,7126,teste
30858,8781,teste
30859,6618,treino
30860,6550,treino
30861,8834,treino
30862,8842,validacao
30863,7483,treino
30864,7366,treino
30865,7948,treino
30866,7593,teste
30867,8476,treino
30868,6715,teste
30869,7137,teste
30870,6866,treino
30871,6291,validacao
30872,6912,treino
30873,6567,treino
30874,7104,treino
30875,7459,treino
30876,8962,treino
30877,7263,treino
30878,6158,treino
30879,8291,treino
30880,6777,treino
30881,8974,treino
30882,6630,treino
30883,7970,teste
30884,7434,treino
30885,6286,treino
30886,7272,validacao
30887,6915,teste
30888,8594,validacao
30889,8221,treino
30890,7756,treino
30891,7244,treino
30892,6142,treino
30893,7439,validacao
30894,6428,treino
30895,9184,validacao
30896,7643,treino
30897,8779,treino
30898,9028,treino
30899,7045,treino
30900,6838,treino
30901,8666,treino
30902,8787,validacao
30903,8918,treino
30904,7582,teste
30905,7306,teste
30906,6233,treino
30907,9219,treino
30908,6704,treino
30909,8490,teste
30910,8048,validacao
30911,7090,treino
30912,7377,treino
30913,8098,teste
30914,6819,treino
30915,7364,validacao
30916,7952,treino
30917,8859,teste
30918,8117,validacao
30919,6725,treino
30920,7239,treino
30921,7599,treino
30922,8738,treino
30923,7044,treino
30924,6491,validacao
30925,6753,teste
30926,7869,treino
30927,9227,treino
30928,7213,treino
30929,9121,treino
30930,8617,treino
30931,9188,treino
30932,6883,teste
30933,8346,treino
30934,7018,teste
30935,7484,treino
30936,8800,treino
30937,7794,treino
30938,6169,validacao
30939,8884,teste
30940,6482,validacao
30941,7991,treino
30942,8702,validacao
30943,8437,teste
30944,9130,teste
30945,7961,treino
30946,7967,treino
30947,7498,treino
30948,6329,treino
30949,6987,validacao
30950,8776,validacao
30951,10166,treino
30952,6800,treino
30953,6737,treino
30954,6254,treino
30955,7648,treino
30956,8654,treino
30957,7833,treino
30958,7676,treino
30959,8579,treino
30960,6607,treino
30961,8332,treino
30962,6403,treino
30963,8739,treino
30964,9104,treino
30965,7625,treino
30966,8568,validacao
30967,7825,treino
30968,7471,validacao
30969,6519,validacao
30970,8366,treino
30971,6539,treino
30972,8560,treino
30973,7745,treino
30974,6160,treino
30975,7543,treino
30976,7693,treino
30977,7729,treino
30978,6839,validacao
30979,8337,validacao
30980,7449,validacao
30981,7570,treino
30982,9217,treino
30983,7629,treino
30984,7731,treino
30985,8097,validacao
30986,8552,treino
30987,6815,treino
30988,8257,treino
30989,7822,treino
30990,6306,treino
30991,8306,treino
30992,7595,treino
30993,7125,validacao
30994,8857,treino
30995,7608,validacao
30996,8168,treino
30997,6898,treino
30998,6692,treino
30999,7225,treino
31000,6455,treino
31001,7936,teste
31002,6210,treino
31003,7576,treino
31004,8716,treino
31005,8707,validacao
31006,6622,teste
31007,8004,treino
31008,7170,treino
31009,8911,teste
31010,9238,teste
31011,7100,treino
31012,6624,teste
31013,8685,treino
31014,10066,treino
31015,8965,teste
31016,8747,treino
31017,10308,treino
31018,10632,validacao
31019,7684,treino
31020,7760,treino
31021,8227,treino
31022,10872,treino
31023,6212,treino
31024,9214,teste
31025,8284,treino
31026,8007,treino
31027,6324,teste
31028,11705,treino
31029,7024,treino
31030,9943,teste
31031,8898,validacao
31032,7164,treino
31033,6111,treino
31034,6992,validacao
31035,9956,validacao
31036,7502,teste
31037,8956,treino
31038,7908,teste
31039,11332,validacao
31040,8571,treino
31041,6602,treino
31042,8574,treino
31043,9360,treino
31044,10334,validacao
31045,7230,treino
31046,6277,validacao
31047,9858,treino
31048,9598,treino
31049,9547,teste
31050,8541,treino
31051,8199,validacao
31052,8905,validacao
31053,8124,treino
31054,9323,teste
31055,6917,treino
31056,7027,treino
31057,9235,teste
31058,7093,treino
31059,9462,teste
31060,6309,validacao
31061,7033,treino
31062,8487,treino
31063,11730,treino
31064,10496,treino
31065,10246,teste
31066,10563,validacao
31067,10793,treino
31068,9272,treino
31069,9194,teste
31070,8073,treino
31071,9263,treino
31072,8632,treino
31073,7557,teste
31074,7514,treino
31075,7450,treino
31076,8369,treino
31077,7605,validacao
31078,6385,teste
31079,8601,treino
31080,12012,teste
31081,7984,treino
31082,11888,teste
31083,6141,treino
31084,7566,teste
31085,11593,treino
31086,6718,teste
31087,11116,validacao
31088,6877,treino
31089,10499,treino
31090,9166,validacao
31091,11929,treino
31092,8816,teste
31093,11035,treino
31094,7666,treino
31095,11725,treino
31096,8531,treino
31097,7716,treino
31098,9172,treino
31099,6726,treino
31100,11572,teste
31101,7053,treino
31102,6415,teste
31103,10603,validacao
31104,8270,teste
31105,10379,validacao
31106,11417,validacao
31107,10886,teste
31108,9144,treino
31109,7135,treino
31110,8010,validacao
31111,10097,treino
31112,9721,treino
31113,6303,treino
31114,7030,validacao
31115,7501,treino
31116,8671,treino
31117,6943,treino
31118,9011,teste
31119,7190,treino
31120,6240,treino
31121,8413,teste
31122,8822,treino
31123,8309,treino
31124,7035,validacao
31125,8980,treino
31126,11359,treino
31127,10979,treino
31128,11739,validacao
31129,6953,treino
31130,11748,treino
31131,11991,treino
31132,12025,validacao
31133,10573,validacao
31134,7203,validacao
31135,8649,treino
31136,6741,treino
31137,10475,treino
31138,8682,treino
31139,11365,treino
31140,8889,validacao
31141,11102,treino
31142,6779,teste
31143,9409,validacao
31144,7309,treino
31145,6798,treino
31146,8208,treino
31147,6137,teste
31148,6137,teste
31149,9559,treino
31150,10371,treino
31151,9278,validacao
31152,8302,treino
31153,10081,treino
31154,8550,teste
31155,7560,treino
31156,7329,treino
31157,7417,teste
31158,7652,validacao
31159,10382,treino
31160,7817,treino
31161,10124,treino
31162,11799,treino
31163,9698,validacao
31164,7128,treino
31165,8231,treino
31166,6426,treino
31167,7110,validacao
31168,8515,treino
31169,6695,teste
31170,7556,validacao
31171,9354,treino
31172,8334,treino
31173,9500,treino
31174,7318,teste
31175,9087,validacao
31176,6820,teste
31177,8264,treino
31178,8017,treino
31179,6100,validacao
31180,9254,treino
31181,11821,treino
31182,10360,treino
31183,9528,validacao
31184,10103,treino
31185,7388,treino
31186,9366,treino
31187,10816,treino
31188,7148,validacao
31189,7574,validacao
31190,6984,treino
31191,7096,teste
31192,6976,validacao
31193,11124,treino
31194,9136,treino
31195,9124,validacao
31196,6374,treino
31197,12076,treino
31198,6470,treino
31199,9019,treino
31200,8814,treino
31201,6360,teste
31202,11293,teste
31203,11553,treino
31204,8445,treino
31205,6640,validacao
31206,7774,validacao
31207,8775,treino
31208,10482,treino
31209,12113,teste
31210,7130,treino
31211,10925,treino
31212,8439,validacao
31213,6339,treino
31214,10659,validacao
31215,6166,validacao
31216,9790,treino
31217,8510,treino
31218,11022,teste
31219,10649,treino
31220,7186,treino
31221,7072,treino
31222,9039,treino
31223,7641,treino
31224,6964,treino
31225,10085,validacao
31226,8377,treino
31227,10583,teste
31228,6649,teste
31229,10674,treino
31230,11015,teste
31231,10191,teste
31232,12042,teste
31233,6559,treino
31234,9947,treino
31235,11767,treino
31236,8806,treino
31237,11614,treino
31238,9660,treino
31239,10450,validacao
31240,10868,treino
31241,7200,teste
31242,9952,validacao
31243,6486,treino
31244,8151,teste
31245,7714,validacao
31246,8629,treino
31247,8484,teste
31248,6214,teste
31249,7687,treino
31250,8340,teste
31251,9033,treino
31252,7885,validacao
31253,7261,treino
31254,10051,validacao
31255,7277,treino
31256,11158,treino
31257,12051,treino
31258,11650,teste
31259,11223,teste
31260,7361,validacao
31261,10283,teste
31262,11241,treino
31263,8877,validacao
31264,9630,treino
31265,9317,treino
31266,11662,treino
31267,8188,validacao
31268,8604,teste
31269,8532,teste
31270,6343,treino
31271,6275,validacao
31272,10637,teste
31273,7645,treino
31274,9208,treino
31275,7722,teste
31276,8447,treino
31277,8461,treino
31278,8584,treino
31279,6280,validacao
31280,6767,validacao
31281,8349,treino
31282,11773,treino
31283,8118,validacao
31284,7457,teste
31285,6590,treino
31286,8254,treino
31287,10059,treino
31288,10519,treino
31289,7964,treino
31290,11536,validacao
31291,9048,treino
31292,11259,validacao
31293,11555,teste
31294,7082,treino
31295,7316,treino
31296,11513,treino
31297,11078,teste
31298,7016,treino
31299,6573,teste
31300,7411,treino
31301,8453,treino
31302,8790,treino
31303,6357,teste
31304,7384,treino
31305,9346,validacao
31306,11622,treino
31307,8899,treino
31308,9631,teste
31309,8711,validacao
31310,9403,treino
31311,7176,treino
31312,6542,teste
31313,7902,teste
31314,6895,treino
31315,8473,teste
31316,8663,teste
31317,6354,treino
31318,7179,treino
31319,6858,treino
31320,8224,treino
31321,11514,treino
31322,10540,treino
31323,6636,treino
31324,8803,treino
31325,8479,treino
31326,10346,treino
31327,11617,treino
31328,8548,teste
31329,11636,treino
31330,9466,treino
31331,8112,treino
31332,9081,treino
31333,7859,teste
31334,7548,teste
31335,7492,treino
31336,11786,treino
31337,8238,teste
31338,7476,teste
31339,12125,treino
31340,9007,treino
31341,10237,treino
31342,10320,validacao
31343,8267,treino
31344,10155,treino
31345,10594,teste
31346,11287,treino
31347,7357,validacao
31348,6250,treino
31349,10173,treino
31350,9665,treino
31351,7403,treino
31352,7987,treino
31353,9113,treino
31354,7060,treino
31355,9241,validacao
31356,6991,validacao
31357,6147,validacao
31358,6584,treino
31359,11199,treino
31360,8688,treino
31361,12005,treino
31362,6407,treino
31363,11127,treino
31364,11518,teste
31365,8135,treino
31366,9357,teste
31367,10559,teste
31368,11309,teste
31369,8952,teste
31370,6437,treino
31371,8456,treino
31372,9840,treino
31373,11320,treino
31374,7901,teste
31375,11813,treino
31376,8330,teste
31377,9689,validacao
31378,12296,treino
31379,10719,treino
31380,8323,treino
31381,12167,teste
31382,10808,treino
31383,10231,treino
31384,12228,treino
31385,7668,teste
31386,12244,validacao
31387,10212,treino
31388,8885,treino
31389,11215,validacao
31390,8770,teste
31391,8035,validacao
31392,6454,treino
31393,7914,treino
31394,7250,treino
31395,7039,treino
31396,6383,treino
31397,11839,treino
31398,8205,teste
31399,7253,validacao
31400,9096,teste
31401,9901,validacao
31402,9442,validacao
31403,6679,treino
31404,10729,treino
31405,6851,treino
31406,9963,treino
31407,12027,teste
31408,12269,treino
31409,10779,validacao
31410,6513,treino
31411,6581,treino
31412,10020,validacao
31413,10105,treino
31414,9590,treino
31415,8102,treino
31416,9059,treino
31417,11105,validacao
31418,7064,treino
31419,10074,treino
31420,9351,treino
31421,6481,treino
31422,9499,treino
31423,8881,treino
31424,6510,treino
31425,9280,validacao
31426,9078,teste
31427,7427,treino
31428,9857,treino
31429,6182,teste
31430,6666,treino
31431,7757,validacao
31432,12147,validacao
31433,7782,treino
31434,6873,validacao
31435,10867,treino
31436,6549,treino
31437,11453,treino
31438,8046,teste
31439,8728,treino
31440,7611,treino
31441,8867,treino
31442,9441,treino
31443,9457,treino
31444,7538,validacao
31445,8376,treino
31446,7808,treino
31447,12035,treino
31448,10513,teste
31449,7255,treino
31450,9481,treino
31451,7394,treino
31452,11829,treino
31453,12087,treino
31454,7145,treino
31455,7423,treino
31456,9053,treino
31457,7636,treino
31458,10957,validacao
31459,10985,treino
31460,8797,teste
31461,9197,treino
31462,11694,validacao
31463,7924,validacao
31464,6660,treino
31465,7347,treino
31466,10756,treino
31467,10735,treino
31468,8351,treino
31469,8265,treino
31470,10431,treino
31471,7205,treino
31472,7905,treino
31473,7291,treino
31474,9707,teste
31475,8060,treino
31476,9314,validacao
31477,9177,treino
31478,8483,treino
31479,9977,teste
31480,10658,treino
31481,8255,treino
31482,6445,treino
31483,8939,teste
31484,11012,treino
31485,11010,treino
31486,6297,treino
31487,11350,treino
31488,10794,treino
31489,8423,treino
31490,8185,treino
31491,12000,treino
31492,6925,treino
31493,8343,validacao
31494,9446,treino
31495,8762,treino
31496,7529,treino
31497,11048,teste
31498,10111,validacao
31499,8945,teste
31500,8985,treino
31501,11478,treino
31502,9767,treino
31503,10509,treino
31504,9118,validacao
31505,8133,treino
31506,10224,validacao
31507,7531,treino
31508,11757,treino
31509,10403,treino
31510,8383,treino
31511,6977,treino
31512,6302,teste
31513,8106,treino
31514,6435,treino
31515,10183,validacao
31516,7805,teste
31517,11435,validacao
31518,6935,treino
31519,9253,treino
31520,11306,treino
31521,8931,treino
31522,8669,treino
31523,8809,treino
31524,10486,treino
31525,10050,treino
31526,8792,treino
31527,10748,teste
31528,7828,treino
31529,9099,treino
31530,7066,treino
31531,6397,treino
31532,7473,treino
31533,10261,treino
31534,10157,treino
31535,9878,teste
31536,9417,treino
31537,9170,treino
31538,6619,treino
31539,12262,treino
31540,10463,validacao
31541,9487,treino
31542,8512,treino
31543,8694,treino
31544,11709,validacao
31545,12232,teste
31546,9490,treino
31547,9363,treino
31548,7487,teste
31549,11138,teste
31550,7098,treino
31551,8874,teste
31552,6940,treino
31553,7834,treino
31554,8300,validacao
31555,11201,treino
31556,7839,treino
31557,8303,validacao
31558,9399,validacao
31559,9434,treino
31560,6217,validacao
31561,6828,treino
31562,7871,validacao
31563,9786,treino
31564,10961,treino
31565,9415,treino
31566,10045,teste
31567,7929,teste
31568,7635,teste
31569,8555,teste
31570,10688,validacao
31571,7888,treino
31572,8357,teste
31573,8577,treino
31574,11771,treino
31575,9045,treino
31576,6311,treino
31577,9191,treino
31578,9474,treino
31579,6120,validacao
31580,10525,teste
31581,6721,validacao
31582,9833,treino
31583,8557,treino
31584,9517,teste
31585,7221,treino
31586,6759,validacao
31587,10364,treino
31588,9056,validacao
31589,8363,treino
31590,8162,teste
31591,7880,treino
31592,11672,treino
31593,9978,treino
31594,9825,treino
31595,6371,treino
31596,8653,treino
31597,6124,treino
31598,12071,treino
31599,7023,treino
31600,6183,validacao
31601,10613,validacao
31602,7820,teste
31603,6663,treino
31604,8971,validacao
31605,9677,teste
31606,6294,teste
31607,7207,treino
31608,10763,treino
31609,7335,validacao
31610,12184,treino
31611,6792,treino
31612,9431,teste
31613,8314,validacao
31614,8902,teste
31615,8679,treino
31616,9119,treino
31617,7282,treino
31618,9075,treino
31619,11272,teste
31620,9068,treino
31621,11701,treino
31622,7437,teste
31623,6699,treino
31624,10256,treino
31625,8795,treino
31626,9967,teste
31627,8126,treino
31628,6263,validacao
31629,8677,validacao
31630,11139,treino
31631,10709,treino
31632,8360,treino
31633,7892,teste
31634,11484,treino
31635,9606,treino
31636,9133,treino
31637,8055,teste
31638,10931,treino
31639,11589,teste
31640,11082,treino
31641,6507,treino
31642,8509,treino
31643,8954,treino
31644,12199,validacao
31645,7718,treino
31646,6225,treino
31647,11541,validacao
31648,6557,teste
31649,11181,treino
31650,6734,treino
31651,6192,treino
31652,9684,treino
31653,10838,treino
31654,9534,treino
31655,9150,validacao
31656,10422,validacao
31657,9846,validacao
31658,9505,teste
31659,6186,treino
31660,8052,validacao
31661,7697,treino
31662,10332,treino
31663,10901,teste
31664,7181,teste
31665,6341,treino
31666,6498,treino
31667,9618,treino
31668,12299,treino
31669,9428,treino
31670,9205,treino
31671,6770,treino
31672,10567,teste
31673,9202,treino
31674,7301,treino
31675,11207,teste
31676,7132,teste
31677,11994,treino
31678,7659,treino
31679,11977,treino
31680,6226,validacao
31681,10928,treino
31682,11337,treino
31683,8498,validacao
31684,7421,treino
31685,6153,treino
31686,7710,teste
31687,8661,teste
31688,11030,teste
31689,6803,treino
31690,6775,treino
31691,8943,teste
31692,10947,validacao
31693,7080,treino
31694,6206,treino
31695,6237,teste
31696,12237,treino
31697,8826,teste
31698,12326,treino
31699,12252,treino
31700,8640,treino
31701,11391,treino
31702,8950,treino
31703,8397,treino
31704,9648,treino
31705,6748,treino
31706,10713,treino
31707,11974,treino
31708,10939,validacao
31709,8028,treino
31710,6203,treino
31711,11092,treino
31712,6670,treino
31713,8157,validacao
31714,8583,validacao
31715,6674,teste
31716,11413,teste
31717,11915,treino
31718,7297,treino
31719,6995,treino
31720,10093,treino
31721,7407,treino
31722,6633,validacao
31723,8129,treino
31724,8029,teste
31725,8396,treino
31726,12196,treino
31727,8472,treino
31728,9520,treino
31729,7341,treino
31730,10919,validacao
31731,7294,treino
31732,7068,validacao
31733,8354,treino
31734,12121,treino
31735,11802,teste
31736,11375,validacao
31737,7398,treino
31738,10440,teste
31739,9798,treino
31740,11039,treino
31741,7354,treino
31742,7142,treino
31743,11640,treino
31744,9026,treino
31745,7311,treino
31746,8852,treino
31747,8077,treino
31748,7768,teste
31749,8279,validacao
31750,9886,treino
31751,9437,treino
31752,6909,validacao
31753,11896,treino
31754,8090,treino
31755,10754,treino
31756,6781,teste
31757,7431,treino
31758,11996,treino
31759,9473,treino
31760,7596,teste
31761,11267,treino
31762,7777,treino
31763,6687,treino
31764,8892,validacao
31765,9989,teste
31766,10876,treino
31767,10228,treino
31768,10028,teste
31769,6745,treino
31770,8467,treino
31771,11299,validacao
31772,8198,teste
31773,6260,treino
31774,8919,treino
31775,8326,treino
31776,8122,validacao
31777,7789,treino
31778,8216,validacao
31779,6712,validacao
31780,6221,treino
31781,11098,treino
31782,9174,treino
31783,7865,teste
31784,8084,treino
31785,6421,treino
31786,8061,treino
31787,6177,treino
31788,7006,treino
31789,6930,teste
31790,9716,teste
31791,10011,treino
31792,9562,treino
31793,6743,treino
31794,6860,treino
31795,9491,treino
31796,6463,validacao
31797,9808,validacao
31798,11042,treino
31799,10664,teste
31800,7797,treino
31801,7738,validacao
31802,12173,validacao
31803,9016,teste
31804,10944,treino
31805,9090,treino
31806,7021,treino
31807,10470,treino
31808,6334,treino
31809,9294,treino
31810,10258,treino
31811,9881,teste
31812,7266,validacao
31813,9413,treino
31814,8523,treino
31815,7428,teste
31816,6527,treino
31817,10374,validacao
31818,9866,validacao
31819,9381,validacao
31820,11587,treino
31821,11712,validacao
31822,9229,treino
31823,12176,teste
31824,7763,treino
31825,10952,treino
31826,7511,validacao
31827,8241,treino
31828,8909,treino
31829,11500,treino
31830,11283,treino
31831,7268,treino
31832,8527,treino
31833,9514,treino
31834,12021,treino
31835,6351,validacao
31836,11317,treino
31837,10455,teste
31838,11409,treino
31839,9286,treino
31840,9390,validacao
31841,6596,validacao
31842,11189,treino
31843,7463,treino
31844,8203,treino
31845,12214,treino
31846,8018,treino
31847,10577,teste
31848,7933,validacao
31849,8194,validacao
31850,8994,treino
31851,11262,treino
31852,7510,treino
31853,7919,treino
31854,7539,treino
31855,8620,treino
31856,9510,treino
31857,12055,treino
31858,9779,treino
31859,6677,treino
31860,6097,treino
31861,6268,treino
31862,7748,validacao
31863,8922,teste
31864,9349,treino
31865,9764,treino
31866,9941,teste
31867,7442,validacao
31868,6466,teste
31869,8829,treino
31870,11951,treino
31871,7323,validacao
31872,7004,treino
31873,10392,teste
31874,9818,treino
31875,7981,teste
31876,9400,treino
31877,6554,validacao
31878,6892,validacao
31879,6521,treino
31880,6253,treino
31881,10524,validacao
31882,8166,treino
31883,9307,treino
31884,10820,teste
31885,7657,treino
31886,6795,treino
31887,6849,treino
31888,8064,treino
31889,9906,treino
31890,7747,treino
31891,6544,treino
31892,6461,treino
31893,9776,treino
31894,11503,treino
31895,6889,treino
31896,6969,treino
31897,8389,treino
31898,9922,validacao
31899,9427,validacao
31900,7174,teste
31901,9916,validacao
31902,7289,validacao
31903,6832,treino
31904,7619,validacao
31905,9050,treino
31906,8970,validacao
31907,8318,treino
31908,6441,teste
31909,6562,treino
31910,10860,treino
31911,10386,treino
31912,10973,treino
31913,8847,treino
31914,11400,treino
31915,6189,treino
31916,8001,validacao
31917,9594,teste
31918,11179,teste
31919,7118,treino
31920,10646,treino
31921,11379,validacao
31922,10389,treino
31923,6418,teste
31924,11330,treino
31925,7535,validacao
31926,7708,treino
31927,7447,treino
31928,8149,treino
31929,7391,treino
31930,8719,teste
31931,10955,treino
31932,11076,treino
31933,11658,treino
31934,9609,validacao
31935,6530,treino
31936,6848,treino
31937,8421,treino
31938,9985,treino
31939,11716,treino
31940,6906,treino
31941,10671,treino
31942,8248,treino
31943,8292,treino
31944,8936,treino
31945,11835,treino
31946,11635,validacao
31947,9062,treino
31948,7489,treino
31949,10012,treino
31950,6881,treino
31951,10162,treino
31952,10830,treino
31953,7009,treino
31954,9326,teste
31955,8626,treino
31956,6431,treino
31957,6593,treino
31958,10617,treino
31959,7062,treino
31960,7844,treino
31961,10824,treino
31962,11209,treino
31963,9378,treino
31964,7851,treino
31965,9032,treino
31966,7874,treino
31967,8371,treino
31968,6202,teste
31969,9781,validacao
31970,6854,teste
31971,8595,validacao
31972,12353,teste
31973,8450,treino
31974,8868,treino
31975,8519,treino
31976,9792,treino
31977,7220,teste
31978,12066,treino
31979,9073,teste
31980,11911,treino
31981,6960,validacao
31982,12329,treino
31983,6476,treino
31984,11473,treino
31985,9513,teste
31986,10130,treino
31987,8691,treino
31988,10356,validacao
31989,7773,treino
31990,9579,validacao
31991,9014,treino
31992,10826,teste
31993,6108,treino
31994,6524,treino
31995,7527,treino
31996,6448,treino
31997,8417,treino
31998,10175,treino
31999,9455,teste
32000,10580,teste
32001,6368,treino
32002,9042,treino
32003,9139,treino
32004,8082,treino
32005,8406,validacao
32006,9274,treino
32007,7047,treino
32008,9640,treino
32009,9973,treino
32010,11066,treino
32011,10530,treino
32012,6243,treino
32013,10736,treino
32014,11884,teste
32015,7337,teste
32016,10890,treino
32017,9744,teste
32018,8464,treino
32019,7517,treino
32020,7580,treino
32021,10416,treino
32022,12094,teste
32023,7140,treino
32024,7505,teste
32025,8426,treino
32026,9672,treino
32027,10084,treino
32028,7783,teste
32029,8171,treino
32030,12290,teste
32031,10205,teste
32032,9703,treino
32033,6629,treino
32034,11559,treino
32035,12333,treino
32036,7193,treino
32037,8174,validacao
32038,9298,treino
32039,9084,teste
32040,11313,validacao
32041,9649,treino
32042,10118,teste
32043,7157,treino
32044,6266,teste
32045,7854,validacao
32046,6689,treino
32047,7479,treino
32048,7257,treino
32049,11720,validacao
32050,9141,treino
32051,8726,treino
32052,9897,validacao
32053,11907,treino
32054,7247,treino
32055,11303,teste
32056,8606,treino
32057,7728,treino
32058,10303,validacao
32059,8934,treino
32060,11753,validacao
32061,9250,teste
32062,7848,treino
32063,9482,treino
32064,10667,teste
32065,10144,treino
32066,11325,treino
32067,11602,treino
32068,7740,treino
32069,7011,teste
32070,9912,validacao
32071,11762,validacao
32072,7070,treino
32073,9065,treino
32074,8743,treino
32075,11780,treino
32076,11405,treino
32077,7122,treino
32078,8049,treino
32079,7028,teste
32080,8708,treino
32081,11154,teste
32082,9245,treino
32083,7216,treino
32084,10836,treino
32085,11051,teste
32086,9755,treino
32087,7091,treino
32088,7162,treino
32089,6290,validacao
32090,10544,treino
32091,6534,validacao
32092,8744,treino
32093,9167,treino
32094,7803,teste
32095,7917,validacao
32096,8459,treino
32097,6675,validacao
32098,8038,treino
32099,11109,treino
32100,8996,validacao
32101,8182,treino
32102,12337,teste
32103,12382,treino
32104,8928,treino
32105,8232,treino
32106,12311,validacao
32107,11987,teste
32108,6903,treino
32109,10209,treino
32110,9392,teste
32111,6331,teste
32112,9644,treino
32113,7369,treino
32114,11426,treino
32115,7572,treino
32116,9477,treino
32117,7698,teste
32118,10312,treino
32119,6888,validacao
32120,8565,treino
32121,11654,treino
32122,10588,validacao
32123,8433,treino
32124,7551,treino
32125,10026,treino
32126,7119,treino
32127,8831,validacao
32128,7930,treino
32129,10918,treino
32130,7864,treino
32131,9585,treino
32132,10805,validacao
32133,6920,validacao
32134,8250,treino
32135,8032,teste
32136,9163,treino
32137,6869,treino
32138,6900,validacao
32139,8013,treino
32140,12105,treino
32141,6729,teste
32142,8587,treino
32143,9747,treino
32144,7326,treino
32145,9468,treino
32146,11352,teste
32147,7153,teste
32148,7545,treino
32149,10398,treino
32150,8615,treino
32151,6228,treino
32152,6505,treino
32153,7113,treino
32154,11631,treino
32155,8103,treino
32156,8925,teste
32157,8992,treino
32158,11150,validacao
32159,11832,treino
32160,8391,treino
32161,12349,treino
32162,12377,teste
32163,12358,validacao
32164,10115,treino
32165,9740,treino
32166,7998,treino
32167,9110,validacao
32168,7042,treino
32169,7161,treino
32170,6320,teste
32171,6582,treino
32172,8862,treino
32173,7167,validacao
32174,11220,treino
32175,11882,treino
32176,7320,teste
32177,10539,teste
32178,6493,treino
32179,7227,treino
32180,9331,teste
32181,8399,teste
32182,11428,treino
32183,9300,treino
32184,11247,treino
32185,8154,teste
32186,6765,treino
32187,6834,teste
32188,9036,treino
32189,8041,validacao
32190,7150,treino
32191,7115,treino
32192,9023,validacao
32193,8635,validacao
32194,7701,validacao
32195,8699,treino
32196,6731,treino
32197,8315,treino
32198,7087,treino
32199,7467,treino
32200,11467,treino
32201,8273,treino
32202,6459,treino
32203,7816,treino
32204,6684,treino
32205,9107,teste
32206,11809,validacao
32207,9623,teste
32208,7623,treino
32209,7896,treino
32210,9388,treino
32211,8493,validacao
32212,11185,treino
32213,10851,treino
32214,8024,validacao
32215,7343,treino
32216,10861,treino
32217,6388,teste
32218,6450,treino
32219,8611,validacao
32220,12064,treino
32221,12158,treino
32222,6842,teste
32223,11019,treino
32224,8982,teste
32225,8496,teste
32226,12271,treino
32227,8078,treino
32228,9871,treino
32229,8427,treino
32230,11356,teste
32231,9004,treino
32232,9160,teste
32233,11878,treino
32234,11676,teste
32235,9635,treino
32236,7522,treino
32237,8295,treino
32238,9158,teste
32239,7670,treino
32240,6822,treino
32241,11147,teste
32242,11121,treino
32243,11966,teste
32244,11743,teste
32245,7673,treino
32246,9575,validacao
32247,9612,validacao
32248,6707,treino
32249,11579,treino
32250,9374,treino
32251,6926,validacao
32252,9185,treino
32253,9008,treino
32254,9101,treino
32255,6501,treino
32256,7884,treino
32257,6809,treino
32258,9835,validacao
32259,11459,treino
32260,10970,validacao
32261,9997,treino
32262,6751,treino
32263,6381,treino
32264,6652,validacao
32265,10721,validacao
32266,10187,treino
32267,7052,treino
32268,7734,validacao
32269,7792,treino
32270,8768,treino
32271,10895,treino
32272,7371,treino
32273,6701,treino
32274,7993,treino
32275,10625,treino
32276,10904,treino
32277,8191,treino
32278,10846,treino
32279,8544,treino
32280,6424,teste
32281,6806,validacao
32282,6967,teste
32283,8087,treino
32284,10768,teste
32285,7690,treino
32286,12342,treino
32287,12202,treino
32288,11455,treino
32289,9893,treino
32290,9201,teste
32291,6998,teste
32292,11057,teste
32293,6863,treino
32294,11688,treino
32295,11251,treino
32296,6473,treino
32297,9553,validacao
32298,12286,treino
32299,11421,treino
32300,6404,treino
32301,10597,teste
32302,9531,teste
32303,7057,treino
32304,11274,treino
32305,9320,treino
32306,6576,validacao
32307,9070,treino
32308,7416,treino
32309,11254,treino
32310,10491,validacao
32311,7617,treino
32312,6932,treino
32313,7283,teste
32314,10786,validacao
32315,8282,validacao
32316,8092,treino
32317,11827,treino
32318,11493,teste
32319,7846,treino
32320,12154,validacao
32321,7519,teste
32322,6787,validacao
32323,12058,validacao
32324,7400,treino
32325,12218,treino
32326,6377,treino
32327,9758,validacao
32328,9147,treino
32329,6196,treino
32330,7631,validacao
32331,11235,treino
32332,9821,treino
32333,8138,teste
32334,8068,treino
32335,7049,teste
32336,11782,treino
32337,8504,teste
32338,10271,treino
32339,8277,treino
32340,9091,validacao
32341,6412,treino
32342,8287,treino
32343,6845,treino
32344,8220,treino
32345,9000,treino
32346,8143,validacao
32347,9801,validacao
32348,9292,validacao
32349,12321,validacao
32350,11498,teste
32351,8765,treino
32352,11432,treino
32353,8758,validacao
32354,10436,teste
32355,8071,treino
32356,8380,validacao
32357,9656,treino
32358,6314,treino
32359,11522,teste
32360,9994,treino
32361,11900,teste
32362,11795,treino
32363,8648,treino
32364,6234,treino
32365,7085,teste
32366,8872,validacao
32367,9828,treino
32368,8214,teste
32369,8177,teste
32370,12081,treino
32371,7724,teste
32372,11930,treino
32373,7802,teste
32374,7233,treino
32375,11402,treino
32376,11944,treino
32377,12159,treino
32378,12368,validacao
32379,11873,treino
32380,8854,treino
32381,11175,teste
32382,8755,treino
32383,6971,treino
32384,7002,treino
32385,8320,treino
32386,9700,teste
32387,10127,treino
32388,9864,treino
32389,9420,teste
32390,10705,treino
32391,10452,treino
32392,8722,treino
32393,8245,validacao
32394,9155,treino
32395,6572,treino
32396,7380,treino
32397,9180,treino
32398,9669,treino
32399,7683,treino
32400,10091,teste
32401,8696,teste
32402,10056,treino
32403,9928,treino
32404,8731,teste
32405,11804,teste
32406,7304,teste
32407,10991,treino
32408,12135,treino
32409,7187,treino
32410,7922,treino
32411,12097,teste
32412,8407,teste
32413,10997,treino
32414,8235,treino
32415,7236,treino
32416,9258,teste
32417,7786,treino
32418,7585,treino
32419,11562,treino
32420,7287,treino
32421,9537,treino
32422,10480,treino
32423,7704,treino
32424,8735,validacao
32425,8570,validacao
32426,8443,treino
32427,7752,teste
32428,9727,treino
32429,8643,treino
32430,9303,treino
32431,8675,treino
32432,10039,teste
32433,8612,treino
32434,12144,treino
32435,11852,treino
32436,8599,treino
32437,8840,treino
32438,11027,validacao
32439,10222,treino
32440,8818,treino
32441,9847,treino
32442,8159,treino
32443,9309,treino
32444,9288,treino
32445,10108,treino
32446,7972,treino
32447,11367,teste
32448,10803,treino
32449,9127,validacao
32450,8385,treino
32451,11244,validacao
32452,7242,validacao
32453,11072,treino
32454,8784,treino
32455,12140,treino
32456,7766,treino
32457,10341,teste
32458,8850,treino
32459,10459,treino
32460,8145,treino
32461,8914,teste
32462,11548,treino
32463,10417,teste
32464,8715,treino
32465,11862,treino
32466,11938,treino
32467,8637,treino
32468,10620,teste
32469,10812,treino
32470,7615,teste
32471,9924,treino
32472,7812,treino
32473,7662,teste
32474,7950,treino
32475,12010,treino
32476,10145,treino
32477,12275,validacao
32478,10684,validacao
32479,11471,treino
32480,7389,validacao
32481,12284,validacao
32482,10762,treino
32483,7453,treino
32484,8211,treino
32485,12016,treino
32486,9911,treino
32487,11064,treino
32488,9211,validacao
32489,10134,validacao
32490,9992,teste
32491,9581,validacao
32492,7496,treino
32493,7858,teste
32494,11700,treino
32495,7653,validacao
32496,7588,validacao
32497,7375,treino
32498,7076,treino
32499,8977,treino
32500,11962,validacao
32501,11576,treino
32502,10002,treino
32503,6825,treino
32504,9503,treino
32505,7210,treino
32506,9813,treino
32507,9769,treino
32508,8590,treino
32509,10242,validacao
32510,7941,treino
32511,11566,treino
32512,11481,treino
32513,9804,treino
32514,12179,validacao
32515,11647,teste
32516,11218,treino
32517,9554,validacao
32518,10678,validacao
32519,7196,treino
32520,8990,treino
32521,10692,treino
32522,11382,treino
32523,9448,validacao
32524,7979,validacao
32525,8812,treino
32526,6393,treino
32527,7838,validacao
32528,7878,treino
32529,6413,validacao
32530,10726,validacao
32531,11232,treino
32532,7959,validacao
32533,11867,teste
32534,9095,teste
32535,10394,treino
32536,12264,treino
32537,8432,validacao
32538,10550,teste
32539,9932,treino
32540,7997,treino
32541,11531,treino
32542,12378,treino
32543,7410,teste
32544,10005,treino
32545,8415,treino
32546,8524,treino
32547,7911,treino
32548,7349,treino
32549,8754,validacao
32550,7603,teste
32551,7333,teste
32552,7352,treino
32553,9852,treino
32554,10560,validacao
32555,11465,teste
32556,10472,treino
32557,10292,treino
32558,11892,treino
32559,8402,validacao
32560,8960,treino
32561,9383,teste
32562,11843,treino
32563,11532,validacao
32564,10409,treino
32565,8838,treino
32566,8894,treino
32567,9370,teste
32568,11605,treino
32569,8140,treino
32570,9396,teste
32571,10215,treino
32572,8659,treino
32573,7945,teste
32574,10287,validacao
32575,10935,treino
32576,12102,treino
32577,8538,treino
32578,11959,teste
32579,9343,validacao
32580,11166,validacao
32581,12080,treino
32582,11131,treino
32583,12221,treino
32584,11734,treino
32585,11054,treino
32586,8751,treino
32587,10063,treino
32588,8023,treino
32589,11946,validacao
32590,7274,treino
32591,9693,treino
32592,10179,teste
32593,8623,validacao
32594,11508,treino
32595,12046,treino
32596,9566,validacao
32597,7938,validacao
32598,11004,treino
32599,7955,treino
32600,10406,treino
32601,8260,treino
32602,7897,teste
32603,10605,treino
32604,11142,treino
32605,9619,treino
32606,10745,validacao
32607,12138,treino
32608,12109,treino
32609,9451,treino
32610,9267,treino
32611,11396,treino
32612,10444,treino
32613,9311,validacao
32614,12313,validacao
32615,7679,treino
32616,9734,teste
32617,11583,validacao
32618,8821,teste
32619,10651,treino
32620,10700,treino
32621,11736,treino
32622,11681,treino
32623,12186,treino
32624,9600,treino
32625,10777,treino
32626,10773,treino
32627,9340,treino
32628,9371,teste
32629,10070,treino
32630,10741,treino
32631,10508,treino
32632,11954,treino
32633,9268,validacao
32634,9570,teste
32635,9337,treino
32636,11759,treino
32637,9330,treino
32638,10629,treino
32639,9244,treino
32640,10301,teste
32641,10240,validacao
32642,12089,teste
32643,11525,teste
32644,11001,treino
32645,10016,validacao
32646,9543,validacao
32647,9937,treino
32648,11847,treino
32649,11292,validacao
32650,9711,treino
32651,10553,treino
32652,10534,treino
32653,10140,treino
32654,7562,validacao
32655,7464,treino
32656,10326,treino
32657,8180,treino
32658,10433,treino
32659,11919,treino
32660,10322,treino
32661,11609,treino
32662,10697,treino
32663,9284,validacao
32664,10349,treino
32665,10853,treino
32666,9751,treino
32667,12047,treino
32668,12366,treino
32669,11113,treino
32670,10992,teste
32671,10171,treino
32672,10983,treino
32673,8535,treino
32674,11345,treino
32675,11856,teste
32676,10907,validacao
32677,10277,treino
32678,10799,treino
32679,10289,teste
32680,9523,treino
32681,10913,treino
32682,10609,teste
32683,10787,teste
32684,9889,validacao
32685,11903,teste
32686,10266,teste
32687,9525,validacao
32688,8109,treino
32689,10592,validacao
32690,10841,treino
32691,9406,treino
32692,11084,treino
32693,11371,validacao
32694,12233,validacao
32695,9541,treino
32696,9959,treino
32697,12208,treino
32698,9874,validacao
32699,10704,treino
32700,12191,treino
32701,10965,treino
32702,8501,validacao
32703,11624,validacao
32704,10340,treino
32705,9222,validacao
32706,11488,treino
32707,11643,treino
32708,11091,teste
32709,11229,validacao
32710,12363,treino
32711,11667,validacao
32712,9233,treino
32713,11439,treino
32714,11278,treino
32715,11162,treino
32716,11969,teste
32717,9260,treino
32718,11341,validacao
32719,9733,teste
32720,10893,validacao
32721,10880,treino
32722,11597,treino
32723,9334,teste
32724,11936,validacao
32725,10643,treino
32726,10149,teste
32727,10273,treino
32728,10427,treino
32729,10316,treino
32730,11981,teste
32731,11169,treino
32732,9423,treino
32733,11677,treino
32734,9496,treino
32735,12347,treino
32736,11689,treino
32737,12256,teste
32738,10298,teste
32739,10354,teste
32740,9461,treino
32741,11386,validacao
32742,11925,treino
32743,10198,treino
32744,12241,treino
32745,10032,treino
32746,12210,treino
32747,10035,treino
32748,12164,validacao
32749,12318,treino
32750,12129,treino
32751,9724,treino
32752,12118,treino
32753,12303,validacao
32754,11447,treino
32755,9680,treino
32756,12031,validacao
32757,11859,treino
32758,11789,treino
32759,11545,treino
32760,10502,treino
32761,11816,treino
32762,11868,treino
32763,12280,treino
32764,9661,treino
32765,11193,treino
32766,11443,treino
32767,12372,treino
32768,12249,teste
32769,12306,treino
32770,7055,treino
32771,38,validacao
32772,31099,treino
32774,31107,treino
32775,15949,validacao
32776,16305,treino
32777,12901,treino
32778,13469,treino
32779,13313,teste
32780,14066,treino
32781,15195,teste
32782,14005,teste
32783,13324,validacao
32784,16286,treino
32785,16399,treino
32786,14366,treino
32787,15731,treino
32788,14778,treino
32789,13843,validacao
32790,14382,treino
32791,12778,treino
32792,16418,treino
32793,15077,teste
32794,13936,treino
32795,15297,treino
32796,15285,validacao
32797,16092,treino
32798,13327,treino
32799,16588,treino
32800,14002,treino
32801,13121,treino
32802,16514,teste
32803,16402,treino
32804,16652,treino
32805,16046,treino
32806,14322,treino
32807,15420,teste
32808,13196,treino
32809,13820,treino
32810,15720,validacao
32811,15988,validacao
32812,15044,treino
32813,14661,teste
32814,13395,treino
32815,13702,treino
32816,14455,treino
32817,14968,treino
32818,14318,teste
32819,15543,validacao
32820,15858,treino
32821,13585,treino
32822,16020,validacao
32823,13306,treino
32824,14873,treino
32825,14669,treino
32826,15786,validacao
32827,16411,treino
32828,14357,treino
32829,16108,treino
32830,12967,treino
32831,14501,treino
32832,16557,treino
32833,16888,treino
32834,16540,treino
32835,16370,teste
32836,16477,teste
32837,13353,treino
32838,16683,treino
32839,15755,treino
32840,14895,teste
32841,15636,teste
32842,14550,treino
32843,13681,treino
32844,13527,teste
32845,16121,treino
32846,13831,treino
32847,16238,teste
32848,15969,teste
32849,16340,treino
32850,13817,teste
32851,13530,treino
32852,16481,treino
32853,16383,validacao
32854,16308,validacao
32855,16206,treino
32856,15337,treino
32857,16318,treino
32858,13998,teste
32859,13211,treino
32860,16616,teste
32861,14180,treino
32862,12958,treino
32863,13711,treino
32864,15921,treino
32865,13462,treino
32866,12684,teste
32867,13985,treino
32868,15463,treino
32869,14765,teste
32870,16559,treino
32871,16832,treino
32872,15568,teste
32873,13099,treino
32874,13863,treino
32875,14802,treino
32876,13838,treino
32877,13450,validacao
32878,13131,treino
32879,15291,treino
32880,13249,treino
32881,14642,treino
32882,14043,teste
32883,13675,validacao
32884,13550,validacao
32885,13579,treino
32886,15218,treino
32887,13758,teste
32888,13290,treino
32889,16316,validacao
32890,16301,treino
32891,16213,treino
32892,15534,teste
32893,15461,treino
32894,16406,treino
32895,16550,treino
32896,15386,teste
32897,15060,treino
32898,13638,treino
32899,15088,treino
32900,16890,treino
32901,16614,teste
32902,15454,teste
32903,16472,validacao
32904,16421,treino
32905,14389,treino
32906,12962,teste
32907,14985,teste
32908,16142,treino
32909,12887,validacao
32910,16815,treino
32911,12924,teste
32912,14151,treino
32913,15398,treino
32914,14762,treino
32915,15997,validacao
32916,14115,treino
32917,13858,treino
32918,14835,treino
32919,16690,treino
32920,14750,treino
32921,13174,teste
32922,16408,treino
32923,13200,teste
32924,13510,treino
32925,13846,teste
32926,15901,treino
32927,15676,treino
32928,13108,validacao
32929,13503,validacao
32930,16802,treino
32931,13621,validacao
32932,16173,treino
32933,15743,treino
32934,16024,treino
32935,14570,teste
32936,15438,treino
32937,15466,treino
32938,15271,teste
32939,16841,treino
32940,13670,treino
32941,16031,treino
32942,15317,validacao
32943,13350,validacao
32944,14426,teste
32945,15392,treino
32946,15960,treino
32947,13615,treino
32948,13293,validacao
32949,15299,treino
32950,15872,teste
32951,16502,validacao
32952,14675,treino
32953,13473,treino
32954,16119,treino
32955,16663,treino
32956,15372,treino
32957,16587,teste
32958,13572,validacao
32959,15663,treino
32960,15443,treino
32961,13409,treino
32962,15643,treino
32963,15918,teste
32964,15560,treino
32965,16086,treino
32966,16757,treino
32967,16806,treino
32968,15710,treino
32969,14246,treino
32970,16110,treino
32971,14753,validacao
32972,16553,teste
32973,15829,treino
32974,16542,treino
32975,13715,validacao
32976,16398,teste
32977,12972,teste
32978,12975,treino
32979,16454,teste
32980,13267,treino
32981,15958,treino
32982,14460,teste
32983,13466,treino
32984,16425,teste
32985,12655,treino
32986,16860,treino
32987,15775,treino
32988,13501,treino
32989,16561,teste
32990,12858,treino
32991,14890,treino
32992,15040,teste
32993,22685,validacao
32994,16394,treino
32995,13718,treino
32996,21809,treino
32997,20705,treino
32998,18348,validacao
32999,18355,treino
33000,19914,treino
33001,20919,validacao
33002,21812,treino
33003,19972,validacao
33004,17694,treino
33005,22213,treino
33006,17602,teste
33007,21931,validacao
33008,21579,treino
33009,20217,treino
33010,19893,validacao
33011,18733,treino
33012,15809,treino
33013,17343,treino
33014,20592,treino
33015,17246,validacao
33016,18379,treino
33017,20447,treino
33018,21538,treino
33019,22641,treino
33020,13988,treino
33021,19671,treino
33022,22129,validacao
33023,21784,treino
33024,13608,treino
33025,17392,treino
33026,21023,teste
33027,16533,validacao
33028,18786,teste
33029,19437,validacao
33030,21695,validacao
33031,21050,treino
33032,16737,validacao
33033,20122,treino
33034,20460,teste
33035,18049,treino
33036,21810,teste
33037,18167,treino
33038,19049,treino
33039,21251,validacao
33040,20167,treino
33041,13611,treino
33042,18289,treino
33043,18622,treino
33044,15234,treino
33045,18036,treino
33046,17906,treino
33047,20390,treino
33048,19431,teste
33049,22530,teste
33050,20283,treino
33051,13576,validacao
33052,20285,treino
33053,18070,treino
33054,18415,validacao
33055,18942,treino
33056,21952,teste
33057,18058,treino
33058,22014,treino
33059,16215,treino
33060,16618,treino
33061,21836,validacao
33062,21871,treino
33063,17147,treino
33064,19530,treino
33065,16162,treino
33066,17302,teste
33067,18433,validacao
33068,15335,treino
33069,20562,treino
33070,17503,treino
33071,17668,validacao
33072,17919,validacao
33073,20422,treino
33074,20080,teste
33075,13650,treino
33076,13900,teste
33077,21539,treino
33078,22232,validacao
33079,18738,treino
33080,18810,treino
33081,17028,treino
33082,17543,treino
33083,21918,treino
33084,16185,treino
33085,20478,treino
33086,19051,teste
33087,17054,teste
33088,21505,treino
33089,13866,treino
33090,16338,validacao
33091,13453,treino
33092,20511,teste
33093,18627,treino
33094,19002,treino
33095,20968,treino
33096,20770,treino
33097,14083,treino
33098,17112,treino
33099,22694,validacao
33100,14729,treino
33101,20154,treino
33102,14446,teste
33103,15660,teste
33104,22692,treino
33105,17949,treino
33106,17131,teste
33107,22430,teste
33108,18426,teste
33109,19207,teste
33110,13170,treino
33111,15070,treino
33112,22535,validacao
33113,16548,teste
33114,16858,treino
33115,16793,validacao
33116,21277,treino
33117,21219,treino
33118,16329,treino
33119,19633,validacao
33120,17414,validacao
33121,22553,treino
33122,22354,teste
33123,20937,validacao
33124,19263,treino
33125,15156,treino
33126,20466,treino
33127,22194,teste
33128,17893,treino
33129,15671,treino
33130,19884,teste
33131,17934,treino
33132,19894,treino
33133,14567,validacao
33134,19538,treino
33135,17287,treino
33136,18072,treino
33137,22126,validacao
33138,21242,treino
33139,22353,teste
33140,15819,treino
33141,19945,treino
33142,13497,treino
33143,19040,teste
33144,21170,treino
33145,16248,validacao
33146,20948,validacao
33147,17586,treino
33148,21088,teste
33149,21359,treino
33150,17463,treino
33151,21924,teste
33152,13139,treino
33153,16783,treino
33154,15312,validacao
33155,16466,treino
33156,21015,treino
33157,13426,treino
33158,13161,teste
33159,21877,teste
33160,22031,treino
33161,21563,treino
33162,19150,treino
33163,14428,teste
33164,20952,treino
33165,17805,validacao
33166,16572,treino
33167,17600,treino
33168,22594,treino
33169,13558,validacao
33170,20236,treino
33171,15264,treino
33172,21066,treino
33173,16396,validacao
33174,20959,treino
33175,21818,validacao
33176,17624,treino
33177,22075,teste
33178,16001,validacao
33179,21055,validacao
33180,12910,treino
33181,22099,treino
33182,18320,validacao
33183,13047,validacao
33184,22490,validacao
33185,14140,teste
33186,17010,treino
33187,20071,treino
33188,20042,treino
33189,16362,teste
33190,16445,treino
33191,19496,teste
33192,21981,treino
33193,21262,validacao
33194,19224,treino
33195,20161,treino
33196,17170,teste
33197,20329,treino
33198,19657,validacao
33199,20373,treino
33200,14415,teste
33201,22104,treino
33202,21582,treino
33203,13553,treino
33204,15537,validacao
33205,20007,treino
33206,19366,treino
33207,20663,treino
33208,16778,treino
33209,19916,treino
33210,19606,treino
33211,19828,treino
33212,15180,treino
33213,19043,validacao
33214,19570,treino
33215,18911,validacao
33216,18292,validacao
33217,21823,treino
33218,20480,treino
33219,20119,treino
33220,13245,treino
33221,17429,treino
33222,14850,treino
33223,22152,treino
33224,14952,treino
33225,22515,treino
33226,17137,teste
33227,21283,treino
33228,21776,teste
33229,22343,treino
33230,21618,validacao
33231,20132,treino
33232,18353,treino
33233,20625,treino
33234,20305,treino
33235,21535,treino
33236,19299,treino
33237,22227,teste
33238,22481,treino
33239,19552,treino
33240,20501,treino
33241,19930,teste
33242,19872,teste
33243,22314,treino
33244,20593,treino
33245,14537,treino
33246,19161,treino
33247,17942,treino
33248,22644,treino
33249,21324,treino
33250,21677,treino
33251,17581,treino
33252,16178,treino
33253,18970,treino
33254,21951,treino
33255,13781,treino
33256,20345,treino
33257,21917,teste
33258,19577,validacao
33259,21112,treino
33260,19129,treino
33261,13125,validacao
33262,21237,treino
33263,20045,teste
33264,13930,treino
33265,14395,treino
33266,21813,validacao
33267,17540,validacao
33268,18079,validacao
33269,18951,treino
33270,16199,treino
33271,14458,validacao
33272,22606,validacao
33273,15200,treino
33274,19859,treino
33275,16094,treino
33276,14888,validacao
33277,20423,treino
33278,21639,teste
33279,16675,teste
33280,17259,teste
33281,22222,treino
33282,22071,validacao
33283,19650,treino
33284,15875,teste
33285,21529,validacao
33286,19287,treino
33287,17328,treino
33288,16065,treino
33289,13934,treino
33290,20927,teste
33291,14936,treino
33292,22185,treino
33293,21095,validacao
33294,20326,treino
33295,21436,teste
33296,21319,teste
33297,19794,treino
33298,19418,treino
33299,18985,treino
33300,17745,treino
33301,21385,treino
33302,21378,treino
33303,19056,validacao
33304,13484,treino
33305,19596,treino
33306,21107,validacao
33307,20362,treino
33308,20673,treino
33309,16576,treino
33310,15903,treino
33311,21212,treino
33312,18251,treino
33313,15471,teste
33314,19323,treino
33315,15863,teste
33316,18608,treino
33317,15657,teste
33318,22559,treino
33319,19843,validacao
33320,19345,validacao
33321,20998,treino
33322,21393,teste
33323,15441,validacao
33324,17428,treino
33325,19430,treino
33326,22474,teste
33327,15975,treino
33328,21585,validacao
33329,17008,treino
33330,16817,treino
33331,21650,treino
33332,20669,teste
33333,19983,treino
33334,14438,treino
33335,18800,treino
33336,22079,treino
33337,19647,treino
33338,19428,validacao
33339,21295,teste
33340,18815,teste
33341,22055,treino
33342,22153,treino
33343,20508,validacao
33344,14338,treino
33345,18865,validacao
33346,16818,teste
33347,15027,treino
33348,14785,treino
33349,22392,validacao
33350,18569,teste
33351,18321,treino
33352,20661,treino
33353,19063,teste
33354,13441,treino
33355,13945,treino
33356,22476,validacao
33357,19903,teste
33358,15315,validacao
33359,22008,teste
33360,22596,treino
33361,16937,treino
33362,20056,treino
33363,14378,teste
33364,20883,treino
33365,17165,treino
33366,21377,teste
33367,20689,treino
33368,14853,treino
33369,22151,validacao
33370,14704,teste
33371,21819,validacao
33372,17776,teste
33373,15257,teste
33374,21081,treino
33375,14933,treino
33376,21692,treino
33377,16202,treino
33378,16271,validacao
33379,21351,treino
33380,20026,teste
33381,18514,validacao
33382,20005,treino
33383,18309,teste
33384,20984,treino
33385,19055,teste
33386,22542,teste
33387,18874,validacao
33388,19149,validacao
33389,17804,teste
33390,20078,treino
33391,20828,treino
33392,18365,validacao
33393,18686,treino
33394,21669,treino
33395,13582,treino
33396,20202,treino
33397,19252,treino
33398,18515,teste
33399,15483,treino
33400,15981,treino
33401,13962,treino
33402,16705,validacao
33403,17002,treino
33404,18219,validacao
33405,15355,treino
33406,21846,treino
33407,18318,treino
33408,15352,treino
33409,16585,teste
33410,14812,treino
33411,17878,treino
33412,20214,teste
33413,21691,teste
33414,20842,treino
33415,19416,treino
33416,17579,treino
33417,15634,treino
33418,22634,treino
33419,15206,treino
33420,18692,treino
33421,20254,teste
33422,20380,treino
33423,19493,treino
33424,21748,teste
33425,18617,treino
33426,16443,teste
33427,12919,validacao
33428,21202,treino
33429,21885,validacao
33430,22477,treino
33431,20421,treino
33432,21512,teste
33433,16126,treino
33434,22666,treino
33435,20888,treino
33436,13319,validacao
33437,20464,treino
33438,12764,treino
33439,21687,treino
33440,20253,treino
33441,19432,treino
33442,17626,treino
33443,22504,treino
33444,22009,validacao
33445,20368,treino
33446,19025,treino
33447,18843,treino
33448,22423,treino
33449,13193,treino
33450,20437,teste
33451,20337,treino
33452,20526,treino
33453,20355,treino
33454,14587,treino
33455,17832,validacao
33456,16685,teste
33457,16361,treino
33458,12680,treino
33459,22562,treino
33460,21656,treino
33461,14995,treino
33462,19289,validacao
33463,20172,treino
33464,17508,treino
33465,20316,treino
33466,20845,treino
33467,19173,treino
33468,17820,validacao
33469,14019,treino
33470,21963,treino
33471,19712,validacao
33472,22668,treino
33473,17826,teste
33474,22447,treino
33475,14841,treino
33476,21169,treino
33477,18743,treino
33478,20810,treino
33479,15837,treino
33480,17785,treino
33481,21113,treino
33482,20990,treino
33483,20428,treino
33484,21786,treino
33485,21284,treino
33486,21302,teste
33487,16464,validacao
33488,22045,teste
33489,15855,treino
33490,19852,treino
33491,18023,treino
33492,19547,teste
33493,19585,validacao
33494,19504,treino
33495,22527,treino
33496,22058,validacao
33497,20975,treino
33498,16035,treino
33499,20896,treino
33500,21587,treino
33501,20141,teste
33502,18811,treino
33503,22652,treino
33504,20131,teste
33505,17730,treino
33506,20914,treino
33507,20201,teste
33508,19125,treino
33509,22111,teste
33510,13517,validacao
33511,16743,treino
33512,21783,teste
33513,19760,teste
33514,14259,treino
33515,22619,treino
33516,18794,treino
33517,21817,treino
33518,20605,validacao
33519,21114,treino
33520,19526,validacao
33521,18845,validacao
33522,16512,treino
33523,16995,treino
33524,19616,treino
33525,20102,treino
33526,22270,treino
33527,19067,teste
33528,17362,teste
33529,18137,treino
33530,21816,treino
33531,13077,teste
33532,19543,validacao
33533,20111,treino
33534,21276,treino
33535,15579,treino
33536,21735,treino
33537,19279,teste
33538,18088,validacao
33539,20717,validacao
33540,21716,teste
33541,18958,treino
33542,20942,treino
33543,17749,treino
33544,21092,treino
33545,20427,teste
33546,16197,treino
33547,16321,treino
33548,20129,teste
33549,18885,teste
33550,19572,treino
33551,22431,teste
33552,21313,treino
33553,21652,treino
33554,16166,treino
33555,19016,teste
33556,20886,treino
33557,21796,treino
33558,21026,treino
33559,21440,treino
33560,18477,treino
33561,21922,validacao
33562,20713,treino
33563,19194,treino
33564,18326,treino
33565,15565,treino
33566,21926,treino
33567,18000,validacao
33568,21009,treino
33569,20871,treino
33570,15549,treino
33571,20534,treino
33572,15497,validacao
33573,20908,treino
33574,15885,treino
33575,18238,treino
33576,21256,treino
33577,18835,teste
33578,19311,validacao
33579,15514,treino
33580,18500,treino
33581,14408,treino
33582,22088,treino
33583,22050,teste
33584,15171,treino
33585,15093,treino
33586,14199,treino
33587,18208,treino
33588,21864,treino
33589,16489,treino
33590,19297,treino
33591,21731,treino
33592,16877,teste
33593,14541,treino
33594,14672,teste
33595,17637,treino
33596,17953,teste
33597,16430,treino
33598,12906,treino
33599,15556,treino
33600,21793,teste
33601,17976,teste
33602,17285,teste
33603,18317,treino
33604,19967,treino
33605,18211,teste
33606,20109,teste
33607,13874,treino
33608,18818,treino
33609,18859,treino
33610,20232,treino
33611,21223,teste
33612,17021,validacao
33613,22102,validacao
33614,20761,treino
33615,21332,treino
33616,14096,treino
33617,19864,treino
33618,16811,validacao
33619,21704,validacao
33620,18197,treino
33621,15343,treino
33622,18841,treino
33623,18877,validacao
33624,15494,treino
33625,14533,treino
33626,20270,treino
33627,15080,teste
33628,17297,treino
33629,19165,treino
33630,21492,treino
33631,21867,teste
33632,20361,teste
33633,21531,treino
33634,21728,teste
33635,20701,treino
33636,15990,validacao
33637,14355,treino
33638,13977,treino
33639,17041,teste
33640,15664,treino
33641,20891,treino
33642,18654,treino
33643,21547,treino
33644,20107,treino
33645,14297,treino
33646,22036,treino
33647,17420,treino
33648,21154,validacao
33649,21762,treino
33650,18346,treino
33651,15050,treino
33652,21902,validacao
33653,15228,treino
33654,21989,treino
33655,21572,teste
33656,18118,teste
33657,20981,treino
33658,21462,treino
33659,16537,treino
33660,19792,treino
33661,18716,treino
33662,17589,treino
33663,16259,treino
33664,18337,validacao
33665,21602,treino
33666,17635,treino
33667,14329,treino
33668,15766,treino
33669,19268,treino
33670,20752,teste
33671,19198,treino
33672,19200,treino
33673,14733,validacao
33674,22436,treino
33675,13979,treino
33676,18712,treino
33677,17501,treino
33678,20582,teste
33679,19974,teste
33680,21090,treino
33681,17306,teste
33682,19417,validacao
33683,21373,validacao
33684,20817,treino
33685,19516,teste
33686,21666,treino
33687,13823,treino
33688,20086,teste
33689,16908,treino
33690,22000,teste
33691,20017,treino
33692,16014,treino
33693,19821,teste
33694,17518,treino
33695,22550,treino
33696,22025,validacao
33697,16359,treino
33698,16424,treino
33699,15293,validacao
33700,15449,treino
33701,13287,treino
33702,12955,teste
33703,22168,treino
33704,22538,teste
33705,22095,validacao
33706,13433,treino
33707,18984,treino
33708,17120,treino
33709,21029,teste
33710,17047,treino
33711,20892,validacao
33712,21294,validacao
33713,17231,teste
33714,14816,treino
33715,15507,treino
33716,14695,validacao
33717,17144,treino
33718,22325,teste
33719,20331,treino
33720,17181,treino
33721,17407,treino
33722,14913,teste
33723,20504,treino
33724,20678,validacao
33725,21615,validacao
33726,22533,treino
33727,22509,treino
33728,16334,teste
33729,22457,treino
33730,15964,teste
33731,14610,treino
33732,21738,treino
33733,20922,treino
33734,20274,validacao
33735,21022,treino
33736,19236,validacao
33737,20690,teste
33738,19120,treino
33739,15606,treino
33740,18405,treino
33741,19478,treino
33742,14945,validacao
33743,18957,treino
33744,16189,validacao
33745,19071,treino
33746,20360,validacao
33747,19677,treino
33748,16071,treino
33749,16413,validacao
33750,21244,treino
33751,20972,teste
33752,16592,teste
33753,16603,validacao
33754,15500,treino
33755,13295,treino
33756,21997,validacao
33757,15977,treino
33758,21198,treino
33759,16069,treino
33760,17227,treino
33761,22549,teste
33762,19951,treino
33763,17205,treino
33764,21962,treino
33765,21320,treino
33766,15709,treino
33767,19107,validacao
33768,18368,treino
33769,13544,treino
33770,12744,treino
33771,17168,treino
33772,20552,treino
33773,18575,treino
33774,13997,teste
33775,21056,treino
33776,20572,treino
33777,22321,treino
33778,18873,treino
33779,21722,treino
33780,22439,treino
33781,15627,treino
33782,20619,teste
33783,17987,treino
33784,13272,treino
33785,21543,treino
33786,14882,treino
33787,22066,treino
33788,16227,treino
33789,20923,teste
33790,17242,treino
33791,16150,validacao
33792,16865,validacao
33793,17664,treino
33794,21175,treino
33795,20974,treino
33796,20210,teste
33797,18831,treino
33798,20715,treino
33799,13666,treino
33800,19358,teste
33801,21335,treino
33802,22547,treino
33803,21573,validacao
33804,18247,validacao
33805,16631,treino
33806,24313,treino
33807,20658,treino
33808,24033,validacao
33809,17096,treino
33810,21125,teste
33811,25548,treino
33812,20736,teste
33813,24220,treino
33814,21002,teste
33815,25731,treino
33816,20587,teste
33817,20966,teste
33818,17369,treino
33819,20292,treino
33820,24504,treino
33821,20240,teste
33822,18817,treino
33823,13800,teste
33824,25136,treino
33825,22056,treino
33826,19523,treino
33827,21862,treino
33828,22711,treino
33829,17575,treino
33830,24698,treino
33831,19957,validacao
33832,25520,treino
33833,19750,treino
33834,22122,treino
33835,20985,treino
33836,16925,validacao
33837,17482,validacao
33838,21485,treino
33839,23354,treino
33840,25287,treino
33841,22005,treino
33842,17858,treino
33843,16123,validacao
33844,23196,treino
33845,20918,teste
33846,24944,treino
33847,21967,treino
33848,25812,treino
33849,20023,validacao
33850,19999,treino
33851,21457,treino
33852,17715,treino
33853,20096,teste
33854,26300,validacao
33855,23604,treino
33856,17375,teste
33857,21827,validacao
33858,24751,treino
33859,15967,treino
33860,22850,treino
33861,18401,validacao
33862,21943,treino
33863,24911,teste
33864,25932,treino
33865,18950,treino
33866,20838,validacao
33867,20090,treino
33868,22802,treino
33869,16863,treino
33870,23200,teste
33871,18006,teste
33872,21188,validacao
33873,25690,treino
33874,26172,teste
33875,22688,treino
33876,24059,treino
33877,14204,treino
33878,22840,teste
33879,16295,treino
33880,18467,treino
33881,13039,validacao
33882,25957,treino
33883,21549,treino
33884,19882,treino
33885,23098,treino
33886,18498,teste
33887,18934,treino
33888,20358,teste
33889,25851,teste
33890,22013,treino
33891,23100,validacao
33892,15812,validacao
33893,14616,treino
33894,23059,teste
33895,14342,teste
33896,16873,validacao
33897,16679,treino
33898,23859,validacao
33899,22910,treino
33900,22035,treino
33901,16632,teste
33902,26086,validacao
33903,22420,validacao
33904,16113,treino
33905,26359,treino
33906,24317,validacao
33907,21714,treino
33908,25579,validacao
33909,15756,teste
33910,13570,treino
33911,19078,treino
33912,23155,teste
33913,25617,treino
33914,14799,teste
33915,14155,treino
33916,26162,treino
33917,18438,treino
33918,19256,validacao
33919,20578,treino
33920,24568,treino
33921,23644,treino
33922,18192,validacao
33923,20114,treino
33924,26096,treino
33925,22090,treino
33926,24962,treino
33927,17648,validacao
33928,17887,treino
33929,22412,treino
33930,26112,treino
33931,21250,treino
33932,26247,treino
33933,17381,treino
33934,25096,teste
33935,13624,teste
33936,25356,teste
33937,14254,teste
33938,24388,teste
33939,25979,treino
33940,16971,teste
33941,19855,teste
33942,25053,teste
33943,19402,validacao
33944,22268,treino
33945,21957,treino
33946,19975,validacao
33947,25034,treino
33948,24360,treino
33949,13239,treino
33950,15909,treino
33951,21599,treino
33952,13384,treino
33953,13734,treino
33954,21723,treino
33955,20649,teste
33956,18362,teste
33957,24138,validacao
33958,17384,validacao
33959,19259,treino
33960,22502,teste
33961,23602,teste
33962,25977,treino
33963,25442,treino
33964,21790,treino
33965,25553,teste
33966,23095,treino
33967,19771,treino
33968,22518,treino
33969,19739,teste
33970,18461,treino
33971,23328,validacao
33972,16849,treino
33973,16457,treino
33974,26371,teste
33975,20602,teste
33976,12842,validacao
33977,17650,treino
33978,25239,teste
33979,23939,treino
33980,19902,teste
33981,19503,treino
33982,22856,treino
33983,23930,validacao
33984,20106,teste
33985,19373,teste
33986,23815,treino
33987,16265,treino
33988,18571,treino
33989,22824,treino
33990,14973,teste
33991,25918,teste
33992,23645,teste
33993,23126,treino
33994,16689,treino
33995,14664,validacao
33996,19152,teste
33997,26076,treino
33998,22818,teste
33999,19091,teste
34000,25638,teste
34001,19835,validacao
34002,20008,treino
34003,13523,validacao
34004,24609,treino
34005,13208,treino
34006,24688,treino
34007,15476,treino
34008,24934,validacao
34009,21479,treino
34010,21038,treino
34011,14013,treino
34012,22100,treino
34013,19285,teste
34014,22999,teste
34015,21630,treino
34016,18676,treino
34017,25574,treino
34018,15723,validacao
34019,16475,treino
34020,24682,teste
34021,20074,treino
34022,26141,validacao
34023,20683,validacao
34024,14844,treino
34025,24482,treino
34026,21173,treino
34027,20237,treino
34028,20597,teste
34029,25190,validacao
34030,14248,treino
34031,13627,treino
34032,20657,teste
34033,16090,validacao
34034,22376,validacao
34035,20695,validacao
34036,19683,treino
34037,15924,treino
34038,22800,treino
34039,20098,validacao
34040,20003,treino
34041,22346,treino
34042,21314,treino
34043,21768,validacao
34044,16765,treino
34045,20785,teste
34046,17698,teste
34047,24159,teste
34048,18576,teste
34049,24194,validacao
34050,24450,teste
34051,22162,treino
34052,19911,treino
34053,19757,teste
34054,22643,treino
34055,12996,validacao
34056,19963,treino
34057,24417,treino
34058,13475,treino
34059,24599,treino
34060,16417,treino
34061,20664,treino
34062,18349,treino
34063,16098,validacao
34064,22842,treino
34065,22173,treino
34066,18886,validacao
34067,19907,treino
34068,16997,teste
34069,22660,validacao
34070,19759,treino
34071,23034,treino
34072,25330,treino
34073,25193,validacao
34074,24502,treino
34075,17276,treino
34076,23530,treino
34077,24727,treino
34078,22681,validacao
34079,16351,treino
34080,25963,teste
34081,20041,teste
34082,16212,teste
34083,23191,validacao
34084,22960,treino
34085,17240,validacao
34086,18518,treino
34087,20760,treino
34088,17218,treino
34089,26219,teste
34090,25377,treino
34091,21062,treino
34092,16510,treino
34093,24087,treino
34094,16275,treino
34095,20239,teste
34096,23452,treino
34097,25570,teste
34098,21699,teste
34099,17368,treino
34100,20092,validacao
34101,17489,teste
34102,13284,teste
34103,22290,treino
34104,25467,teste
34105,25295,treino
34106,19838,treino
34107,21754,treino
34108,25097,treino
34109,14809,treino
34110,26309,treino
34111,20339,treino
34112,18351,treino
34113,22372,treino
34114,18723,teste
34115,22983,treino
34116,17233,validacao
34117,22590,teste
34118,19686,treino
34119,19386,treino
34120,22352,treino
34121,25383,treino
34122,14645,validacao
34123,16293,teste
34124,25746,validacao
34125,18493,treino
34126,23139,treino
34127,13630,treino
34128,21828,validacao
34129,23886,treino
34130,20639,teste
34131,20660,teste
34132,18981,treino
34133,19250,validacao
34134,22235,teste
34135,18864,treino
34136,18903,treino
34137,14647,treino
34138,18813,treino
34139,14220,treino
34140,21208,treino
34141,18359,validacao
34142,13590,validacao
34143,21333,treino
34144,14122,treino
34145,21526,validacao
34146,20295,treino
34147,19981,teste
34148,13787,treino
34149,19045,teste
34150,18928,treino
34151,21751,treino
34152,20048,treino
34153,21866,treino
34154,22107,treino
34155,18875,validacao
34156,18650,treino
34157,20126,treino
34158,19021,treino
34159,21168,treino
34160,21142,teste
34161,22199,treino
34162,20784,validacao
34163,16636,treino
34164,22272,treino
34165,20067,treino
34166,19819,validacao
34167,21829,treino
34168,16204,treino
34169,20586,treino
34170,20651,treino
34171,12822,validacao
34172,21030,treino
34173,14211,validacao
34174,20721,treino
34175,16148,treino
34176,18343,treino
34177,22565,treino
34178,22101,validacao
34179,13512,validacao
34180,22516,treino
34181,20435,treino
34182,19935,treino
34183,20396,validacao
34184,16941,treino
34185,20180,treino
34186,19860,teste
34187,21133,treino
34188,19797,treino
34189,19997,treino
34190,15240,validacao
34191,21627,treino
34192,21024,treino
34193,19023,treino
34194,15091,validacao
34195,18702,treino
34196,17631,treino
34197,20386,teste
34198,20425,teste
34199,16155,treino
34200,20603,validacao
34201,22300,treino
34202,14869,treino
34203,19531,treino
34204,15002,treino
34205,22059,validacao
34206,22380,teste
34207,25899,teste
34208,23234,treino
34209,25613,treino
34210,21410,treino
34211,24411,teste
34212,13424,validacao
34213,25144,treino
34214,18701,treino
34215,24326,validacao
34216,24269,validacao
34217,24343,treino
34218,17353,treino
34219,24537,treino
34220,14709,teste
34221,21937,treino
34222,19597,treino
34223,20568,teste
34224,25688,treino
34225,24146,treino
34226,26022,treino
34227,22937,treino
34228,18698,treino
34229,21360,validacao
34230,25290,treino
34231,19079,treino
34232,19048,teste
34233,24419,teste
34234,24828,validacao
34235,17556,treino
34236,20920,validacao
34237,25921,treino
34238,21221,teste
34239,23275,treino
34240,25257,treino
34241,21093,treino
34242,16677,teste
34243,24736,treino
34244,17155,treino
34245,21264,treino
34246,20039,teste
34247,15408,treino
34248,16128,treino
34249,16084,treino
34250,18545,treino
34251,14326,treino
34252,21861,treino
34253,18472,teste
34254,25113,treino
34255,24120,treino
34256,18801,treino
34257,13330,teste
34258,22464,teste
34259,23518,treino
34260,14929,teste
34261,21702,validacao
34262,20166,treino
34263,21225,treino
34264,16428,treino
34265,23751,validacao
34266,16134,validacao
34267,22426,teste
34268,21658,validacao
34269,18227,treino
34270,24416,treino
34271,18396,treino
34272,26155,treino
34273,20487,treino
34274,23785,treino
34275,25781,teste
34276,21268,treino
34277,21035,treino
34278,20317,validacao
34279,15763,treino
34280,19261,teste
34281,25114,treino
34282,23641,treino
34283,18734,treino
34284,25971,treino
34285,19447,teste
34286,23990,treino
34287,17548,treino
34288,22154,treino
34289,19611,teste
34290,13113,treino
34291,18637,validacao
34292,25830,treino
34293,19127,teste
34294,22218,treino
34295,25779,validacao
34296,17608,treino
34297,13755,validacao
34298,14490,treino
34299,25951,treino
34300,21296,treino
34301,25596,treino
34302,22892,teste
34303,22837,validacao
34304,21117,teste
34305,22489,treino
34306,26385,treino
34307,15083,treino
34308,20170,treino
34309,22429,treino
34310,26390,teste
34311,23924,treino
34312,20580,teste
34313,25886,treino
34314,21632,treino
34315,19989,treino
34316,15971,treino
34317,14572,treino
34318,18217,treino
34319,18358,treino
34320,20475,teste
34321,19990,treino
34322,25820,treino
34323,18210,treino
34324,21349,treino
34325,17366,treino
34326,21374,treino
34327,21661,treino
34328,20323,treino
34329,22142,teste
34330,13373,teste
34331,21730,validacao
34332,23958,treino
34333,24336,treino
34334,24981,validacao
34335,18484,treino
34336,25902,validacao
34337,21196,validacao
34338,19871,validacao
34339,18871,treino
34340,16494,treino
34341,16700,teste
34342,24748,validacao
34343,15882,treino
34344,20453,treino
34345,23629,treino
34346,21908,teste
34347,22831,treino
34348,23339,treino
34349,23070,treino
34350,23755,teste
34351,20429,treino
34352,23025,treino
34353,23891,treino
34354,23551,treino
34355,21401,teste
34356,20865,treino
34357,14766,teste
34358,21757,treino
34359,23080,validacao
34360,25716,validacao
34361,22624,treino
34362,26021,treino
34363,20832,treino
34364,21779,treino
34365,15446,treino
34366,16332,treino
34367,22639,treino
34368,18640,treino
34369,22726,treino
34370,14134,validacao
34371,22921,treino
34372,22241,teste
34373,25640,treino
34374,22905,validacao
34375,16138,treino
34376,16242,teste
34377,20085,treino
34378,21216,treino
34379,24095,teste
34380,16973,treino
34381,24947,treino
34382,25031,treino
34383,25069,treino
34384,25012,teste
34385,16468,validacao
34386,24228,teste
34387,19138,teste
34388,19439,treino
34389,16845,treino
34390,24371,treino
34391,24696,teste
34392,13367,treino
34393,18445,treino
34394,20610,treino
34395,22585,treino
34396,23480,treino
34397,24169,treino
34398,23050,teste
34399,21685,treino
34400,17588,treino
34401,23218,validacao
34402,21297,treino
34403,17612,treino
34404,23035,teste
34405,20496,treino
34406,20792,treino
34407,24300,teste
34408,18653,teste
34409,22591,teste
34410,18345,validacao
34411,21028,teste
34412,20640,treino
34413,23308,treino
34414,24755,treino
34415,26353,treino
34416,18013,treino
34417,25909,validacao
34418,19445,treino
34419,20703,treino
34420,13849,validacao
34421,16319,treino
34422,25649,treino
34423,25324,treino
34424,25134,treino
34425,22701,teste
34426,13795,validacao
34427,20046,teste
34428,25672,treino
34429,24817,teste
34430,17525,treino
34431,18338,treino
34432,22944,teste
34433,14770,treino
34434,13438,teste
34435,20976,teste
34436,20116,teste
34437,12988,treino
34438,25752,treino
34439,23297,treino
34440,20771,treino
34441,14638,treino
34442,17330,treino
34443,25241,treino
34444,25535,teste
34445,22250,teste
34446,22541,validacao
34447,22317,treino
34448,19737,treino
34449,26186,validacao
34450,24402,validacao
34451,25542,validacao
34452,22403,teste
34453,18285,teste
34454,21596,treino
34455,19601,teste
34456,15934,teste
34457,24497,treino
34458,23454,treino
34459,26410,treino
34460,21747,teste
34461,19535,validacao
34462,23341,teste
34463,17983,teste
34464,25291,validacao
34465,17071,teste
34466,24472,treino
34467,26058,teste
34468,21235,teste
34469,25488,treino
34470,20233,treino
34471,19948,treino
34472,19137,teste
34473,23702,treino
34474,24659,teste
34475,14392,validacao
34476,25186,treino
34477,21431,treino
34478,19767,treino
34479,13165,treino
34480,19170,treino
34481,22398,treino
34482,24527,treino
34483,25653,treino
34484,22262,treino
34485,19826,validacao
34486,23675,validacao
34487,15912,treino
34488,17274,treino
34489,20589,validacao
34490,17789,treino
34491,20879,treino
34492,17828,treino
34493,16531,validacao
34494,21281,treino
34495,13188,treino
34496,18964,treino
34497,22993,treino
34498,25160,teste
34499,19952,validacao
34500,18213,treino
34501,16498,treino
34502,23586,treino
34503,21043,teste
34504,24886,teste
34505,19404,validacao
34506,19114,treino
34507,23173,teste
34508,24331,treino
34509,25745,treino
34510,24372,validacao
34511,20112,treino
34512,20125,teste
34513,22638,treino
34514,13359,treino
34515,20600,treino
34516,23970,treino
34517,19680,treino
34518,20050,treino
34519,23448,treino
34520,15706,treino
34521,22387,treino
34522,20559,teste
34523,26413,treino
34524,23993,treino
34525,20301,validacao
34526,20228,treino
34527,20083,treino
34528,25411,treino
34529,24617,treino
34530,22470,teste
34531,16490,treino
34532,15426,teste
34533,21700,treino
34534,24741,treino
34535,22207,treino
34536,22959,validacao
34537,21741,treino
34538,20682,treino
34539,16234,teste
34540,22592,treino
34541,26360,treino
34542,23172,treino
34543,22206,validacao
34544,20406,treino
34545,25937,teste
34546,16374,treino
34547,20521,teste
34548,23463,teste
34549,18938,treino
34550,19364,treino
34551,23850,treino
34552,14263,treino
34553,22841,treino
34554,14398,treino
34555,25719,validacao
34556,24065,teste
34557,16258,treino
34558,22011,treino
34559,16100,treino
34560,18249,treino
34561,20588,treino
34562,18695,treino
34563,19435,treino
34564,20199,treino
34565,20290,treino
34566,20000,treino
34567,22866,treino
34568,23763,treino
34569,23868,treino
34570,26250,validacao
34571,14435,validacao
34572,24434,treino
34573,14959,validacao
34574,21978,treino
34575,25920,treino
34576,20854,validacao
34577,25183,treino
34578,16529,validacao
34579,24395,treino
34580,23133,teste
34581,25894,teste
34582,19747,validacao
34583,21080,treino
34584,21915,treino
34585,24739,teste
34586,20458,treino
34587,13929,treino
34588,14306,treino
34589,23760,treino
34590,16460,validacao
34591,25059,teste
34592,20982,treino
34593,21693,validacao
34594,26301,treino
34595,26037,treino
34596,17349,treino
34597,20502,teste
34598,14510,teste
34599,20829,treino
34600,18940,treino
34601,25501,validacao
34602,12970,treino
34603,23247,treino
34604,19452,validacao
34605,16774,teste
34606,22480,treino
34607,25485,teste
34608,20053,validacao
34609,25684,validacao
34610,20659,validacao
34611,21382,treino
34612,20097,treino
34613,19968,treino
34614,22789,treino
34615,22334,treino
34616,17932,treino
34617,24134,treino
34618,23756,treino
34619,23185,teste
34620,20414,treino
34621,17214,treino
34622,26156,treino
34623,25414,treino
34624,20607,validacao
34625,25244,treino
34626,19709,treino
34627,17077,treino
34628,21243,treino
34629,24559,teste
34630,25871,validacao
34631,25594,treino
34632,21921,treino
34633,25026,treino
34634,24357,treino
34635,17519,treino
34636,17702,treino
34637,25584,treino
34638,24441,treino
34639,22368,treino
34640,21536,treino
34641,14596,teste
34642,23017,treino
34643,24912,validacao
34644,15062,treino
34645,23020,treino
34646,22514,treino
34647,15895,teste
34648,16713,treino
34649,21720,treino
34650,19184,treino
34651,12939,teste
34652,23219,treino
34653,20191,treino
34654,19857,treino
34655,25547,treino
34656,20281,treino
34657,18581,treino
34658,12941,validacao
34659,25177,treino
34660,23314,treino
34661,21758,treino
34662,25943,teste
34663,18972,treino
34664,14976,teste
34665,18117,treino
34666,21301,teste
34667,18255,teste
34668,21258,treino
34669,24957,validacao
34670,20444,treino
34671,20929,treino
34672,20824,validacao
34673,23489,treino
34674,20398,teste
34675,24984,validacao
34676,25373,treino
34677,23847,treino
34678,24598,treino
34679,22133,treino
34680,24443,treino
34681,13741,treino
34682,23426,teste
34683,21881,treino
34684,26412,validacao
34685,26322,treino
34686,20545,treino
34687,22351,treino
34688,19102,validacao
34689,18807,treino
34690,20359,teste
34691,24535,treino
34692,20739,treino
34693,14902,treino
34694,23974,treino
34695,24046,treino
34696,18053,treino
34697,24361,treino
34698,24293,treino
34699,26256,treino
34700,19962,treino
34701,21863,teste
34702,24174,treino
34703,24670,treino
34704,21592,treino
34705,22647,treino
34706,21954,teste
34707,23424,validacao
34708,25934,treino
34709,19895,teste
34710,19110,validacao
34711,22217,treino
34712,25636,teste
34713,16856,treino
34714,20836,treino
34715,20714,treino
34716,18150,validacao
34717,25901,validacao
34718,18352,validacao
34719,26016,teste
34720,17864,treino
34721,23956,teste
34722,18419,treino
34723,13400,treino
34724,18657,treino
34725,23548,treino
34726,19226,validacao
34727,25687,validacao
34728,21257,treino
34729,23789,treino
34730,17289,teste
34731,22281,treino
34732,19395,teste
34733,17895,treino
34734,18522,teste
34735,23000,teste
34736,24387,treino
34737,25363,treino
34738,21316,treino
34739,13490,teste
34740,21249,validacao
34741,23788,teste
34742,20062,treino
34743,18083,treino
34744,23539,teste
34745,20058,teste
34746,21094,treino
34747,19574,treino
34748,15583,treino
34749,26005,teste
34750,20868,teste
34751,24997,treino
34752,24655,treino
34753,15004,treino
34754,21953,teste
34755,19455,treino
34756,25922,validacao
34757,14432,treino
34758,25807,treino
34759,16643,validacao
34760,23605,validacao
34761,21255,treino
34762,22136,treino
34763,21588,treino
34764,15431,treino
34765,20613,treino
34766,16470,treino
34767,25723,treino
34768,24044,treino
34769,20383,validacao
34770,25586,validacao
34771,24297,validacao
34772,18681,validacao
34773,14628,teste
34774,14010,validacao
34775,22318,treino
34776,21993,teste
34777,20573,treino
34778,26380,treino
34779,13596,treino
34780,16188,treino
34781,21367,treino
34782,21589,treino
34783,14484,treino
34784,25536,treino
34785,21930,treino
34786,23011,treino
34787,23965,teste
34788,20387,treino
34789,22060,teste
34790,19494,validacao
34791,22170,validacao
34792,25482,treino
34793,15648,teste
34794,16581,validacao
34795,18019,treino
34796,23654,treino
34797,24790,treino
34798,17185,treino
34799,24651,validacao
34800,21136,teste
34801,24967,validacao
34802,18987,teste
34803,14251,treino
34804,24998,treino
34805,21969,treino
34806,13815,teste
34807,25694,teste
34808,16005,treino
34809,24517,validacao
34810,19940,treino
34811,24671,treino
34812,18790,treino
34813,15522,treino
34814,24456,treino
34815,13783,treino
34816,20101,teste
34817,23014,validacao
34818,24713,treino
34819,17912,validacao
34820,13128,treino
34821,23887,teste
34822,19294,teste
34823,21164,validacao
34824,21778,teste
34825,25822,teste
34826,20529,validacao
34827,25966,validacao
34828,18888,treino
34829,25249,treino
34830,23475,treino
34831,18645,teste
34832,19950,teste
34833,16951,validacao
34834,20001,treino
34835,15941,treino
34836,25642,treino
34837,25605,teste
34838,18553,validacao
34839,17981,treino
34840,20351,treino
34841,17656,treino
34842,24303,validacao
34843,22021,treino
34844,20547,treino
34845,16698,treino
34846,24290,teste
34847,21461,treino
34848,21644,treino
34849,20579,teste
34850,18573,validacao
34851,25789,treino
34852,16485,teste
34853,24479,treino
34854,23125,treino
34855,23802,teste
34856,21537,validacao
34857,24390,treino
34858,17921,treino
34859,19318,treino
34860,22118,treino
34861,24168,treino
34862,22702,validacao
34863,14069,treino
34864,21501,teste
34865,22091,treino
34866,21999,teste
34867,13064,treino
34868,17946,validacao
34869,17711,treino
34870,16336,teste
34871,15378,validacao
34872,18390,validacao
34873,25127,treino
34874,25347,treino
34875,26384,treino
34876,22400,treino
34877,22642,treino
34878,21775,treino
34879,23237,teste
34880,21569,treino
34881,14131,treino
34882,23438,treino
34883,17486,treino
34884,25904,treino
34885,21850,treino
34886,14203,treino
34887,26350,treino
34888,23865,treino
34889,20671,treino
34890,18521,treino
34891,23733,treino
34892,21172,treino
34893,24337,treino
34894,25929,treino
34895,24519,validacao
34896,18124,treino
34897,21007,treino
34898,21898,validacao
34899,16124,validacao
34900,25176,teste
34901,23921,teste
34902,24570,teste
34903,22131,teste
34904,21044,treino
34905,23917,validacao
34906,25427,treino
34907,25024,validacao
34908,24540,treino
34909,17278,treino
34910,20243,treino
34911,22786,teste
34912,23069,treino
34913,18201,treino
34914,16670,teste
34915,20849,treino
34916,24474,treino
34917,26318,treino
34918,20183,teste
34919,19992,teste
34920,23163,treino
34921,26386,treino
34922,20595,validacao
34923,16183,treino
34924,13205,treino
34925,17677,validacao
34926,17620,treino
34927,13709,treino
34928,24710,treino
34929,17741,treino
34930,16276,validacao
34931,21840,validacao
34932,24190,treino
34933,15947,teste
34934,23202,teste
34935,24274,treino
34936,19190,treino
34937,20788,teste
34938,25381,validacao
34939,22929,teste
34940,24534,teste
34941,18526,validacao
34942,20823,treino
34943,19868,validacao
34944,24851,validacao
34945,20378,treino
34946,22340,treino
34947,21797,teste
34948,22710,teste
34949,24171,treino
34950,19211,teste
34951,24965,validacao
34952,21417,treino
34953,23068,validacao
34954,20875,treino
34955,19515,teste
34956,17645,validacao
34957,17444,treino
34958,13881,validacao
34959,22707,treino
34960,13729,treino
34961,17222,treino
34962,22671,treino
34963,22528,teste
34964,20697,treino
34965,24926,validacao
34966,25864,validacao
34967,18751,treino
34968,15208,treino
34969,25503,treino
34970,21514,treino
34971,19197,treino
34972,25242,treino
34973,17531,treino
34974,21976,treino
34975,16918,treino
34976,24283,treino
34977,22108,treino
34978,23333,validacao
34979,22051,treino
34980,21849,teste
34981,19789,treino
34982,21518,treino
34983,21491,validacao
34984,18272,treino
34985,16003,treino
34986,26031,teste
34987,21878,teste
34988,18728,treino
34989,14686,validacao
34990,23138,treino
34991,17929,treino
34992,22298,teste
34993,13653,treino
34994,14303,treino
34995,25440,treino
34996,19457,treino
34997,24374,treino
34998,22297,validacao
34999,25300,teste
35000,23088,treino
35001,22899,treino
35002,25563,validacao
35003,22788,teste
35004,21158,treino
35005,19812,treino
35006,24720,validacao
35007,20263,treino
35008,21156,treino
35009,24796,validacao
35010,15323,validacao
35011,25997,treino
35012,23492,treino
35013,25627,treino
35014,19899,treino
35015,21343,teste
35016,21684,treino
35017,16568,treino
35018,20234,treino
35019,20759,treino
35020,22371,treino
35021,19176,validacao
35022,26090,validacao
35023,25703,validacao
35024,16058,treino
35025,21839,treino
35026,17885,validacao
35027,15380,validacao
35028,18747,validacao
35029,26139,validacao
35030,24827,teste
35031,19836,teste
35032,17039,teste
35033,16182,treino
35034,20594,treino
35035,26299,teste
35036,19066,treino
35037,25151,treino
35038,21870,treino
35039,24052,validacao
35040,24107,teste
35041,18465,teste
35042,21353,treino
35043,20554,treino
35044,17282,treino
35045,22165,treino
35046,20087,treino
35047,23028,teste
35048,22980,treino
35049,16344,treino
35050,21241,validacao
35051,24438,treino
35052,16366,treino
35053,18010,treino
35054,22814,teste
35055,25978,treino
35056,23578,treino
35057,21067,validacao
35058,23699,treino
35059,23506,treino
35060,20159,treino
35061,18547,treino
35062,19064,teste
35063,16782,treino
35064,15222,treino
35065,19241,validacao
35066,16347,treino
35067,24375,treino
35068,16104,teste
35069,16716,teste
35070,19752,teste
35071,21524,treino
35072,24008,validacao
35073,21084,teste
35074,25270,treino
35075,23804,treino
35076,24898,treino
35077,24816,treino
35078,27786,validacao
35079,23736,validacao
35080,28044,teste
35081,19639,treino
35082,293,treino
35083,17341,treino
35084,16960,treino
35085,24122,treino
35086,26067,teste
35087,27477,treino
35088,24884,treino
35089,26665,teste
35090,21788,treino
35091,48,treino
35092,20742,teste
35093,18894,validacao
35094,25188,treino
35095,26458,teste
35096,24960,treino
35097,15231,treino
35098,23831,teste
35099,25260,treino
35100,12896,treino
35101,14547,validacao
35102,14100,teste
35103,22254,treino
35104,21442,treino
35105,769,treino
35106,26443,treino
35107,23620,treino
35108,19925,treino
35109,1465,treino
35110,21973,treino
35111,26307,treino
35112,15771,treino
35113,22524,treino
35114,27089,treino
35115,13030,treino
35116,21611,treino
35117,20728,treino
35118,24961,teste
35119,16535,treino
35120,22829,teste
35121,19892,treino
35122,19497,treino
35123,20382,treino
35124,19973,treino
35125,26896,validacao
35126,26419,treino
35127,24629,treino
35128,22651,validacao
35129,22572,treino
35130,26988,treino
35131,25475,treino
35132,17985,teste
35133,1942,treino
35134,20469,validacao
35135,18435,treino
35136,24818,validacao
35137,26111,teste
35138,27209,teste
35139,17202,treino
35140,22109,treino
35141,24959,treino
35142,22775,treino
35143,24846,treino
35144,20543,teste
35145,19258,validacao
35146,20634,validacao
35147,26574,teste
35148,15531,treino
35149,112,teste
35150,13389,treino
35151,23432,treino
35152,21873,teste
35153,21330,teste
35154,23871,treino
35155,17835,teste
35156,26701,treino
35157,21670,treino
35158,21743,treino
35159,25122,validacao
35160,15667,validacao
35161,21530,treino
35162,15526,validacao
35163,23347,treino
35164,13956,teste
35165,22315,validacao
35166,25818,validacao
35167,24354,teste
35168,20525,treino
35169,13339,treino
35170,26261,treino
35171,27823,treino
35172,20164,teste
35173,24699,teste
35174,134,treino
35175,17870,treino
35176,26094,treino
35177,23843,treino
35178,24752,treino
35179,13981,teste
35180,682,treino
35181,22961,teste
35182,2140,treino
35183,23337,teste
35184,25437,treino
35185,25808,teste
35186,407,treino
35187,15406,treino
35188,24224,treino
35189,18789,treino
35190,13416,teste
35191,22326,validacao
35192,84,validacao
35193,16726,treino
35194,25648,treino
35195,26450,treino
35196,25445,treino
35197,20178,validacao
35198,26014,treino
35199,20757,treino
35200,24906,validacao
35201,22336,treino
35202,21556,treino
35203,26124,validacao
35204,21671,teste
35205,19722,treino
35206,26759,treino
35207,18884,treino
35208,25861,teste
35209,19896,teste
35210,20652,teste
35211,20945,treino
35212,20791,treino
35213,18182,treino
35214,22698,validacao
35215,26373,treino
35216,20965,treino
35217,24653,treino
35218,22026,teste
35219,1611,validacao
35220,22263,teste
35221,28083,teste
35222,20304,treino
35223,17709,treino
35224,28202,treino
35225,20637,treino
35226,22211,treino
35227,16368,treino
35228,25705,validacao
35229,28217,teste
35230,19904,treino
35231,22229,treino
35232,28114,treino
35233,22276,treino
35234,23010,teste
35235,22023,validacao
35236,22047,teste
35237,20809,treino
35238,18387,treino
35239,16761,treino
35240,560,validacao
35241,23975,treino
35242,26239,treino
35243,21427,treino
35244,24616,treino
35245,24012,treino
35246,24334,teste
35247,22857,treino
35248,20320,validacao
35249,19693,teste
35250,24793,treino
35251,19028,treino
35252,27201,validacao
35253,21074,validacao
35254,22294,validacao
35255,18363,validacao
35256,25641,treino
35257,16901,validacao
35258,17083,treino
35259,26106,treino
35260,18090,treino
35261,20395,treino
35262,18550,teste
35263,25799,teste
35264,19528,teste
35265,20349,validacao
35266,22520,treino
35267,25821,teste
35268,14915,treino
35269,18173,validacao
35270,23313,treino
35271,21429,treino
35272,20483,treino
35273,21517,teste
35274,13479,treino
35275,20615,treino
35276,16668,treino
35277,23714,treino
35278,15611,treino
35279,604,treino
35280,22500,treino
35281,25314,validacao
35282,23141,validacao
35283,24041,validacao
35284,26383,treino
35285,25751,treino
35286,27290,treino
35287,14830,teste
35288,21381,teste
35289,20992,treino
35290,23653,treino
35291,67,teste
35292,18487,treino
35293,13178,validacao
35294,332,treino
35295,16225,treino
35296,23560,treino
35297,22745,treino
35298,25167,treino
35299,24874,treino
35300,22240,treino
35301,893,treino
35302,24485,teste
35303,24414,treino
35304,505,treino
35305,19725,treino
35306,761,treino
35307,21269,validacao
35308,26133,treino
35309,22482,treino
35310,14160,treino
35311,16932,teste
35312,19089,treino
35313,26187,teste
35314,26345,treino
35315,21137,validacao
35316,28087,validacao
35317,17616,validacao
35318,20753,teste
35319,18656,treino
35320,23631,treino
35321,14058,treino
35322,19955,treino
35323,24607,treino
35324,24642,treino
35325,14187,treino
35326,19766,treino
35327,24288,treino
35328,21801,validacao
35329,23106,treino
35330,19735,treino
35331,14741,treino
35332,25754,treino
35333,16920,treino
35334,13435,treino
35335,18534,treino
35336,26524,teste
35337,2121,treino
35338,21228,treino
35339,17073,validacao
35340,767,treino
35341,17573,treino
35342,23773,teste
35343,13148,teste
35344,21040,teste
35345,142,treino
35346,20516,validacao
35347,22555,treino
35348,13487,teste
35349,13752,treino
35350,14518,treino
35351,25619,teste
35352,14280,treino
35353,18672,treino
35354,27349,teste
35355,14563,treino
35356,20905,treino
35357,26706,treino
35358,20786,teste
35359,25403,validacao
35360,23113,treino
35361,23261,treino
35362,25397,treino
35363,21821,teste
35364,20884,treino
35365,21470,validacao
35366,26137,validacao
35367,23572,validacao
35368,13547,treino
35369,22503,treino
35370,22917,treino
35371,19580,teste
35372,15615,treino
35373,23208,teste
35374,19148,treino
35375,20250,validacao
35376,22087,teste
35377,18135,treino
35378,18947,teste
35379,26851,teste
35380,22975,teste
35381,1489,treino
35382,25126,validacao
35383,14678,treino
35384,24551,treino
35385,27767,treino
35386,15999,treino
35387,20631,treino
35388,22897,validacao
35389,855,treino
35390,22085,validacao
35391,24669,validacao
35392,18965,treino
35393,25178,treino
35394,23996,treino
35395,16503,validacao
35396,26151,validacao
35397,28140,validacao
35398,21238,treino
35399,21983,validacao
35400,23287,treino
35401,14720,treino
35402,27665,treino
35403,24717,treino
35404,20901,treino
35405,21459,validacao
35406,27444,validacao
35407,16837,validacao
35408,20533,treino
35409,23749,teste
35410,15182,teste
35411,20666,treino
35412,25845,treino
35413,22673,treino
35414,17476,validacao
35415,18109,treino
35416,13954,validacao
35417,18980,validacao
35418,22248,teste
35419,25048,treino
35420,26678,treino
35421,21159,treino
35422,22895,treino
35423,18311,validacao
35424,28059,validacao
35425,19471,teste
35426,27503,treino
35427,1981,treino
35428,16975,treino
35429,1668,validacao
35430,15422,treino
35431,21325,treino
35432,21370,treino
35433,25336,teste
35434,23473,treino
35435,27811,teste
35436,24772,treino
35437,20730,treino
35438,16193,treino
35439,19536,treino
35440,24543,validacao
35441,23740,treino
35442,13116,treino
35443,17017,validacao
35444,24449,treino
35445,25388,treino
35446,684,validacao
35447,21605,treino
35448,24250,treino
35449,25115,treino
35450,21452,treino
35451,20302,teste
35452,24129,validacao
35453,21263,teste
35454,25504,teste
35455,16767,teste
35456,21484,treino
35457,14862,teste
35458,1452,treino
35459,26620,treino
35460,25710,treino
35461,26367,teste
35462,26275,treino
35463,16022,teste
35464,25877,treino
35465,16563,validacao
35466,25465,treino
35467,20585,treino
35468,25714,validacao
35469,27333,teste
35470,20479,validacao
35471,12893,treino
35472,27726,teste
35473,22703,treino
35474,22022,teste
35475,23024,treino
35476,24572,treino
35477,20006,teste
35478,22287,treino
35479,25236,treino
35480,584,treino
35481,17015,treino
35482,18145,treino
35483,25802,teste
35484,12789,teste
35485,18969,treino
35486,23541,treino
35487,26232,treino
35488,26029,treino
35489,19246,treino
35490,20758,teste
35491,23415,validacao
35492,17036,treino
35493,25469,teste
35494,19520,teste
35495,16525,treino
35496,282,validacao
35497,19443,validacao
35498,16054,treino
35499,21515,treino
35500,27057,validacao
35501,22255,treino
35502,14965,treino
35503,25044,teste
35504,24437,validacao
35505,25328,treino
35506,27075,treino
35507,26368,treino
35508,14144,teste
35509,14038,treino
35510,24276,treino
35511,22145,treino
35512,22753,treino
35513,24685,treino
35514,23762,teste
35515,14372,treino
35516,21355,treino
35517,25215,treino
35518,25248,validacao
35519,27111,treino
35520,17315,treino
35521,601,validacao
35522,17914,teste
35523,25197,teste
35524,22501,teste
35525,19568,teste
35526,22871,treino
35527,19463,validacao
35528,22339,treino
35529,820,treino
35530,27233,treino
35531,22484,treino
35532,24812,treino
35533,22210,validacao
35534,1637,treino
35535,24771,treino
35536,20870,teste
35537,18749,treino
35538,27835,treino
35539,21668,treino
35540,16474,validacao
35541,13826,treino
35542,21327,treino
35543,18791,teste
35544,23224,treino
35545,17081,validacao
35546,19327,treino
35547,1559,treino
35548,23170,validacao
35549,17891,teste
35550,27434,treino
35551,25711,teste
35552,20971,treino
35553,15031,treino
35554,27052,treino
35555,15869,treino
35556,27436,treino
35557,20014,treino
35558,14667,treino
35559,19133,treino
35560,24452,treino
35561,24036,treino
35562,699,treino
35563,21490,validacao
35564,17045,teste
35565,22954,treino
35566,17084,treino
35567,22452,treino
35568,21451,teste
35569,13602,treino
35570,26114,treino
35571,21495,validacao
35572,13430,treino
35573,12875,validacao
35574,21075,treino
35575,14052,treino
35576,24853,teste
35577,18293,treino
35578,13230,treino
35579,27244,validacao
35580,20685,treino
35581,26590,treino
35582,27321,treino
35583,64,treino
35584,17058,treino
35585,17883,treino
35586,23488,treino
35587,23092,treino
35588,17947,treino
35589,23812,validacao
35590,19492,teste
35591,23678,teste
35592,13690,teste
35593,14412,treino
35594,15056,treino
35595,21363,treino
35596,20282,treino
35597,1450,treino
35598,22889,treino
35599,20515,treino
35600,15435,treino
35601,23791,validacao
35602,18303,teste
35603,23688,treino
35604,16570,teste
35605,27860,treino
35606,26047,treino
35607,15103,treino
35608,18469,validacao
35609,23181,treino
35610,25398,treino
35611,15851,treino
35612,25908,treino
35613,13111,treino
35614,956,validacao
35615,22466,treino
35616,22409,treino
35617,25683,treino
35618,13381,treino
35619,18579,treino
35620,20754,treino
35621,24282,treino
35622,19086,teste
35623,19333,teste
35624,18675,teste
35625,12675,treino
35626,13990,treino
35627,18034,treino
35628,16696,treino
35629,22382,treino
35630,18539,teste
35631,19000,validacao
35632,20208,teste
35633,1747,treino
35634,16999,validacao
35635,25588,treino
35636,27713,treino
35637,270,treino
35638,27557,validacao
35639,24246,treino
35640,25539,teste
35641,21475,treino
35642,26924,treino
35643,27151,teste
35644,22373,teste
35645,1300,treino
35646,20915,treino
35647,15746,treino
35648,16106,treino
35649,27160,validacao
35650,18551,treino
35651,25345,teste
35652,24578,treino
35653,22190,teste
35654,24680,treino
35655,22418,validacao
35656,26929,validacao
35657,14048,treino
35658,27016,treino
35659,26140,teste
35660,15399,validacao
35661,27402,validacao
35662,17554,treino
35663,13532,teste
35664,13902,validacao
35665,28070,treino
35666,27309,validacao
35667,19450,treino
35668,20468,teste
35669,23449,validacao
35670,24315,teste
35671,21946,treino
35672,15729,treino
35673,25307,teste
35674,17604,treino
35675,13378,treino
35676,21356,validacao
35677,25425,treino
35678,23107,teste
35679,87,teste
35680,27877,treino
35681,18066,treino
35682,21279,treino
35683,23792,validacao
35684,18360,teste
35685,22656,treino
35686,523,treino
35687,12944,teste
35688,20706,treino
35689,22918,treino
35690,25315,treino
35691,13968,treino
35692,16151,treino
35693,24586,treino
35694,13811,teste
35695,27476,validacao
35696,22682,treino
35697,22019,validacao
35698,20704,treino
35699,23665,validacao
35700,22405,treino
35701,25431,teste
35702,22924,treino
35703,25969,treino
35704,12818,validacao
35705,28091,treino
35706,28122,teste
35707,24595,teste
35708,490,teste
35709,20881,validacao
35710,25109,treino
35711,24636,validacao
35712,15517,treino
35713,23509,treino
35714,16059,treino
35715,23703,validacao
35716,21648,validacao
35717,13094,treino
35718,21419,treino
35719,22163,treino
35720,23813,validacao
35721,23348,teste
35722,23251,treino
35723,20158,teste
35724,17908,teste
35725,21063,treino
35726,27203,treino
35727,21929,treino
35728,13421,validacao
35729,16415,treino
35730,22158,teste
35731,23325,treino
35732,12904,treino
35733,18492,treino
35734,14619,treino
35735,15906,treino
35736,20138,teste
35737,18687,treino
35738,22120,treino
35739,24241,treino
35740,19730,treino
35741,17336,teste
35742,13707,treino
35743,19592,treino
35744,16523,treino
35745,664,treino
35746,23290,validacao
35747,24189,teste
35748,22679,treino
35749,1107,treino
35750,23263,treino
35751,26396,treino
35752,27748,treino
35753,17510,treino
35754,1619,treino
35755,21979,treino
35756,24021,treino
35757,26159,treino
35758,24111,treino
35759,20527,treino
35760,21358,validacao
35761,21111,treino
35762,24865,treino
35763,19308,treino
35764,25055,teste
35765,597,teste
35766,17692,treino
35767,25540,teste
35768,22067,treino
35769,25101,teste
35770,25541,treino
35771,20220,treino
35772,25256,treino
35773,1648,treino
35774,25124,treino
35775,27468,treino
35776,23082,teste
35777,17790,treino
35778,23472,treino
35779,24684,validacao
35780,25107,treino
35781,27238,treino
35782,17641,teste
35783,25140,treino
35784,19545,teste
35785,21496,teste
35786,25198,teste
35787,24871,treino
35788,13083,treino
35789,25572,treino
35790,21265,treino
35791,20276,validacao
35792,18288,treino
35793,23015,teste
35794,22233,validacao
35795,28163,treino
35796,676,treino
35797,19157,treino
35798,27392,treino
35799,1811,treino
35800,1145,teste
35801,24347,treino
35802,21899,teste
35803,21841,treino
35804,21834,treino
35805,25254,teste
35806,23855,treino
35807,14359,treino
35808,27564,treino
35809,18882,validacao
35810,21098,treino
35811,26019,treino
35812,25993,teste
35813,23064,treino
35814,13073,teste
35815,21546,treino
35816,21143,treino
35817,21712,treino
35818,25810,teste
35819,19362,teste
35820,18583,treino
35821,15992,treino
35822,17970,treino
35823,21300,teste
35824,20999,validacao
35825,936,teste
35826,22098,treino
35827,22620,treino
35828,25537,treino
35829,17099,treino
35830,23547,treino
35831,24435,validacao
35832,25396,treino
35833,21362,treino
35834,20843,teste
35835,17839,treino
35836,19969,treino
35837,20299,treino
35838,24701,treino
35839,22713,treino
35840,24451,teste
35841,26563,treino
35842,21830,treino
35843,20260,treino
35844,23067,validacao
35845,25599,teste
35846,27658,teste
35847,20850,teste
35848,22863,teste
35849,20123,teste
35850,701,treino
35851,19010,treino
35852,18726,teste
35853,24664,treino
35854,13387,treino
35855,24749,treino
35856,16604,treino
35857,18943,treino
35858,21273,treino
35859,21944,treino
35860,123,treino
35861,24323,treino
35862,26060,treino
35863,24564,treino
35864,19787,treino
35865,26394,teste
35866,15973,validacao
35867,22925,teste
35868,14786,treino
35869,25595,validacao
35870,26975,treino
35871,20654,treino
35872,18134,treino
35873,16634,treino
35874,18028,teste
35875,655,treino
35876,27727,teste
35877,23008,treino
35878,27680,validacao
35879,17079,treino
35880,24125,treino
35881,24043,treino
35882,21673,treino
35883,2030,treino
35884,27608,teste
35885,27752,validacao
35886,20374,treino
35887,18463,treino
35888,14979,treino
35889,236,teste
35890,24657,validacao
35891,24349,treino
35892,24056,treino
35893,26799,teste
35894,27387,treino
35895,18783,validacao
35896,22746,validacao
35897,21434,treino
35898,19109,treino
35899,25449,treino
35900,25597,treino
35901,27583,treino
35902,27171,treino
35903,24011,teste
35904,19425,validacao
35905,22388,validacao
35906,23858,treino
35907,17418,treino
35908,20105,treino
35909,12701,treino
35910,26115,treino
35911,27085,validacao
35912,19987,treino
35913,27427,validacao
35914,19248,treino
35915,27149,teste
35916,21609,treino
35917,21612,treino
35918,13084,treino
35919,24454,treino
35920,19073,treino
35921,14197,treino
35922,19805,teste
35923,23295,treino
35924,22749,treino
35925,18395,treino
35926,23561,treino
35927,744,validacao
35928,18505,treino
35929,22189,treino
35930,13227,treino
35931,24310,treino
35932,22230,teste
35933,27426,treino
35934,15505,teste
35935,16595,treino
35936,19954,treino
35937,24058,treino
35938,25259,treino
35939,16349,treino
35940,16061,treino
35941,22734,validacao
35942,21959,validacao
35943,25366,validacao
35944,185,teste
35945,23685,treino
35946,23535,treino
35947,27712,validacao
35948,25892,treino
35949,21688,treino
35950,20440,teste
35951,25218,treino
35952,22607,treino
35953,27385,treino
35954,28033,treino
35955,24619,teste
35956,24695,treino
35957,18648,treino
35958,18381,treino
35959,17735,treino
35960,25773,treino
35961,25157,treino
35962,22827,treino
35963,24467,treino
35964,17026,treino
35965,22765,validacao
35966,24969,treino
35967,26812,treino
35968,20702,teste
35969,23554,validacao
35970,28178,treino
35971,240,treino
35972,23049,treino
35973,26454,teste
35974,18646,treino
35975,25829,treino
35976,23055,treino
35977,25339,treino
35978,16728,validacao
35979,16252,treino
35980,24150,treino
35981,13150,treino
35982,26292,validacao
35983,19741,teste
35984,20764,treino
35985,19134,teste
35986,24415,validacao
35987,27022,treino
35988,25840,validacao
35989,92,teste
35990,22845,treino
35991,27091,treino
35992,21664,treino
35993,14352,treino
35994,25968,teste
35995,19594,treino
35996,26068,treino
35997,863,validacao
35998,21411,treino
35999,21286,treino
36000,16601,treino
36001,19082,treino
36002,26880,treino
36003,27524,treino
36004,19731,treino
36005,26441,treino
36006,23194,treino
36007,22089,validacao
36008,24999,treino
36009,21785,treino
36010,23366,teste
36011,27379,treino
36012,16088,treino
36013,24891,treino
36014,23770,treino
36015,21567,treino
36016,21805,treino
36017,26238,treino
36018,21577,teste
36019,24825,validacao
36020,21106,teste
36021,25268,validacao
36022,20633,treino
36023,14424,validacao
36024,719,treino
36025,27592,treino
36026,21432,treino
36027,21681,treino
36028,27839,treino
36029,26679,validacao
36030,25931,treino
36031,16200,treino
36032,23027,treino
36033,317,treino
36034,24457,teste
36035,26741,validacao
36036,19189,teste
36037,22834,treino
36038,19646,treino
36039,27731,treino
36040,20538,treino
36041,12753,treino
36042,27589,treino
36043,24555,treino
36044,14060,treino
36045,26035,treino
36046,18451,treino
36047,12828,teste
36048,23260,treino
36049,18497,treino
36050,22838,validacao
36051,27619,treino
36052,21386,treino
36053,26770,treino
36054,23570,treino
36055,15626,treino
36056,22787,teste
36057,24946,treino
36058,14947,treino
36059,18910,treino
36060,20352,treino
36061,27199,treino
36062,26324,treino
36063,22552,teste
36064,17086,treino
36065,20798,validacao
36066,1023,validacao
36067,1953,treino
36068,16538,treino
36069,15799,treino
36070,24983,treino
36071,26840,teste
36072,22780,treino
36073,928,treino
36074,25965,treino
36075,14885,treino
36076,23032,teste
36077,482,treino
36078,18936,treino
36079,24909,teste
36080,18706,treino
36081,531,treino
36082,685,treino
36083,17989,treino
36084,22699,treino
36085,18366,teste
36086,16342,validacao
36087,22948,teste
36088,26161,teste
36089,496,validacao
36090,25651,treino
36091,28094,treino
36092,24773,teste
36093,12692,treino
36094,24291,treino
36095,15843,validacao
36096,2040,validacao
36097,24725,teste
36098,19032,treino
36099,20987,treino
36100,19654,treino
36101,25492,teste
36102,19906,treino
36103,24212,treino
36104,22033,teste
36105,26987,treino
36106,27502,validacao
36107,21945,validacao
36108,27156,treino
36109,20104,treino
36110,17495,treino
36111,18995,validacao
36112,17267,treino
36113,414,treino
36114,23386,treino
36115,1577,treino
36116,22622,treino
36117,28245,treino
36118,25438,teste
36119,16076,treino
36120,592,teste
36121,1517,treino
36122,20369,validacao
36123,17364,validacao
36124,23046,treino
36125,18113,teste
36126,22747,treino
36127,16073,treino
36128,27129,treino
36129,19941,treino
36130,20537,treino
36131,28219,treino
36132,300,treino
36133,26598,treino
36134,22285,treino
36135,21058,treino
36136,20497,treino
36137,24838,validacao
36138,15261,treino
36139,22584,teste
36140,21354,treino
36141,729,teste
36142,25798,treino
36143,20296,teste
36144,23968,treino
36145,22635,validacao
36146,21079,treino
36147,28102,treino
36148,19484,treino
36149,25885,teste
36150,1372,teste
36151,25730,treino
36152,23626,treino
36153,18651,treino
36154,24003,treino
36155,18448,treino
36156,22815,teste
36157,25123,treino
36158,17248,treino
36159,27205,teste
36160,593,treino
36161,18926,teste
36162,15159,treino
36163,25554,treino
36164,21948,validacao
36165,23346,treino
36166,20385,treino
36167,23398,treino
36168,21045,treino
36169,15880,teste
36170,20787,treino
36171,17940,treino
36172,20861,treino
36173,20004,teste
36174,25618,treino
36175,1695,treino
36176,20312,teste
36177,19123,treino
36178,15288,treino
36179,27094,treino
36180,15192,treino
36181,18613,treino
36182,13641,validacao
36183,20043,teste
36184,20796,treino
36185,22833,treino
36186,20020,treino
36187,627,treino
36188,17764,treino
36189,20072,treino
36190,16644,teste
36191,26690,treino
36192,21713,treino
36193,26381,treino
36194,18668,validacao
36195,19035,validacao
36196,19160,validacao
36197,18854,treino
36198,21860,treino
36199,145,treino
36200,21932,treino
36201,28109,treino
36202,19891,treino
36203,16438,teste
36204,18590,treino
36205,26641,treino
36206,20076,treino
36207,17413,treino
36208,14375,treino
36209,19623,treino
36210,22076,treino
36211,27795,treino
36212,15945,validacao
36213,25072,treino
36214,22687,treino
36215,17966,treino
36216,24787,teste
36217,21982,treino
36218,25702,teste
36219,25527,treino
36220,24631,treino
36221,14700,validacao
36222,24346,treino
36223,20226,treino
36224,27357,treino
36225,19115,teste
36226,14191,validacao
36227,14308,teste
36228,16282,treino
36229,20857,treino
36230,19233,treino
36231,16284,validacao
36232,20623,treino
36233,24706,treino
36234,23798,teste
36235,75,treino
36236,15703,treino
36237,27428,teste
36238,14524,treino
36239,27671,treino
36240,25394,validacao
36241,25643,treino
36242,15954,treino
36243,17854,treino
36244,19141,treino
36245,16930,treino
36246,19748,teste
36247,22864,validacao
36248,22916,treino
36249,16392,treino
36250,25936,teste
36251,22183,treino
36252,16780,treino
36253,24714,treino
36254,20766,treino
36255,17615,treino
36256,22554,treino
36257,21161,validacao
36258,16791,treino
36259,16325,treino
36260,2103,treino
36261,20367,treino
36262,27723,treino
36263,20223,validacao
36264,20862,teste
36265,22413,treino
36266,23500,treino
36267,19368,treino
36268,25477,treino
36269,16390,teste
36270,24777,treino
36271,13537,treino
36272,22851,teste
36273,24316,treino
36274,23294,treino
36275,19146,treino
36276,21540,treino
36277,24309,validacao
36278,22880,treino
36279,24140,treino
36280,22164,treino
36281,28173,treino
36282,27934,treino
36283,13213,validacao
36284,22773,teste
36285,25369,teste
36286,14512,treino
36287,24205,teste
36288,28123,teste
36289,25407,teste
36290,18862,teste
36291,21964,validacao
36292,18944,treino
36293,22364,treino
36294,26079,treino
36295,20718,treino
36296,22348,treino
36297,13920,treino
36298,28153,validacao
36299,28144,teste
36300,27296,treino
36301,20449,treino
36302,22208,treino
36303,22752,treino
36304,19336,treino
36305,1818,treino
36306,16518,treino
36307,25869,treino
36308,17902,teste
36309,20044,treino
36310,14632,teste
36311,21231,treino
36312,13159,treino
36313,27354,teste
36314,15930,teste
36315,18030,treino
36316,21037,treino
36317,20152,treino
36318,23564,treino
36319,15017,treino
36320,518,treino
36321,17090,treino
36322,952,treino
36323,789,treino
36324,26467,treino
36325,13696,treino
36326,22139,treino
36327,842,treino
36328,23825,treino
36329,26901,validacao
36330,17371,teste
36331,17564,treino
36332,15631,treino
36333,139,validacao
36334,20257,treino
36335,13678,teste
36336,22994,treino
36337,24637,treino
36338,666,validacao
36339,23879,treino
36340,16956,treino
36341,18503,treino
36342,26792,treino
36343,19449,validacao
36344,24750,treino
36345,20944,teste
36346,25912,validacao
36347,17925,treino
36348,13252,validacao
36349,23108,treino
36350,22278,treino
36351,20061,treino
36352,23331,treino
36353,19466,treino
36354,23949,treino
36355,25608,treino
36356,18178,teste
36357,22738,treino
36358,13333,treino
36359,24840,treino
36360,26221,treino
36361,16018,teste
36362,22029,treino
36363,16174,teste
36364,17004,teste
36365,19059,teste
36366,17244,validacao
36367,19093,treino
36368,22817,treino
36369,22886,treino
36370,21061,treino
36371,17998,treino
36372,25494,treino
36373,1591,validacao
36374,18158,treino
36375,18032,treino
36376,15100,treino
36377,24548,treino
36378,21534,treino
36379,1843,treino
36380,15528,treino
36381,20278,treino
36382,28104,teste
36383,15936,teste
36384,17796,treino
36385,18993,validacao
36386,17321,teste
36387,18683,validacao
36388,19681,treino
36389,18149,teste
36390,27035,treino
36391,26505,validacao
36392,22962,treino
36393,23252,validacao
36394,21950,treino
36395,21662,teste
36396,26311,treino
36397,16982,treino
36398,292,treino
36399,21507,validacao
36400,27803,treino
36401,21065,validacao
36402,25214,treino
36403,18952,treino
36404,25603,treino
36405,27683,treino
36406,198,treino
36407,20031,treino
36408,22537,treino
36409,26684,teste
36410,26421,treino
36411,14166,treino
36412,17658,treino
36413,22570,validacao
36414,28017,treino
36415,24500,teste
36416,21413,teste
36417,25644,treino
36418,20286,treino
36419,16813,treino
36420,16483,teste
36421,1094,treino
36422,26457,treino
36423,21594,treino
36424,24747,teste
36425,13398,treino
36426,15654,teste
36427,27351,teste
36428,25446,treino
36429,15014,treino
36430,15166,treino
36431,25211,treino
36432,1348,treino
36433,16879,treino
36434,12783,validacao
36435,20808,treino
36436,1653,teste
36437,20524,treino
36438,18223,treino
36439,15683,teste
36440,27958,treino
36441,17837,validacao
36442,367,teste
36443,25668,treino
36444,25089,treino
36445,20169,treino
36446,20846,treino
36447,27120,treino
36448,18705,treino
36449,14601,treino
36450,17173,treino
36451,23272,validacao
36452,27682,treino
36453,23444,treino
36454,21614,treino
36455,1827,teste
36456,16714,treino
36457,23842,validacao
36458,26326,teste
36459,20926,treino
36460,20034,treino
36461,22949,teste
36462,22574,treino
36463,25085,teste
36464,19774,teste
36465,21620,treino
36466,26571,validacao
36467,21753,treino
36468,23635,teste
36469,20517,treino
36470,17654,treino
36471,530,teste
36472,24649,validacao
36473,16566,treino
36474,25292,treino
36475,14899,treino
36476,27180,treino
36477,929,treino
36478,765,treino
36479,27259,treino
36480,18329,teste
36481,15303,teste
36482,19762,teste
36483,18180,treino
36484,23131,treino
36485,14213,treino
36486,24528,treino
36487,22034,treino
36488,17441,treino
36489,28002,treino
36490,21887,teste
36491,26643,treino
36492,18624,teste
36493,24792,treino
36494,23056,treino
36495,16850,teste
36496,18905,teste
36497,26402,treino
36498,26472,treino
36499,24689,teste
36500,25238,treino
36501,20712,treino
36502,21182,validacao
36503,23099,treino
36504,246,treino
36505,22331,treino
36506,13658,treino
36507,13805,validacao
36508,20768,treino
36509,28116,teste
36510,16756,treino
36511,25862,validacao
36512,27356,treino
36513,25081,treino
36514,19746,treino
36515,503,teste
36516,19060,treino
36517,21672,validacao
36518,16447,treino
36519,20604,teste
36520,18442,treino
36521,27231,teste
36522,19270,treino
36523,21267,teste
36524,959,treino
36525,22672,treino
36526,23315,treino
36527,23045,treino
36528,21102,treino
36529,24321,treino
36530,14826,validacao
36531,25435,validacao
36532,1380,treino
36533,26180,treino
36534,26398,treino
36535,16594,teste
36536,559,treino
36537,16854,treino
36538,19470,treino
36539,26839,treino
36540,20672,treino
36541,22777,treino
36542,16132,validacao
36543,27453,treino
36544,22261,teste
36545,27248,treino
36546,26855,treino
36547,22491,treino
36548,17484,treino
36549,18996,teste
36550,24503,treino
36551,23460,treino
36552,990,validacao
36553,21580,treino
36554,23486,teste
36555,15739,teste
36556,27236,treino
36557,2098,treino
36558,26399,treino
36559,22716,treino
36560,26330,validacao
36561,25195,treino
36562,24592,treino
36563,25775,validacao
36564,18190,treino
36565,20024,treino
36566,23147,treino
36567,13217,treino
36568,23130,treino
36569,1176,teste
36570,19844,teste
36571,27462,treino
36572,23642,treino
36573,669,treino
36574,18556,teste
36575,24232,treino
36576,614,treino
36577,1492,treino
36578,24746,treino
36579,21416,treino
36580,22338,treino
36581,24801,treino
36582,2044,treino
36583,14625,teste
36584,14982,treino
36585,16886,validacao
36586,22407,teste
36587,23583,validacao
36588,20636,treino
36589,22335,treino
36590,21734,treino
36591,22425,treino
36592,13182,validacao
36593,14971,treino
36594,27728,validacao
36595,19434,treino
36596,23176,treino
36597,21831,teste
36598,22138,treino
36599,14527,validacao
36600,16496,treino
36601,27969,treino
36602,26985,treino
36603,22128,treino
36604,26764,validacao
36605,18992,treino
36606,27484,treino
36607,571,validacao
36608,27152,treino
36609,22714,treino
36610,19590,teste
36611,18912,treino
36612,19815,teste
36613,25591,validacao
36614,19461,validacao
36615,24444,treino
36616,20342,treino
36617,23298,treino
36618,23112,teste
36619,26798,treino
36620,24658,teste
36621,20546,treino
36622,430,treino
36623,21423,treino
36624,21888,teste
36625,21186,treino
36626,21292,treino
36627,21781,treino
36628,19984,treino
36629,24679,treino
36630,20412,teste
36631,27034,treino
36632,27501,treino
36633,22157,teste
36634,13521,treino
36635,710,teste
36636,25047,teste
36637,26095,treino
36638,27901,treino
36639,20622,treino
36640,589,treino
36641,26805,validacao
36642,15308,validacao
36643,15415,validacao
36644,26847,teste
36645,24781,teste
36646,17317,treino
36647,1744,treino
36648,15700,treino
36649,24797,treino
36650,16620,treino
36651,21371,treino
36652,25451,treino
36653,224,teste
36654,20353,validacao
36655,21220,validacao
36656,23365,validacao
36657,25274,treino
36658,23363,teste
36659,23352,treino
36660,19931,treino
36661,23101,teste
36662,24958,treino
36663,18946,validacao
36664,625,teste
36665,21236,treino
36666,26050,treino
36667,23476,teste
36668,18782,teste
36669,21689,treino
36670,25577,teste
36671,22979,teste
36672,14756,treino
36673,21657,treino
36674,20192,treino
36675,14656,treino
36676,23827,treino
36677,16479,treino
36678,17109,treino
36679,25262,treino
36680,26837,teste
36681,966,teste
36682,28183,treino
36683,21147,treino
36684,19348,teste
36685,20157,teste
36686,20135,validacao
36687,488,treino
36688,22885,treino
36689,27295,treino
36690,19216,treino
36691,25253,treino
36692,27729,validacao
36693,16029,treino
36694,25203,teste
36695,27388,treino
36696,17422,treino
36697,27082,treino
36698,27470,validacao
36699,21207,treino
36700,27026,treino
36701,24489,treino
36702,20432,teste
36703,20569,treino
36704,25335,teste
36705,19132,validacao
36706,20980,treino
36707,19501,treino
36708,12734,treino
36709,16376,treino
36710,21755,treino
36711,13731,treino
36712,788,treino
36713,27573,validacao
36714,22396,teste
36715,19784,treino
36716,20687,treino
36717,23662,teste
36718,22203,treino
36719,23243,treino
36720,20677,treino
36721,21562,treino
36722,19153,treino
36723,19291,validacao
36724,2082,validacao
36725,18245,treino
36726,23334,treino
36727,20863,teste
36728,23241,teste
36729,27304,treino
36730,15126,treino
36731,19918,treino
36732,26530,treino
36733,24341,treino
36734,13036,teste
36735,16681,treino
36736,22459,validacao
36737,28210,treino
36738,21399,treino
36739,25234,treino
36740,21020,treino
36741,27049,treino
36742,21450,treino
36743,14622,teste
36744,19679,validacao
36745,26865,treino
36746,23777,treino
36747,13886,treino
36748,23311,treino
36749,21097,treino
36750,181,treino
36751,13778,validacao
36752,25662,treino
36753,810,teste
36754,22191,validacao
36755,379,treino
36756,16718,teste
36757,20825,treino
36758,188,teste
36759,23940,treino
36760,22909,treino
36761,24908,treino
36762,22953,treino
36763,24561,treino
36764,27606,treino
36765,20665,validacao
36766,22307,treino
36767,24214,treino
36768,20140,treino
36769,18844,teste
36770,19121,teste
36771,17280,validacao
36772,18607,teste
36773,24325,teste
36774,24867,treino
36775,22238,treino
36776,18896,treino
36777,247,treino
36778,21046,teste
36779,25143,treino
36780,28207,treino
36781,25392,treino
36782,23622,validacao
36783,24589,treino
36784,25735,treino
36785,24237,treino
36786,17979,validacao
36787,16659,validacao
36788,20401,treino
36789,588,treino
36790,19473,treino
36791,22626,treino
36792,27707,treino
36793,15417,treino
36794,23362,treino
36795,23837,teste
36796,28061,treino
36797,21645,teste
36798,13102,treino
36799,28166,treino
36800,23846,validacao
36801,20977,teste
36802,21533,treino
36803,20698,treino
36804,21184,treino
36805,18038,teste
36806,18740,treino
36807,24037,teste
36808,20571,teste
36809,15769,validacao
36810,21651,treino
36811,25201,treino
36812,16331,treino
36813,23828,treino
36814,25276,validacao
36815,26533,teste
36816,27599,treino
36817,20400,treino
36818,13541,validacao
36819,16448,treino
36820,12897,treino
36821,22449,treino
36822,24904,validacao
36823,25052,validacao
36824,27629,treino
36825,16926,treino
36826,23198,teste
36827,23063,treino
36828,13906,teste
36829,12738,treino
36830,13958,treino
36831,18531,teste
36832,13068,treino
36833,15067,treino
36834,13774,treino
36835,28086,validacao
36836,25316,treino
36837,27316,treino
36838,14832,validacao
36839,21806,validacao
36840,21200,treino
36841,21179,teste
36842,20075,teste
36843,691,teste
36844,1470,validacao
36845,27113,treino
36846,23166,teste
36847,17175,treino
36848,20732,teste
36849,24177,validacao
36850,981,teste
36851,26900,treino
36852,18511,treino
36853,23964,validacao
36854,20028,treino
36855,74,treino
36856,26634,teste
36857,17856,treino
36858,21326,treino
36859,16455,treino
36860,25555,treino
36861,14990,treino
36862,24376,treino
36863,25983,treino
36864,21443,treino
36865,22017,teste
36866,16278,treino
36867,27907,treino
36868,24809,validacao
36869,18407,treino
36870,20844,treino
36871,18669,validacao
36872,23271,treino
36873,21280,treino
36874,16964,validacao
36875,27778,treino
36876,13910,treino
36877,2078,treino
36878,27533,treino
36879,25074,treino
36880,17019,treino
36881,21424,treino
36882,26302,validacao
36883,26444,treino
36884,26279,teste
36885,24694,treino
36886,23684,treino
36887,19508,treino
36888,22971,treino
36889,17053,treino
36890,23256,teste
36891,18081,teste
36892,17807,treino
36893,23914,treino
36894,23323,treino
36895,19034,treino
36896,24996,treino
36897,27025,treino
36898,14335,teste
36899,16833,validacao
36900,19012,treino
36901,15412,teste
36902,25841,treino
36903,20978,treino
36904,18631,teste
36905,17049,treino
36906,20795,treino
36907,22063,teste
36908,25010,treino
36909,16063,teste
36910,18378,treino
36911,22611,treino
36912,13940,teste
36913,22755,treino
36914,25362,treino
36915,28013,treino
36916,17529,treino
36917,24913,treino
36918,22105,treino
36919,24767,treino
36920,26475,treino
36921,20988,treino
36922,15823,treino
36923,22280,treino
36924,19389,teste
36925,25499,treino
36926,23961,teste
36927,24279,treino
36928,19020,validacao
36929,17011,teste
36930,21733,treino
36931,28131,treino
36932,26640,treino
36933,23591,treino
36934,16195,treino
36935,15034,validacao
36936,20451,validacao
36937,19790,treino
36938,27193,validacao
36939,23274,treino
36940,16809,treino
36941,14715,validacao
36942,17145,treino
36943,26862,treino
36944,23335,treino
36945,19980,teste
36946,27162,treino
36947,21815,treino
36948,28198,teste
36949,27366,treino
36950,26134,treino
36951,17585,teste
36952,25980,teste
36953,23281,treino
36954,21900,treino
36955,19277,treino
36956,19563,treino
36957,23479,validacao
36958,21317,treino
36959,16423,treino
36960,26107,treino
36961,19175,validacao
36962,19721,treino
36963,25602,treino
36964,17917,treino
36965,23693,treino
36966,27076,treino
36967,53,treino
36968,14962,teste
36969,18393,treino
36970,25855,treino
36971,18999,treino
36972,25327,treino
36973,27383,treino
36974,27131,treino
36975,826,treino
36976,20867,treino
36977,942,validacao
36978,19881,treino
36979,26287,teste
36980,21808,treino
36981,22018,treino
36982,21205,validacao
36983,16505,treino
36984,26291,treino
36985,24166,teste
36986,25005,treino
36987,24367,teste
36988,28164,treino
36989,21883,treino
36990,19191,validacao
36991,19183,validacao
36992,15359,treino
36993,24492,treino
36994,2108,treino
36995,26270,teste
36996,22341,teste
36997,20315,treino
36998,26623,validacao
36999,27815,treino
37000,16388,treino
37001,27692,treino
37002,25791,treino
37003,19498,treino
37004,26903,treino
37005,1895,treino
37006,23824,treino
37007,18878,validacao
37008,18356,teste
37009,18509,treino
37010,25742,treino
37011,26071,treino
37012,14825,teste
37013,327,treino
37014,13060,teste
37015,26273,treino
37016,23302,validacao
37017,1779,treino
37018,24478,treino
37019,19145,teste
37020,19441,treino
37021,19306,validacao
37022,16288,treino
37023,26632,treino
37024,24628,treino
37025,20628,treino
37026,24062,treino
37027,23750,treino
37028,16897,teste
37029,13749,treino
37030,18077,treino
37031,24141,validacao
37032,15188,treino
37033,660,teste
37034,21744,treino
37035,22571,teste
37036,28209,teste
37037,24623,validacao
37038,20548,validacao
37039,25284,treino
37040,19705,teste
37041,23283,treino
37042,22810,treino
37043,21552,teste
37044,23769,teste
37045,24644,validacao
37046,21561,validacao
37047,21151,treino
37048,17944,teste
37049,380,treino
37050,19723,treino
37051,22204,treino
37052,26387,treino
37053,20616,teste
37054,23857,treino
37055,21128,validacao
37056,24876,validacao
37057,860,validacao
37058,15155,teste
37059,21949,treino
37060,20148,validacao
37061,22977,teste
37062,20186,teste
37063,24645,treino
37064,22700,treino
37065,681,teste
37066,26940,treino
37067,22932,treino
37068,22282,teste
37069,25423,treino
37070,19168,treino
37071,18060,treino
37072,23677,teste
37073,17672,treino
37074,21157,treino
37075,24351,validacao
37076,24910,treino
37077,20262,treino
37078,25216,treino
37079,24030,treino
37080,23418,teste
37081,24203,teste
37082,15620,treino
37083,18983,validacao
37084,21469,treino
37085,22212,treino
37086,16186,teste
37087,22581,validacao
37088,15374,teste
37089,14071,treino
37090,24723,treino
37091,24780,treino
37092,774,treino
37093,25418,validacao
37094,19553,validacao
37095,20815,treino
37096,21183,teste
37097,26351,teste
37098,27001,treino
37099,24927,treino
37100,22414,treino
37101,20814,treino
37102,27618,validacao
37103,26366,teste
37104,28187,treino
37105,27853,teste
37106,15994,treino
37107,49,treino
37108,22982,treino
37109,25621,validacao
37110,13028,treino
37111,16378,treino
37112,27704,teste
37113,23595,treino
37114,27624,treino
37115,15458,treino
37116,16385,treino
37117,20727,treino
37118,26337,treino
37119,18869,teste
37120,22697,treino
37121,24227,treino
37122,26794,treino
37123,20474,treino
37124,27139,teste
37125,22308,teste
37126,24311,treino
37127,23353,treino
37128,16527,treino
37129,24660,treino
37130,19847,treino
37131,14893,treino
37132,586,teste
37133,25387,treino
37134,26234,validacao
37135,24218,treino
37136,859,treino
37137,26034,teste
37138,725,treino
37139,24764,treino
37140,22957,validacao
37141,24038,treino
37142,26484,validacao
37143,12950,treino
37144,14363,treino
37145,13054,teste
37146,26342,treino
37147,19412,treino
37148,21705,teste
37149,22110,validacao
37150,27809,treino
37151,23351,teste
37152,23881,treino
37153,25001,teste
37154,16899,teste
37155,20416,validacao
37156,26687,validacao
37157,26674,treino
37158,20410,treino
37159,27400,treino
37160,22244,treino
37161,15898,validacao
37162,17993,treino
37163,25562,validacao
37164,25258,teste
37165,19707,validacao
37166,28133,treino
37167,25831,treino
37168,27492,treino
37169,18011,teste
37170,15726,treino
37171,24020,teste
37172,22313,treino
37173,14340,treino
37174,1157,validacao
37175,23079,treino
37176,16364,treino
37177,22996,teste
37178,18563,treino
37179,25301,treino
37180,23983,treino
37181,12855,treino
37182,25117,treino
37183,27300,treino
37184,1250,teste
37185,18264,validacao
37186,26397,treino
37187,23989,treino
37188,25073,validacao
37189,28150,treino
37190,27499,treino
37191,17153,treino
37192,19265,validacao
37193,23669,teste
37194,25787,validacao
37195,25243,treino
37196,24005,treino
37197,15346,treino
37198,21988,treino
37199,20563,treino
37200,27212,treino
37201,23585,teste
37202,1766,treino
37203,17051,teste
37204,12993,treino
37205,21289,validacao
37206,21868,treino
37207,21392,treino
37208,21266,teste
37209,20894,validacao
37210,16903,treino
37211,18459,treino
37212,20694,treino
37213,19667,treino
37214,17681,treino
37215,21519,treino
37216,25708,validacao
37217,22081,treino
37218,16096,treino
37219,18729,validacao
37220,27339,treino
37221,20676,validacao
37222,20555,treino
37223,20100,teste
37224,21613,teste
37225,20877,validacao
37226,20962,teste
37227,24868,treino
37228,21315,treino
37229,26961,treino
37230,20531,treino
37231,22074,treino
37232,23286,treino
37233,16797,treino
37234,21933,treino
37235,352,treino
37236,25019,validacao
37237,7420,treino
37238,4115,treino
37239,20068,validacao
37240,632,teste
37241,22579,teste
37242,23330,treino
37243,20557,treino
37244,27142,teste
37245,24271,treino
37246,3398,treino
37247,1561,treino
37248,17295,treino
37249,732,teste
37250,18421,teste
37251,899,teste
37252,18616,treino
37253,24364,treino
37254,259,treino
37255,26826,treino
37256,3291,treino
37257,23862,validacao
37258,21321,treino
37259,1758,validacao
37260,25441,treino
37261,26225,treino
37262,13909,treino
37263,22839,teste
37264,3538,treino
37265,27068,teste
37266,20222,treino
37267,26614,treino
37268,19338,treino
37269,21069,treino
37270,6208,treino
37271,20241,treino
37272,4010,teste
37273,25102,treino
37274,5644,treino
37275,15563,treino
37276,22727,treino
37277,21478,teste
37278,17339,teste
37279,630,validacao
37280,22984,teste
37281,25311,treino
37282,26801,validacao
37283,19702,treino
37284,20643,teste
37285,8712,teste
37286,20957,validacao
37287,23523,treino
37288,20059,treino
37289,24729,treino
37290,1097,treino
37291,20963,treino
37292,14507,treino
37293,27256,validacao
37294,20632,validacao
37295,15132,treino
37296,4444,treino
37297,25872,validacao
37298,219,treino
37299,5789,treino
37300,26559,validacao
37301,1589,treino
37302,26228,treino
37303,22192,treino
37304,20530,treino
37305,21960,validacao
37306,5678,treino
37307,27526,teste
37308,25318,treino
37309,18658,validacao
37310,26920,teste
37311,15369,treino
37312,25041,validacao
37313,22094,treino
37314,26697,teste
37315,27847,treino
37316,20015,treino
37317,5608,treino
37318,27859,treino
37319,24742,treino
37320,25133,treino
37321,15952,teste
37322,21099,validacao
37323,27631,teste
37324,22728,teste
37325,7404,validacao
37326,7628,treino
37327,6963,validacao
37328,21019,treino
37329,177,treino
37330,19628,teste
37331,15306,treino
37332,25784,teste
37333,23533,treino
37334,22776,teste
37335,21048,treino
37336,16752,validacao
37337,26729,treino
37338,321,treino
37339,24632,treino
37340,22992,teste
37341,7500,teste
37342,20519,teste
37343,21925,teste
37344,15186,treino
37345,21984,treino
37346,16722,treino
37347,28182,treino
37348,17560,treino
37349,21598,treino
37350,23090,treino
37351,20309,validacao
37352,23594,treino
37353,2303,validacao
37354,1430,treino
37355,25667,treino
37356,20448,validacao
37357,15109,validacao
37358,20503,treino
37359,1643,treino
37360,17506,treino
37361,4086,validacao
37362,17133,teste
37363,1716,treino
37364,27165,treino
37365,15429,treino
37366,21285,treino
37367,7845,teste
37368,3294,treino
37369,25158,treino
37370,5867,treino
37371,951,validacao
37372,2728,treino
37373,110,treino
37374,26411,teste
37375,3620,teste
37376,24765,validacao
37377,25409,treino
37378,2010,treino
37379,26952,teste
37380,16986,treino
37381,15085,treino
37382,18512,validacao
37383,27214,treino
37384,21477,teste
37385,1569,validacao
37386,22731,validacao
37387,23725,validacao
37388,16160,treino
37389,25148,validacao
37390,1627,treino
37391,12724,treino
37392,24040,teste
37393,15846,treino
37394,16244,treino
37395,16741,treino
37396,7626,treino
37397,23169,treino
37398,24077,treino
37399,23882,teste
37400,1139,validacao
37401,19117,teste
37402,22939,teste
37403,20523,treino
37404,27693,treino
37405,22323,treino
37406,22283,teste
37407,16867,teste
37408,8641,validacao
37409,3184,treino
37410,26763,treino
37411,24614,validacao
37412,21791,treino
37413,15777,treino
37414,24235,teste
37415,24115,validacao
37416,26415,validacao
37417,22422,treino
37418,24226,treino
37419,25080,treino
37420,2075,treino
37421,19013,treino
37422,17798,treino
37423,20737,treino
37424,7224,treino
37425,18057,treino
37426,18707,treino
37427,17544,teste
37428,208,treino
37429,22735,treino
37430,26782,validacao
37431,14856,validacao
37432,28222,treino
37433,13447,teste
37434,28242,treino
37435,21792,treino
37436,8596,treino
37437,878,teste
37438,20082,treino
37439,23284,treino
37440,19363,teste
37441,5655,treino
37442,21985,teste
37443,2921,treino
37444,5797,validacao
37445,22577,treino
37446,18479,validacao
37447,20805,treino
37448,1613,treino
37449,25551,teste
37450,25559,teste
37451,24800,teste
37452,20499,treino
37453,13593,treino
37454,14443,validacao
37455,24678,treino
37456,3584,treino
37457,6844,treino
37458,21118,treino
37459,22356,validacao
37460,16949,teste
37461,19666,teste
37462,7999,teste
37463,24563,teste
37464,8767,validacao
37465,18043,validacao
37466,2993,teste
37467,22522,teste
37468,2110,treino
37469,23123,treino
37470,3531,teste
37471,3299,treino
37472,16223,treino
37473,26251,treino
37474,4124,treino
37475,15137,treino
37476,16565,treino
37477,6062,teste
37478,5979,treino
37479,22884,treino
37480,27639,treino
37481,18508,treino
37482,6771,treino
37483,2716,treino
37484,7363,treino
37485,26913,validacao
37486,22086,validacao
37487,13315,validacao
37488,18253,treino
37489,3958,validacao
37490,24208,treino
37491,24626,treino
37492,8195,teste
37493,25946,teste
37494,25522,treino
37495,24668,teste
37496,27626,treino
37497,25704,treino
37498,23002,teste
37499,26653,treino
37500,28197,treino
37501,25013,treino
37502,20873,treino
37503,23171,treino
37504,19480,treino
37505,21911,validacao
37506,19849,validacao
37507,22010,treino
37508,662,validacao
37509,6429,validacao
37510,24421,treino
37511,23795,treino
37512,23494,teste
37513,18930,treino
37514,18764,treino
37515,25948,treino
37516,16048,treino
37517,13236,treino
37518,7168,validacao
37519,18757,validacao
37520,17229,teste
37521,22048,treino
37522,21054,treino
37523,16007,treino
37524,25139,validacao
37525,23326,treino
37526,14285,treino
37527,20461,treino
37528,16893,treino
37529,18851,treino
37530,968,treino
37531,8470,treino
37532,28043,treino
37533,7022,treino
37534,22003,treino
37535,24515,treino
37536,26062,treino
37537,2153,treino
37538,1150,teste
37539,4094,treino
37540,15688,treino
37541,23999,treino
37542,25329,validacao
37543,7112,validacao
37544,4528,teste
37545,4552,treino
37546,535,treino
37547,17347,validacao
37548,17512,teste
37549,1260,validacao
37550,3315,treino
37551,22870,treino
37552,22446,validacao
37553,22705,teste
37554,690,teste
37555,22933,teste
37556,24880,teste
37557,23433,treino
37558,22560,treino
37559,20155,treino
37560,24253,treino
37561,14032,treino
37562,45,treino
37563,8709,treino
37564,21513,validacao
37565,27941,treino
37566,2563,treino
37567,21232,teste
37568,25033,treino
37569,25083,treino
37570,668,validacao
37571,26897,treino
37572,18476,teste
37573,16254,treino
37574,26118,treino
37575,3827,validacao
37576,5795,treino
37577,21992,treino
37578,6134,teste
37579,18225,validacao
37580,27822,treino
37581,20311,treino
37582,23529,treino
37583,2870,treino
37584,28171,teste
37585,17103,teste
37586,28047,treino
37587,23697,teste
37588,21919,teste
37589,19994,treino
37590,8324,treino
37591,18805,teste
37592,17599,validacao
37593,675,treino
37594,19772,treino
37595,1940,validacao
37596,3715,validacao
37597,3663,teste
37598,8638,treino
37599,25125,teste
37600,7862,validacao
37601,26274,teste
37602,22883,treino
37603,16654,teste
37604,164,teste
37605,26323,treino
37606,26594,treino
37607,21820,treino
37608,12707,treino
37609,516,validacao
37610,791,treino
37611,25170,treino
37612,20115,teste
37613,908,teste
37614,26756,teste
37615,19637,treino
37616,20402,validacao
37617,22390,treino
37618,25165,treino
37619,26775,teste
37620,16922,treino
37621,2457,treino
37622,15962,treino
37623,26073,teste
37624,18847,treino
37625,22453,teste
37626,23878,validacao
37627,25415,treino
37628,21291,treino
37629,23542,treino
37630,1359,treino
37631,18600,treino
37632,20895,treino
37633,16748,treino
37634,20953,treino
37635,22028,validacao
37636,21542,treino
37637,20733,treino
37638,13760,teste
37639,2287,treino
37640,3389,validacao
37641,17454,treino
37642,15892,treino
37643,13618,treino
37644,5703,treino
37645,7973,treino
37646,3022,teste
37647,22487,treino
37648,21593,treino
37649,17443,teste
37650,22068,teste
37651,20781,teste
37652,21390,treino
37653,27067,treino
37654,20684,teste
37655,3053,treino
37656,25777,teste
37657,27989,treino
37658,22393,treino
37659,26200,treino
37660,27000,validacao
37661,23127,treino
37662,17724,treino
37663,22337,validacao
37664,26249,validacao
37665,15600,validacao
37666,27561,validacao
37667,16044,validacao
37668,18753,treino
37669,19575,teste
37670,27543,treino
37671,27904,treino
37672,233,treino
37673,17794,treino
37674,24860,validacao
37675,8225,validacao
37676,17192,treino
37677,20069,treino
37678,19831,validacao
37679,16353,treino
37680,16221,validacao
37681,16450,teste
37682,15220,teste
37683,7267,teste
37684,2234,treino
37685,22141,teste
37686,14650,treino
37687,207,treino
37688,19655,treino
37689,14515,teste
37690,3831,teste
37691,25036,validacao
37692,25150,treino
37693,17433,treino
37694,1199,treino
37695,25681,validacao
37696,25529,validacao
37697,19877,treino
37698,23399,teste
37699,24410,teste
37700,23407,teste
37701,1907,treino
37702,6312,validacao
37703,22121,treino
37704,22846,treino
37705,23818,treino
37706,19006,validacao
37707,19698,validacao
37708,17265,treino
37709,20722,treino
37710,18291,validacao
37711,727,treino
37712,16597,treino
37713,20430,validacao
37714,17151,treino
37715,14636,treino
37716,25472,treino
37717,1100,treino
37718,27232,treino
37719,27014,treino
37720,6927,treino
37721,20388,treino
37722,21941,teste
37723,27458,treino
37724,24477,teste
37725,1902,treino
37726,19510,treino
37727,25084,treino
37728,23357,treino
37729,25967,teste
37730,51,teste
37731,21560,treino
37732,8569,treino
37733,26017,treino
37734,23009,teste
37735,21787,treino
37736,353,treino
37737,24824,teste
37738,20089,teste
37739,4456,validacao
37740,24071,treino
37741,25973,validacao
37742,12658,treino
37743,26691,teste
37744,21180,validacao
37745,13686,treino
37746,20744,validacao
37747,21601,treino
37748,831,treino
37749,15175,validacao
37750,22172,validacao
37751,17750,teste
37752,17398,teste
37753,19525,validacao
37754,724,treino
37755,1825,treino
37756,16707,validacao
37757,2025,validacao
37758,22401,validacao
37759,1869,treino
37760,1164,teste
37761,7881,treino
37762,1544,treino
37763,138,treino
37764,731,teste
37765,24634,treino
37766,21160,treino
37767,21334,treino
37768,23203,teste
37769,14807,teste
37770,18849,treino
37771,28196,treino
37772,18544,treino
37773,27613,validacao
37774,27916,validacao
37775,20635,teste
37776,13704,teste
37777,659,treino
37778,15618,treino
37779,17006,treino
37780,25776,treino
37781,5694,treino
37782,20174,teste
37783,20617,teste
37784,16729,treino
37785,7143,treino
37786,27541,treino
37787,926,validacao
37788,20137,teste
37789,6843,treino
37790,4935,validacao
37791,25090,treino
37792,22349,treino
37793,27359,teste
37794,24144,treino
37795,4244,treino
37796,25067,teste
37797,21384,teste
37798,18989,teste
37799,5010,treino
37800,25696,teste
37801,14047,treino
37802,18269,treino
37803,21631,treino
37804,13661,treino
37805,18914,teste
37806,106,treino
37807,24113,treino
37808,19382,treino
37809,2608,treino
37810,25289,teste
37811,20986,validacao
37812,24028,treino
37813,8183,teste
37814,23042,treino
37815,26841,treino
37816,26120,teste
37817,24192,teste
37818,20144,treino
37819,16641,teste
37820,22220,treino
37821,22027,treino
37822,27753,teste
37823,26428,validacao
37824,18015,treino
37825,19814,teste
37826,18301,treino
37827,16026,treino
37828,26617,teste
37829,21752,treino
37830,27440,teste
37831,26660,treino
37832,20095,treino
37833,1571,teste
37834,25380,treino
37835,26184,treino
37836,17424,treino
37837,19044,treino
37838,27710,treino
37839,14693,treino
37840,20294,treino
37841,19917,validacao
37842,14117,treino
37843,22915,treino
37844,16672,treino
37845,8624,treino
37846,4644,treino
37847,21103,treino
37848,25118,validacao
37849,16419,treino
37850,23429,treino
37851,25175,teste
37852,23233,validacao
37853,16993,teste
37854,13345,treino
37855,24718,validacao
37856,20392,treino
37857,24715,treino
37858,18756,treino
37859,18478,treino
37860,20551,treino
37861,17043,validacao
37862,21994,treino
37863,26650,teste
37864,17426,treino
37865,19817,teste
37866,16916,treino
37867,6514,validacao
37868,19579,treino
37869,21626,treino
37870,26726,teste
37871,248,validacao
37872,22868,treino
37873,24591,treino
37874,27912,treino
37875,3549,treino
37876,28085,treino
37877,26088,treino
37878,17060,validacao
37879,23680,treino
37880,25408,treino
37881,20454,teste
37882,15178,treino
37883,28125,treino
37884,637,validacao
37885,21975,treino
37886,4023,teste
37887,18857,treino
37888,18690,teste
37889,19839,treino
37890,20878,validacao
37891,19411,treino
37892,22178,treino
37893,5526,teste
37894,22042,validacao
37895,5331,validacao
37896,27743,teste
37897,24391,treino
37898,24424,treino
37899,2730,treino
37900,23787,treino
37901,20790,teste
37902,26682,validacao
37903,13926,treino
37904,3794,teste
37905,22941,validacao
37906,652,treino
37907,20193,treino
37908,21608,validacao
37909,23446,teste
37910,25338,treino
37911,17118,treino
37912,5467,validacao
37913,15452,treino
37914,18085,treino
37915,27756,treino
37916,20055,treino
37917,17674,teste
37918,26551,validacao
37919,24889,treino
37920,27384,validacao
37921,23253,validacao
37922,1384,treino
37923,2160,treino
37924,25466,validacao
37925,22492,treino
37926,26732,validacao
37927,7083,treino
37928,20209,teste
37929,20913,treino
37930,25269,treino
37931,13056,teste
37932,44,treino
37933,17325,teste
37934,13168,teste
37935,7575,validacao
37936,657,teste
37937,21584,treino
37938,25473,treino
37939,14607,treino
37940,21770,treino
37941,20079,treino
37942,4844,treino
37943,26122,treino
37944,19140,treino
37945,27635,teste
37946,3084,treino
37947,25312,treino
37948,24431,treino
37949,18879,validacao
37950,15597,teste
37951,26174,teste
37952,5819,treino
37953,2550,treino
37954,24409,treino
37955,25368,treino
37956,23235,treino
37957,27037,treino
37958,25502,treino
37959,17163,treino
37960,26757,treino
37961,26164,treino
37962,17646,teste
37963,15982,treino
37964,26044,treino
37965,4712,treino
37966,23718,treino
37967,8804,treino
37968,26836,validacao
37969,15484,teste
37970,100,treino
37971,24803,teste
37972,21123,treino
37973,16146,treino
37974,595,treino
37975,18427,treino
37976,2284,treino
37977,26230,validacao
37978,16355,treino
37979,7418,treino
37980,16492,treino
37981,27064,teste
37982,28181,validacao
37983,3379,treino
37984,21541,treino
37985,19690,validacao
37986,364,validacao
37987,20344,treino
37988,23902,treino
37989,25655,treino
37990,16136,treino
37991,25479,teste
37992,8065,treino
37993,7197,treino
37994,25205,teste
37995,21369,validacao
37996,25518,treino
37997,26995,validacao
37998,20256,treino
37999,21503,treino
38000,27419,treino
38001,2272,treino
38002,2696,teste
38003,20372,treino
38004,1992,treino
38005,24995,treino
38006,14922,teste
38007,20350,treino
38008,2835,validacao
38009,4143,treino
38010,14464,treino
38011,547,treino
38012,14552,treino
38013,7007,treino
38014,18399,teste
38015,22615,teste
38016,19870,teste
38017,3497,teste
38018,28211,treino
38019,26502,treino
38020,16989,teste
38021,18132,treino
38022,26420,treino
38023,22234,treino
38024,6970,teste
38025,21970,validacao
38026,1866,treino
38027,13299,treino
38028,20994,treino
38029,26957,teste
38030,2735,treino
38031,20675,treino
38032,21853,treino
38033,18718,validacao
38034,8636,treino
38035,18954,treino
38036,27069,teste
38037,2598,treino
38038,12884,treino
38039,25100,treino
38040,3196,treino
38041,27535,treino
38042,24549,treino
38043,15650,treino
38044,6710,treino
38045,23814,treino
38046,3654,teste
38047,13563,treino
38048,26218,treino
38049,2015,treino
38050,7312,validacao
38051,27187,treino
38052,19636,treino
38053,2274,treino
38054,20077,treino
38055,21746,treino
38056,25296,teste
38057,24524,treino
38058,24506,treino
38059,20939,validacao
38060,4819,validacao
38061,16785,treino
38062,18793,teste
38063,828,teste
38064,22546,teste
38065,19716,treino
38066,27218,teste
38067,20686,treino
38068,26529,treino
38069,26760,treino
38070,19292,validacao
38071,19631,treino
38072,23810,treino
38073,7749,treino
38074,25675,treino
38075,6244,treino
38076,13536,treino
38077,22327,treino
38078,8430,validacao
38079,2360,treino
38080,1407,treino
38081,18759,teste
38082,21468,treino
38083,15592,teste
38084,26379,treino
38085,6281,treino
38086,15403,treino
38087,27725,treino
38088,13335,treino
38089,25764,teste
38090,19374,treino
38091,4761,teste
38092,22358,treino
38093,20556,treino
38094,6298,validacao
38095,20916,treino
38096,20505,treino
38097,17910,treino
38098,4453,teste
38099,22874,validacao
38100,27791,teste
38101,25282,treino
38102,22499,treino
38103,26154,teste
38104,3009,teste
38105,18932,treino
38106,20267,teste
38107,514,validacao
38108,5120,treino
38109,23639,validacao
38110,227,teste
38111,22928,validacao
38112,17255,treino
38113,22181,validacao
38114,17024,treino
38115,27338,treino
38116,14593,teste
38117,21195,teste
38118,19635,validacao
38119,286,teste
38120,24546,treino
38121,26771,treino
38122,23242,treino
38123,19084,treino
38124,2714,validacao
38125,27118,treino
38126,26593,validacao
38127,13443,treino
38128,16219,teste
38129,85,treino
38130,513,treino
38131,3789,teste
38132,26306,treino
38133,5365,treino
38134,21901,treino
38135,21064,treino
38136,24358,validacao
38137,21380,treino
38138,24389,validacao
38139,20680,treino
38140,17898,treino
38141,21406,treino
38142,26872,treino
38143,28243,teste
38144,27093,teste
38145,26339,treino
38146,25915,validacao
38147,21739,teste
38148,20413,treino
38149,25630,treino
38150,2538,validacao
38151,8499,treino
38152,23863,treino
38153,28130,validacao
38154,17811,treino
38155,27604,treino
38156,26552,teste
38157,20103,teste
38158,13223,treino
38159,24973,treino
38160,21955,teste
38161,5145,treino
38162,20780,treino
38163,24610,treino
38164,17312,treino
38165,18376,treino
38166,28203,treino
38167,16299,treino
38168,21782,validacao
38169,27563,treino
38170,19602,teste
38171,21637,treino
38172,27531,treino
38173,17800,treino
38174,26553,treino
38175,25911,treino
38176,26427,treino
38177,16544,treino
38178,4159,treino
38179,22794,treino
38180,17955,validacao
38181,13096,teste
38182,15198,treino
38183,7849,treino
38184,13070,teste
38185,20153,treino
38186,2414,treino
38187,27979,treino
38188,25815,validacao
38189,24128,validacao
38190,4321,teste
38191,18634,treino
38192,1599,treino
38193,16033,treino
38194,25622,treino
38195,24980,treino
38196,21259,teste
38197,21011,treino
38198,24333,treino
38199,25863,treino
38200,21655,treino
38201,19898,teste
38202,22859,treino
38203,19068,treino
38204,916,treino
38205,19604,treino
38206,1149,treino
38207,7609,treino
38208,18621,treino
38209,18760,treino
38210,18231,treino
38211,15717,teste
38212,20724,teste
38213,25612,treino
38214,24576,treino
38215,25265,treino
38216,28062,treino
38217,23180,treino
38218,17411,treino
38219,1752,treino
38220,21395,treino
38221,18102,teste
38222,22693,treino
38223,21499,treino
38224,4227,treino
38225,14243,treino
38226,20696,treino
38227,21600,treino
38228,26485,treino
38229,27307,treino
38230,16608,treino
38231,17995,treino
38232,5933,validacao
38233,19675,treino
38234,22370,treino
38235,27395,teste
38236,25402,treino
38237,225,treino
38238,21727,teste
38239,14466,teste
38240,187,treino
38241,20321,teste
38242,25305,treino
38243,16453,treino
38244,700,treino
38245,25357,validacao
38246,25568,treino
38247,25481,validacao
38248,25302,treino
38249,14168,treino
38250,21087,teste
38251,13119,treino
38252,25478,treino
38253,26231,treino
38254,20273,treino
38255,14630,treino
38256,26278,treino
38257,7589,treino
38258,17157,treino
38259,16798,treino
38260,24941,teste
38261,13248,treino
38262,4684,teste
38263,1121,treino
38264,25050,treino
38265,26252,treino
38266,13153,treino
38267,19008,treino
38268,25393,validacao
38269,15008,treino
38270,22525,treino
38271,27697,treino
38272,7540,teste
38273,2349,treino
38274,25156,teste
38275,26777,teste
38276,18520,treino
38277,24618,treino
38278,22465,treino
38279,17629,treino
38280,16661,validacao
38281,20467,treino
38282,7245,teste
38283,27903,treino
38284,24491,treino
38285,6627,teste
38286,8891,treino
38287,16954,treino
38288,22875,teste
38289,24554,treino
38290,22792,validacao
38291,20928,validacao
38292,23527,treino
38293,18424,treino
38294,21203,validacao
38295,17209,treino
38296,268,treino
38297,18045,treino
38298,295,treino
38299,25832,teste
38300,17458,treino
38301,23117,teste
38302,20707,teste
38303,22521,treino
38304,18062,treino
38305,25283,treino
38306,775,teste
38307,22269,validacao
38308,20820,treino
38309,18777,treino
38310,148,treino
38311,24743,teste
38312,7092,teste
38313,25430,treino
38314,24211,teste
38315,23376,treino
38316,20456,treino
38317,25935,treino
38318,19589,treino
38319,27240,treino
38320,16246,treino
38321,20173,treino
38322,24935,treino
38323,18977,treino
38324,26408,teste
38325,7699,treino
38326,21715,treino
38327,21229,teste
38328,22772,validacao
38329,4152,treino
38330,2807,teste
38331,1948,treino
38332,4462,treino
38333,15211,teste
38334,20450,validacao
38335,24453,validacao
38336,18115,treino
38337,23374,validacao
38338,19105,teste
38339,17991,treino
38340,1389,teste
38341,28097,treino
38342,1854,treino
38343,642,treino
38344,20227,treino
38345,23291,treino
38346,19644,teste
38347,7046,treino
38348,20575,validacao
38349,17497,teste
38350,20840,treino
38351,23040,treino
38352,24238,teste
38353,8465,treino
38354,20486,treino
38355,6488,treino
38356,18587,validacao
38357,26048,treino
38358,21907,treino
38359,24640,validacao
38360,17437,teste
38361,26647,validacao
38362,16261,treino
38363,16273,teste
38364,26493,treino
38365,5057,treino
38366,4135,validacao
38367,21629,teste
38368,26470,treino
38369,21155,treino
38370,2941,validacao
38371,17542,treino
38372,8011,treino
38373,19685,validacao
38374,16462,treino
38375,6989,teste
38376,25589,teste
38377,21115,treino
38378,25149,treino
38379,2100,treino
38380,244,treino
38381,14796,treino
38382,8050,teste
38383,19944,teste
38384,15623,treino
38385,20405,teste
38386,6667,treino
38387,26242,treino
38388,26522,treino
38389,2888,treino
38390,21893,treino
38391,20775,treino
38392,17703,validacao
38393,25142,treino
38394,22531,treino
38395,22187,treino
38396,19106,teste
38397,25511,treino
38398,22972,validacao
38399,20921,teste
38400,27287,teste
38401,20163,treino
38402,17716,teste
38403,24862,treino
38404,23783,teste
38405,1749,treino
38406,17172,teste
38407,22274,teste
38408,19778,treino
38409,21961,validacao
38410,13392,treino
38411,1357,validacao
38412,19850,treino
38413,20540,validacao
38414,20147,treino
38415,24737,teste
38416,20038,treino
38417,20338,validacao
38418,25130,treino
38419,24153,validacao
38420,18021,teste
38421,25569,treino
38422,21341,validacao
38423,21909,treino
38424,24757,treino
38425,14876,validacao
38426,20381,validacao
38427,4190,treino
38428,17552,validacao
38429,26825,treino
38430,24897,treino
38431,24240,treino
38432,22967,treino
38433,26008,treino
38434,671,validacao
38435,21364,treino
38436,24278,teste
38437,4873,validacao
38438,22179,treino
38439,18960,treino
38440,26087,treino
38441,23464,teste
38442,14707,treino
38443,25517,treino
38444,26018,treino
38445,22988,treino
38446,12913,treino
38447,27154,treino
38448,1951,treino
38449,24160,teste
38450,16180,treino
38451,27694,teste
38452,25758,validacao
38453,25051,treino
38454,2088,treino
38455,1341,treino
38456,19920,treino
38457,7558,validacao
38458,20720,teste
38459,16312,treino
38460,21398,teste
38461,23340,validacao
38462,27179,treino
38463,5889,treino
38464,1673,treino
38465,24508,treino
38466,20835,treino
38467,4363,treino
38468,7264,validacao
38469,3059,teste
38470,25066,validacao
38471,24356,treino
38472,21972,treino
38473,15519,teste
38474,21012,treino
38475,4077,teste
38476,22704,treino
38477,7346,treino
38478,5668,treino
38479,4212,treino
38480,21217,validacao
38481,27202,validacao
38482,13599,teste
38483,21466,treino
38484,20553,treino
38485,23111,treino
38486,18051,validacao
38487,14406,teste
38488,15645,treino
38489,24674,validacao
38490,8266,teste
38491,22293,teste
38492,27959,teste
38493,22289,treino
38494,18331,teste
38495,23411,treino
38496,25986,treino
38497,27991,treino
38498,24831,treino
38499,21134,teste
38500,20731,treino
38501,6200,validacao
38502,6471,validacao
38503,2316,treino
38504,24302,treino
38505,20308,teste
38506,13051,treino
38507,20375,treino
38508,16043,treino
38509,23148,treino
38510,1011,treino
38511,20869,treino
38512,26877,treino
38513,20013,validacao
38514,1184,validacao
38515,15797,treino
38516,28175,validacao
38517,27363,treino
38518,17177,treino
38519,21826,treino
38520,3094,treino
38521,5063,treino
38522,26460,treino
38523,25805,treino
38524,21438,treino
38525,16638,treino
38526,18612,treino
38527,26630,treino
38528,13632,treino
38529,8886,treino
38530,28129,treino
38531,14126,treino
38532,20958,validacao
38533,26006,treino
38534,23918,validacao
38535,3116,treino
38536,22265,treino
38537,25360,validacao
38538,20646,validacao
38539,5413,treino
38540,25523,treino
38541,17111,treino
38542,5491,treino
38543,26604,treino
38544,26487,treino
38545,21110,validacao
38546,8848,teste
38547,26422,treino
38548,28015,treino
38549,25057,treino
38550,24518,treino
38551,16687,teste
38552,16862,treino
38553,20354,validacao
38554,22132,treino
38555,25087,teste
38556,6739,teste
38557,209,treino
38558,26685,teste
38559,3103,treino
38560,27852,validacao
38561,5391,validacao
38562,24186,treino
38563,18748,treino
38564,23992,validacao
38565,3358,treino
38566,5486,treino
38567,25647,teste
38568,8290,treino
38569,19350,teste
38570,23445,validacao
38571,15956,validacao
38572,19027,treino
38573,20826,treino
38574,25615,treino
38575,20898,teste
38576,2337,validacao
38577,2158,treino
38578,786,treino
38579,17523,treino
38580,28135,teste
38581,17473,teste
38582,22940,teste
38583,26336,treino
38584,26708,teste
38585,26582,validacao
38586,27003,treino
38587,22052,treino
38588,16640,treino
38589,25697,teste
38590,1796,treino
38591,27641,validacao
38592,894,validacao
38593,26899,treino
38594,14804,treino
38595,20156,teste
38596,26569,treino
38597,20681,treino
38598,26838,treino
38599,22467,treino
38600,25713,treino
38601,8614,treino
38602,14544,treino
38603,27922,treino
38604,13673,treino
38605,16882,teste
38606,25900,treino
38607,27722,treino
38608,12805,treino
38609,27393,treino
38610,24744,teste
38611,28155,teste
38612,21890,treino
38613,23041,validacao
38614,6826,treino
38615,21633,teste
38616,24089,teste
38617,25185,teste
38618,888,treino
38619,25480,treino
38620,21570,teste
38621,7537,validacao
38622,4482,treino
38623,15248,treino
38624,19029,treino
38625,6653,teste
38626,23797,teste
38627,18821,treino
38628,19897,teste
38629,223,treino
38630,26621,teste
38631,17570,validacao
38632,21042,teste
38633,24708,treino
38634,13974,treino
38635,16067,treino
38636,18042,treino
38637,27539,treino
38638,19691,teste
38639,6365,treino
38640,26059,treino
38641,6059,treino
38642,27659,validacao
38643,27377,treino
38644,27216,validacao
38645,20054,treino
38646,25526,teste
38647,8274,teste
38648,22712,validacao
38649,12718,treino
38650,8085,treino
38651,495,treino
38652,22825,treino
38653,27344,validacao
38654,5041,treino
38655,19621,validacao
38656,26507,treino
38657,21660,validacao
38658,7454,treino
38659,13634,treino
38660,27141,treino
38661,26713,treino
38662,211,treino
38663,20130,teste
38664,27028,teste
38665,18561,treino
38666,23943,treino
38667,13764,treino
38668,3687,teste
38669,5047,treino
38670,23205,treino
38671,28218,treino
38672,20030,teste
38673,27078,treino
38674,26125,treino
38675,19144,treino
38676,279,treino
38677,24802,treino
38678,26297,treino
38679,20624,treino
38680,25209,treino
38681,476,treino
38682,27601,treino
38683,19970,teste
38684,17094,treino
38685,21017,validacao
38686,27790,treino
38687,16080,treino
38688,13803,treino
38689,2794,treino
38690,22291,teste
38691,26463,treino
38692,25429,teste
38693,22166,treino
38694,3445,treino
38695,26787,teste
38696,8572,treino
38697,1970,treino
38698,22472,treino
38699,16082,treino
38700,27144,validacao
38701,21240,teste
38702,19357,teste
38703,371,treino
38704,21072,treino
38705,20799,treino
38706,22605,treino
38707,22564,validacao
38708,17757,teste
38709,21622,validacao
38710,18270,validacao
38711,26638,treino
38712,21935,teste
38713,4561,teste
38714,132,teste
38715,22507,teste
38716,1000,treino
38717,6453,validacao
38718,18774,treino
38719,651,teste
38720,891,treino
38721,24775,treino
38722,21545,treino
38723,20803,treino
38724,25816,teste
38725,27956,treino
38726,18636,treino
38727,22803,treino
38728,25344,treino
38729,26103,treino
38730,294,treino
38731,21342,treino
38732,498,treino
38733,27754,treino
38734,24656,teste
38735,22295,treino
38736,19460,teste
38737,16039,treino
38738,4621,treino
38739,24939,treino
38740,2466,validacao
38741,25309,treino
38742,8551,treino
38743,618,teste
38744,17471,teste
38745,20925,treino
38746,26310,validacao
38747,17183,treino
38748,8895,treino
38749,20238,validacao
38750,19764,teste
38751,26282,treino
38752,24863,treino
38753,23867,validacao
38754,19556,validacao
38755,24285,treino
38756,252,treino
38757,23381,treino
38758,24006,treino
38759,4335,treino
38760,22415,treino
38761,26105,treino
38762,24976,treino
38763,28112,treino
38764,13797,validacao
38765,26055,treino
38766,16692,validacao
38767,19674,teste
38768,26894,treino
38769,22670,treino
38770,21968,treino
38771,25680,treino
38772,25762,treino
38773,228,treino
38774,19487,treino
38775,21472,teste
38776,26503,validacao
38777,21527,treino
38778,5214,treino
38779,22947,treino
38780,26215,teste
38781,15490,teste
38782,22742,teste
38783,17216,treino
38784,13492,teste
38785,26147,treino
38786,20855,validacao
38787,26027,treino
38788,17802,treino
38789,23905,teste
38790,25293,validacao
38791,8609,treino
38792,14859,treino
38793,22417,validacao
38794,8618,teste
38795,18762,treino
38796,20851,treino
38797,19672,teste
38798,477,treino
38799,15577,treino
38800,18398,teste
38801,24420,treino
38802,1720,treino
38803,27921,treino
38804,785,validacao
38805,17504,validacao
38806,22301,treino
38807,21905,treino
38808,3813,treino
38809,22862,treino
38810,16400,teste
38811,25513,treino
38812,21304,treino
38813,4539,treino
38814,28100,treino
38815,24730,validacao
38816,21254,teste
38817,16111,treino
38818,23364,validacao
38819,27471,treino
38820,23179,teste
38821,27706,treino
38822,13898,teste
38823,4692,validacao
38824,3937,treino
38825,3935,treino
38826,27663,treino
38827,22443,treino
38828,23576,treino
38829,20348,validacao
38830,135,treino
38831,26317,treino
38832,23912,validacao
38833,13888,treino
38834,7378,treino
38835,22404,teste
38836,4922,treino
38837,462,treino
38838,22360,teste
38839,20866,validacao
38840,27381,validacao
38841,26942,treino
38842,21193,treino
38843,3487,treino
38844,5850,validacao
38845,251,treino
38846,8860,teste
38847,22324,teste
38848,21506,teste
38849,24149,treino
38850,19998,treino
38851,25947,validacao
38852,19272,treino
38853,26765,validacao
38854,26572,validacao
38855,17271,validacao
38856,19638,treino
38857,22053,treino
38858,736,validacao
38859,2019,treino
38860,24573,treino
38861,20852,treino
38862,4810,teste
38863,18025,treino
38864,2792,treino
38865,23072,teste
38866,3304,teste
38867,16217,validacao
38868,5439,treino
38869,21148,treino
38870,14448,validacao
38871,19878,teste
38872,24842,treino
38873,17683,treino
38874,27073,treino
38875,854,treino
38876,6378,treino
38877,27571,treino
38878,24919,teste
38879,6194,treino
38880,19227,treino
38881,20307,treino
38882,12798,treino
38883,25444,treino
38884,18221,treino
38885,18566,teste
38886,25153,teste
38887,20472,teste
38888,24394,treino
38889,21437,teste
38890,23455,treino
38891,17860,treino
38892,5211,treino
38893,25925,treino
38894,23952,treino
38895,14062,treino
38896,19744,validacao
38897,26967,validacao
38898,21403,teste
38899,12809,validacao
38900,27590,treino
38901,26045,treino
38902,17475,treino
38903,20804,treino
38904,18215,treino
38905,19179,validacao
38906,157,treino
38907,23861,treino
38908,8165,validacao
38909,20620,teste
38910,25003,treino
38911,24990,treino
38912,18899,treino
38913,2276,treino
38914,19905,teste
38915,22990,treino
38916,21958,treino
38917,218,treino
38918,16426,treino
38919,26568,treino
38920,23808,validacao
38921,19465,treino
38922,23495,treino
38923,20275,teste
38924,21628,treino
38925,4299,treino
38926,19937,teste
38927,26157,validacao
38928,509,validacao
38929,23971,treino
38930,16763,treino
38931,25566,treino
38932,22148,treino
38933,23826,teste
38934,26664,treino
38935,27010,teste
38936,2499,treino
38937,26046,validacao
38938,5007,treino
38939,1933,validacao
38940,5358,treino
38941,15546,validacao
38942,166,teste
38943,21059,teste
38944,22147,teste
38945,22589,treino
38946,27224,treino
38947,20565,treino
38948,19172,treino
38949,21717,validacao
38950,5081,treino
38951,26692,validacao
38952,20364,teste
38953,1006,treino
38954,24430,treino
38955,26498,treino
38956,17951,treino
38957,24448,treino
38958,24427,validacao
38959,27432,treino
38960,1987,teste
38961,14492,validacao
38962,20205,teste
38963,3983,treino
38964,1539,treino
38965,3230,treino
38966,27785,treino
38967,26344,treino
38968,21082,validacao
38969,27455,teste
38970,22106,validacao
38971,4698,teste
38972,22881,teste
38973,24866,teste
38974,2843,treino
38975,8851,treino
38976,4788,teste
38977,13943,teste
38978,21814,teste
38979,18725,teste
38980,1920,treino
38981,21181,validacao
38982,13242,treino
38983,21322,treino
38984,26544,teste
38985,3873,teste
38986,190,treino
38987,19659,teste
38988,19058,treino
38989,872,treino
38990,20679,treino
38991,22512,treino
38992,16772,treino
38993,22498,validacao
38994,8457,treino
38995,15571,validacao
38996,27522,validacao
38997,21016,validacao
38998,5876,treino
38999,21426,validacao
39000,24277,treino
39001,26074,treino
39002,22419,treino
39003,21646,treino
39004,14776,treino
39005,217,treino
39006,25876,treino
39007,6193,treino
39008,25896,treino
39009,27066,validacao
39010,22748,treino
39011,25320,treino
39012,23809,treino
39013,20070,validacao
39014,13090,validacao
39015,26581,treino
39016,25460,teste
39017,16381,treino
39018,20343,treino
39019,26576,treino
39020,23078,treino
39021,13891,treino
39022,23774,treino
39023,26054,treino
39024,7586,teste
39025,6525,treino
39026,26749,teste
39027,25093,treino
39028,20032,teste
39029,4202,teste
39030,25252,teste
39031,6886,treino
39032,27925,treino
39033,18856,teste
39034,22309,treino
39035,634,treino
39036,22069,treino
39037,24971,validacao
39038,21807,treino
39039,27793,treino
39040,4856,treino
39041,13278,treino
39042,1345,treino
39043,8475,treino
39044,22612,treino
39045,182,treino
39046,617,teste
39047,17613,treino
39048,3328,treino
39049,25743,teste
39050,200,treino
39051,28237,treino
39052,7260,validacao
39053,21421,validacao
39054,18162,treino
39055,24473,teste
39056,3630,validacao
39057,27960,treino
39058,18803,validacao
39059,23517,teste
39060,19235,treino
39061,7778,teste
39062,28018,teste
39063,5275,validacao
39064,16804,treino
39065,21226,treino
39066,4029,teste
39067,599,treino
39068,6358,teste
39069,21802,validacao
39070,2353,treino
39071,19910,treino
39072,5506,validacao
39073,7654,treino
39074,1655,treino
39075,6713,validacao
39076,17768,validacao
39077,1194,treino
39078,27632,treino
39079,23764,validacao
39080,17610,teste
39081,1802,treino
39082,16434,validacao
39083,18591,treino
39084,2042,treino
39085,3684,validacao
39086,26570,treino
39087,8664,teste
39088,256,treino
39089,26246,teste
39090,17766,treino
39091,3512,treino
39092,375,treino
39093,19038,treino
39094,20626,teste
39095,20642,teste
39096,19936,teste
39097,18604,treino
39098,8536,treino
39099,24666,validacao
39100,16583,teste
39101,25079,treino
39102,24834,validacao
39103,13045,treino
39104,18772,treino
39105,18699,teste
39106,25017,treino
39107,4966,validacao
39108,24738,treino
39109,21586,teste
39110,25677,treino
39111,18802,teste
39112,20363,treino
39113,20064,treino
39114,19825,treino
39115,3754,validacao
39116,3997,treino
39117,19804,treino
39118,21665,teste
39119,12775,treino
39120,16852,treino
39121,25008,treino
39122,27172,treino
39123,26313,treino
39124,3289,treino
39125,22273,treino
39126,21595,teste
39127,27323,validacao
39128,18304,teste
39129,24922,validacao
39130,22821,validacao
39131,26099,teste
39132,27883,treino
39133,23748,teste
39134,8444,treino
39135,24975,validacao
39136,18868,treino
39137,25663,treino
39138,27894,treino
39139,21260,treino
39140,8815,treino
39141,27059,treino
39142,25223,validacao
39143,17000,validacao
39144,16208,validacao
39145,23873,validacao
39146,18673,teste
39147,24989,treino
39148,28216,validacao
39149,27813,treino
39150,43,treino
39151,19781,treino
39152,28148,treino
39153,1290,validacao
39154,4111,teste
39155,25839,treino
39156,25593,treino
39157,216,treino
39158,3282,treino
39159,14240,treino
39160,14231,treino
39161,25308,treino
39162,4216,teste
39163,18788,validacao
39164,27649,treino
39165,26334,treino
39166,111,treino
39167,18278,treino
39168,6563,treino
39169,1973,treino
39170,26955,validacao
39171,25014,treino
39172,18919,treino
39173,20734,validacao
39174,124,teste
39175,26288,treino
39176,19339,teste
39177,26089,treino
39178,14987,treino
39179,2443,treino
39180,25076,teste
39181,23057,validacao
39182,19961,treino
39183,24401,treino
39184,15366,treino
39185,26207,treino
39186,26562,treino
39187,26043,treino
39188,20288,teste
39189,21553,treino
39190,1838,treino
39191,4329,treino
39192,18714,teste
39193,4402,teste
39194,24852,treino
39195,22545,validacao
39196,8507,treino
39197,19488,validacao
39198,18840,validacao
39199,26303,validacao
39200,25669,teste
39201,24952,treino
39202,20025,treino
39203,22175,treino
39204,21407,treino
39205,1754,treino
39206,25457,treino
39207,4308,teste
39208,5718,teste
39209,26958,treino
39210,24272,validacao
39211,18599,treino
39212,140,teste
39213,27222,teste
39214,15759,treino
39215,26077,treino
39216,20036,validacao
39217,23320,treino
39218,13770,validacao
39219,19726,treino
39220,21131,treino
39221,23617,validacao
39222,24719,treino
39223,14504,treino
39224,26823,treino
39225,25528,treino
39226,16052,treino
39227,16429,treino
39228,3369,validacao
39229,906,validacao
39230,21278,treino
39231,694,teste
39232,27418,teste
39233,23555,treino
39234,21724,teste
39235,25029,teste
39236,343,treino
39237,4654,treino
39238,4637,treino
39239,21638,teste
39240,24217,validacao
39241,2900,treino
39242,20313,validacao
39243,25581,treino
39244,21337,teste
39245,24330,treino
39246,22150,treino
39247,6637,validacao
39248,25795,validacao
39249,21679,treino
39250,21388,teste
39251,26688,treino
39252,17105,teste
39253,26121,treino
39254,27689,treino
39255,16830,treino
39256,7105,treino
39257,24707,treino
39258,26645,treino
39259,25509,treino
39260,2240,treino
39261,23782,treino
39262,8252,teste
39263,22196,validacao
39264,16735,validacao
39265,16115,teste
39266,26404,validacao
39267,18597,treino
39268,12982,treino
39269,22543,validacao
39270,22455,teste
39271,819,teste
39272,23201,treino
39273,27483,treino
39274,22795,validacao
39275,3530,validacao
39276,1548,treino
39277,19926,treino
39278,24907,treino
39279,22320,treino
39280,27065,teste
39281,24034,treino
39282,25720,teste
39283,8441,teste
39284,22329,teste
39285,373,treino
39286,21777,teste
39287,23052,validacao
39288,23048,treino
39289,20535,teste
39290,26169,treino
39291,24734,teste
39292,25793,treino
39293,17900,validacao
39294,5045,validacao
39295,22890,treino
39296,25873,teste
39297,18967,treino
39298,4377,treino
39299,23110,teste
39300,24055,treino
39301,13738,teste
39302,15097,treino
39303,22286,treino
39304,19320,treino
39305,17461,treino
39306,5040,validacao
39307,27764,treino
39308,6220,treino
39309,308,treino
39310,3918,validacao
39311,26538,validacao
39312,22529,treino
39313,26667,treino
39314,25582,treino
39315,849,treino
39316,20443,treino
39317,28053,treino
39318,18490,treino
39319,3003,teste
39320,25534,teste
39321,21721,treino
39322,27168,treino
39323,22646,treino
39324,23379,treino
39325,2126,validacao
39326,20182,validacao
39327,24049,teste
39328,1519,treino
39329,16579,treino
39330,302,treino
39331,4755,validacao
39332,7942,treino
39333,24849,treino
39334,21488,teste
39335,20991,teste
39336,4734,teste
39337,22920,validacao
39338,13482,treino
39339,22774,teste
39340,21135,teste
39341,13507,treino
39342,17532,treino
39343,136,treino
39344,348,treino
39345,25956,treino
39346,4869,treino
39347,5771,teste
39348,20091,treino
39349,8926,validacao
39350,12712,treino
39351,14927,treino
39352,25988,treino
39353,17819,treino
39354,26190,treino
39355,19406,treino
39356,24566,teste
39357,24368,teste
39358,27582,teste
39359,25578,treino
39360,21215,treino
39361,4171,treino
39362,24692,treino
39363,27327,treino
39364,6460,teste
39365,25058,teste
39366,2975,treino
39367,115,validacao
39368,24945,treino
39369,22451,treino
39370,1044,teste
39371,5096,treino
39372,25422,teste
39373,19420,treino
39374,21718,validacao
39375,6170,treino
39376,22861,teste
39377,24231,treino
39378,27247,treino
39379,14941,treino
39380,7480,treino
39381,26704,treino
39382,1556,treino
39383,23875,treino
39384,21311,teste
39385,25196,validacao
39386,21119,treino
39387,17978,validacao
39388,1424,treino
39389,2824,treino
39390,22598,treino
39391,24165,validacao
39392,8107,treino
39393,27011,treino
39394,24758,treino
39395,27586,treino
39396,25147,treino
39397,24507,treino
39398,20859,treino
39399,23687,treino
39400,20970,teste
39401,17452,validacao
39402,26881,validacao
39403,3458,treino
39404,17293,treino
39405,16759,treino
39406,18485,treino
39407,27721,validacao
39408,20542,validacao
39409,19321,validacao
39410,4318,treino
39411,24569,treino
39412,14819,treino
39413,12812,validacao
39414,3135,treino
39415,20340,treino
39416,22416,treino
39417,25637,treino
39418,26725,treino
39419,20404,treino
39420,4833,teste
39421,28057,treino
39422,19423,treino
39423,15950,treino
39424,24704,treino
39425,17568,teste
39426,23276,treino
39427,23747,treino
39428,13922,treino
39429,16613,teste
39430,26289,teste
39431,21583,treino
39432,6536,treino
39433,20040,validacao
39434,20341,teste
39435,25692,treino
39436,26525,validacao
39437,21709,treino
39438,24521,treino
39439,25298,teste
39440,24872,treino
39441,21344,validacao
39442,4680,treino
39443,19620,teste
39444,16912,treino
39445,21275,treino
39446,24172,teste
39447,18283,validacao
39448,25416,validacao
39449,7025,teste
39450,20827,treino
39451,7314,treino
39452,8819,treino
39453,23469,teste
39454,25954,treino
39455,18780,treino
39456,2640,teste
39457,22496,treino
39458,25006,treino
39459,4576,treino
39460,21445,treino
39461,27798,treino
39462,20729,validacao
39463,6528,teste
39464,20950,teste
39465,2418,treino
39466,25180,treino
39467,27098,teste
39468,17516,treino
39469,21987,treino
39470,20261,teste
39471,3952,treino
39472,27251,treino
39473,15054,treino
39474,20583,teste
39475,16720,validacao
39476,8820,validacao
39477,24905,treino
39478,18280,treino
39479,1793,teste
39480,26827,treino
39481,26052,treino
39482,19608,treino
39483,27273,treino
39484,27854,teste
39485,4893,teste
39486,2983,treino
39487,24584,treino
39488,202,treino
39489,1935,treino
39490,26842,treino
39491,18482,treino
39492,4608,treino
39493,21701,teste
39494,24574,teste
39495,24943,teste
39496,21130,teste
39497,26959,treino
39498,24382,treino
39499,23338,treino
39500,18602,treino
39501,7639,treino
39502,22292,treino
39503,26183,treino
39504,1427,treino
39505,15734,treino
39506,12758,treino
39507,21558,validacao
39508,28048,treino
39509,14536,treino
39510,21376,treino
39511,20774,teste
39512,17226,validacao
39513,9597,treino
39514,6993,treino
39515,25227,treino
39516,26778,treino
39517,24923,teste
39518,25665,teste
39519,17660,treino
39520,24305,validacao
39521,624,treino
39522,28234,teste
39523,15984,teste
39524,26414,treino
39525,26196,validacao
39526,5419,treino
39527,14744,treino
39528,23672,treino
39529,881,treino
39530,21765,treino
39531,19710,validacao
39532,23796,validacao
39533,10645,validacao
39534,20756,treino
39535,18450,treino
39536,26170,teste
39537,18323,teste
39538,6605,treino
39539,27341,teste
39540,15202,treino
39541,24650,treino
39542,26742,teste
39543,25043,treino
39544,19325,teste
39545,551,treino
39546,14994,treino
39547,22729,treino
39548,16703,teste
39549,26549,treino
39550,10648,teste
39551,5566,treino
39552,7931,validacao
39553,17849,treino
39554,7401,treino
39555,386,treino
39556,22032,teste
39557,27046,treino
39558,14257,validacao
39559,18163,teste
39560,24601,treino
39561,21886,treino
39562,23013,validacao
39563,15111,validacao
39564,14584,treino
39565,28201,teste
39566,14016,treino
39567,5629,teste
39568,25686,treino
39569,20211,validacao
39570,18709,treino
39571,23303,teste
39572,22288,treino
39573,25721,validacao
39574,20255,treino
39575,26426,treino
39576,13603,treino
39577,6799,validacao
39578,27124,treino
39579,24009,treino
39580,663,treino
39581,21927,treino
39582,25169,teste
39583,11398,treino
39584,17964,validacao
39585,20063,treino
39586,25658,treino
39587,21876,validacao
39588,6477,validacao
39589,24086,treino
39590,14558,teste
39591,19334,teste
39592,2637,treino
39593,19993,teste
39594,19238,treino
39595,22195,teste
39596,23007,treino
39597,24740,teste
39598,5922,treino
39599,4924,treino
39600,20459,treino
39601,3516,validacao
39602,17386,treino
39603,27147,treino
39604,816,validacao
39605,22567,treino
39606,338,treino
39607,24558,treino
39608,7691,validacao
39609,22202,teste
39610,24663,validacao
39611,20485,treino
39612,6494,treino
39613,19005,treino
39614,11425,treino
39615,24882,teste
39616,12360,treino
39617,22224,treino
39618,16650,treino
39619,7465,treino
39620,6363,treino
39621,5160,teste
39622,12930,treino
39623,17224,treino
39624,27588,treino
39625,20864,treino
39626,15697,treino
39627,21729,treino
39628,24298,treino
39629,11420,teste
39630,18596,treino
39631,8533,validacao
39632,158,treino
39633,3851,teste
39634,22463,teste
39635,1523,treino
39636,20773,treino
39637,27438,treino
39638,23129,treino
39639,25222,teste
39640,20558,validacao
39641,22328,teste
39642,27666,treino
39643,25814,treino
39644,24977,teste
39645,15320,treino
39646,8121,teste
39647,26439,teste
39648,25755,treino
39649,20964,treino
39650,20203,teste
39651,25228,teste
39652,23244,treino
39653,24597,treino
39654,21678,treino
39655,25285,validacao
39656,23498,validacao
39657,3566,treino
39658,24888,validacao
39659,26416,treino
39660,25348,treino
39661,21663,validacao
39662,2980,treino
39663,13264,treino
39664,23051,validacao
39665,27609,validacao
39666,27610,treino
39667,28157,teste
39668,21152,validacao
39669,26092,teste
39670,5899,treino
39671,19195,treino
39672,10090,treino
39673,24807,treino
39674,22253,treino
39675,20033,treino
39676,26945,validacao
39677,2366,teste
39678,14295,teste
39679,27108,treino
39680,23081,teste
39681,20434,treino
39682,12395,validacao
39683,3623,treino
39684,25164,teste
39685,18444,validacao
39686,10408,treino
39687,17527,treino
39688,25240,teste
39689,14772,treino
39690,22070,treino
39691,3162,treino
39692,27264,treino
39693,27013,treino
39694,14237,treino
39695,21574,treino
39696,18184,treino
39697,26459,treino
39698,26605,validacao
39699,9228,teste
39700,20969,validacao
39701,22730,treino
39702,24440,teste
39703,24284,treino
39704,7040,treino
39705,4396,teste
39706,23722,treino
39707,20346,teste
39708,2407,teste
39709,2017,treino
39710,27530,treino
39711,8228,treino
39712,20213,treino
39713,13177,validacao
39714,8736,treino
39715,9054,treino
39716,8288,treino
39717,27061,treino
39718,25068,treino
39719,442,teste
39720,27655,treino
39721,28165,treino
39722,18632,treino
39723,25354,treino
39724,21141,treino
39725,27030,treino
39726,25319,teste
39727,25910,treino
39728,17435,treino
39729,24805,validacao
39730,27137,validacao
39731,9287,treino
39732,27957,validacao
39733,19355,treino
39734,1836,treino
39735,11326,treino
39736,17824,treino
39737,6616,treino
39738,15215,treino
39739,26173,treino
39740,20936,treino
39741,18243,treino
39742,16770,treino
39743,17707,treino
39744,284,teste
39745,16789,treino
39746,953,teste
39747,89,treino
39748,20287,treino
39749,17135,teste
39750,23258,treino
39751,26375,treino
39752,11952,teste
39753,28228,treino
39754,27275,treino
39755,1127,treino
39756,25412,treino
39757,21875,treino
39758,26996,treino
39759,12111,validacao
39760,27096,treino
39761,27869,treino
39762,2342,treino
39763,27371,treino
39764,672,validacao
39765,18784,treino
39766,21912,treino
39767,14055,treino
39768,27472,treino
39769,26009,treino
39770,10064,treino
39771,1710,treino
39772,7075,treino
39773,26263,teste
39774,16500,treino
39775,1574,treino
39776,25631,treino
39777,16230,teste
39778,19959,treino
39779,291,validacao
39780,3741,teste
39781,21882,treino
39782,28225,treino
39783,20751,treino
39784,22799,treino
39785,22252,treino
39786,8042,treino
39787,7468,treino
39788,19966,treino
39789,9632,treino
39790,14865,treino
39791,14299,treino
39792,24197,treino
39793,3429,teste
39794,24844,treino
39795,5849,treino
39796,20384,treino
39797,3973,treino
39798,26977,validacao
39799,22608,treino
39800,20057,treino
39801,10393,teste
39802,3034,teste
39803,4599,treino
39804,3609,treino
39805,20997,treino
39806,2332,treino
39807,18680,treino
39808,21021,treino
39809,10339,treino
39810,20935,teste
39811,3991,treino
39812,20837,treino
39813,21014,treino
39814,27267,treino
39815,20769,teste
39816,21481,treino
39817,12026,treino
39818,15686,treino
39819,22617,treino
39820,428,validacao
39821,1733,treino
39822,26343,treino
39823,18768,treino
39824,18752,treino
39825,26619,treino
39826,27352,teste
39827,25138,validacao
39828,17652,treino
39829,24499,treino
39830,15018,treino
39831,26314,teste
39832,25671,teste
39833,27747,treino
39834,21523,treino
39835,20512,treino
39836,3701,teste
39837,25626,treino
39838,16078,validacao
39839,5259,treino
39840,24936,treino
39841,26921,treino
39842,8773,treino
39843,25432,treino
39844,20493,validacao
39845,22064,treino
39846,15815,teste
39847,24383,treino
39848,6066,teste
39849,7620,validacao
39850,2719,validacao
39851,19204,validacao
39852,3366,treino
39853,21555,teste
39854,265,treino
39855,24075,teste
39856,22180,teste
39857,4619,treino
39858,26890,treino
39859,18524,teste
39860,21795,validacao
39861,23819,validacao
39862,7651,teste
39863,18917,teste
39864,26378,validacao
39865,26800,treino
39866,3264,treino
39867,1872,teste
39868,23065,treino
39869,242,teste
39870,24301,treino
39871,22978,treino
39872,1845,treino
39873,20668,treino
39874,9386,treino
39875,7682,treino
39876,18572,treino
39877,1862,treino
39878,6910,treino
39879,17356,treino
39880,23890,treino
39881,26642,treino
39882,21396,treino
39883,23058,treino
39884,17023,teste
39885,759,teste
39886,15889,treino
39887,24639,treino
39888,19234,treino
39889,24859,teste
39890,525,treino
39891,25826,treino
39892,20248,treino
39893,26601,treino
39894,16981,treino
39895,27507,teste
39896,1305,treino
39897,25020,teste
39898,25953,validacao
39899,24733,validacao
39900,14368,treino
39901,21310,treino
39902,27673,teste
39903,26758,validacao
39904,26333,validacao
39905,16516,validacao
39906,23915,treino
39907,25801,treino
39908,238,treino
39909,20772,treino
39910,7051,teste
39911,8338,teste
39912,342,treino
39913,28124,teste
39914,5113,treino
39915,22375,treino
39916,13744,treino
39917,5605,teste
39918,1437,treino
39919,28141,teste
39920,10581,validacao
39921,20225,validacao
39922,22744,teste
39923,570,teste
39924,25514,treino
39925,21995,treino
39926,1799,treino
39927,26810,treino
39928,17167,treino
39929,21085,validacao
39930,21686,validacao
39931,7448,treino
39932,24545,teste
39933,14312,validacao
39934,65,treino
39935,20941,teste
39936,11598,treino
39937,18832,treino
39938,21576,treino
39939,7953,treino
39940,12265,treino
39941,5523,treino
39942,18152,treino
39943,2956,treino
39944,20242,treino
39945,25800,teste
39946,24533,treino
39947,13079,validacao
39948,24583,treino
39949,464,teste
39950,22887,validacao
39951,14138,treino
39952,18956,teste
39953,21719,treino
39954,3089,teste
39955,6760,treino
39956,4824,treino
39957,20212,validacao
39958,26332,teste
39959,13190,treino
39960,7594,treino
39961,27107,teste
39962,3112,treino
39963,15943,treino
39964,13971,validacao
39965,15780,teste
39966,12314,treino
39967,21936,treino
39968,27032,teste
39969,16590,teste
39970,27079,treino
39971,22900,teste
39972,27353,treino
39973,5928,treino
39974,20470,treino
39975,21682,treino
39976,16578,treino
39977,13869,treino
39978,8935,validacao
39979,16731,treino
39980,10033,treino
39981,16013,teste
39982,20735,validacao
39983,11560,validacao
39984,9125,treino
39985,21550,teste
39986,23592,treino
39987,2309,treino
39988,23512,treino
39989,18374,treino
39990,27226,treino
39991,2868,treino
39992,21433,treino
39993,23350,teste
39994,26863,validacao
39995,6840,treino
39996,21211,validacao
39997,4783,treino
39998,16176,treino
39999,4199,teste
40000,26618,teste
40001,20376,treino
40002,3723,treino
40003,19548,treino
40004,7127,treino
40005,7754,treino
40006,22306,teste
40007,2858,teste
40008,28000,treino
40009,753,validacao
40010,26348,treino
40011,20710,treino
40012,5107,treino
40013,18713,teste
40014,864,treino
40015,11167,treino
40016,24258,treino
40017,6857,treino
40018,23538,treino
40019,610,treino
40020,677,treino
40021,26356,validacao
40022,15737,teste
40023,3424,treino
40024,10101,treino
40025,18863,treino
40026,19979,validacao
40027,15073,validacao
40028,24345,teste
40029,25516,treino
40030,3361,treino
40031,18002,treino
40032,12446,treino
40033,1640,validacao
40034,20176,validacao
40035,26526,treino
40036,27996,treino
40037,23193,treino
40038,21494,treino
40039,7780,treino
40040,21197,treino
40041,24815,teste
40042,16372,treino
40043,10614,teste
40044,22778,treino
40045,22411,treino
40046,21031,treino
40047,17403,validacao
40048,17300,treino
40049,2057,validacao
40050,19370,treino
40051,24711,treino
40052,14598,validacao
40053,20492,treino
40054,25208,treino
40055,17679,teste
40056,26039,teste
40057,21486,teste
40058,16914,treino
40059,23229,validacao
40060,13895,teste
40061,22764,teste
40062,8988,treino
40063,18334,treino
40064,28156,treino
40065,28240,teste
40066,9153,validacao
40067,24483,treino
40068,20171,teste
40069,24405,validacao
40070,23102,treino
40071,26254,treino
40072,17936,validacao
40073,16694,teste
40074,19041,teste
40075,1336,treino
40076,27964,treino
40077,19956,treino
40078,3939,treino
40079,18300,teste
40080,22629,treino
40081,23137,validacao
40082,24406,treino
40083,7982,treino
40084,16733,treino
40085,7081,validacao
40086,1514,validacao
40087,16892,treino
40088,18073,treino
40089,3676,validacao
40090,12325,teste
40091,22421,treino
40092,16236,treino
40093,27567,treino
40094,18540,teste
40095,24794,treino
40096,26683,teste
40097,23589,treino
40098,20433,validacao
40099,26146,validacao
40100,8099,treino
40101,8810,treino
40102,26639,treino
40103,25984,teste
40104,7292,validacao
40105,26927,treino
40106,21892,treino
40107,4749,treino
40108,21307,treino
40109,14120,teste
40110,21476,treino
40111,70,validacao
40112,17207,teste
40113,16769,validacao
40114,1632,teste
40115,24090,treino
40116,8680,teste
40117,6901,treino
40118,26597,treino
40119,7804,teste
40120,23937,teste
40121,23485,validacao
40122,18392,treino
40123,21000,teste
40124,11372,treino
40125,2917,teste
40126,20747,treino
40127,21947,validacao
40128,18973,treino
40129,25458,treino
40130,11407,treino
40131,20415,treino
40132,1198,teste
40133,27348,validacao
40134,8865,treino
40135,26898,treino
40136,3258,treino
40137,16943,validacao
40138,20035,validacao
40139,20446,treino
40140,22601,treino
40141,13567,treino
40142,16159,treino
40143,24053,treino
40144,2095,treino
40145,9673,treino
40146,22012,validacao
40147,13851,treino
40148,27138,teste
40149,24319,treino
40150,20783,teste
40151,6782,treino
40152,23109,treino
40153,25132,treino
40154,18931,validacao
40155,5647,treino
40156,22781,treino
40157,25163,treino
40158,17959,treino
40159,8908,validacao
40160,24350,treino
40161,20219,treino
40162,19075,teste
40163,24131,teste
40164,21854,teste
40165,23371,treino
40166,27696,teste
40167,24921,treino
40168,17116,treino
40169,20858,teste
40170,18968,teste
40171,19875,teste
40172,22260,treino
40173,27999,treino
40174,17069,treino
40175,19384,treino
40176,22922,treino
40177,24184,treino
40178,27277,treino
40179,26852,teste
40180,25739,treino
40181,16979,treino
40182,6600,validacao
40183,27736,treino
40184,8039,validacao
40185,24864,treino
40186,8703,treino
40187,27517,treino
40188,24869,treino
40189,26737,treino
40190,27705,validacao
40191,20860,treino
40192,24550,treino
40193,21070,treino
40194,591,teste
40195,22695,treino
40196,23373,treino
40197,22302,treino
40198,336,treino
40199,10132,treino
40200,6402,treino
40201,1608,treino
40202,27819,treino
40203,21323,treino
40204,8566,treino
40205,22242,treino
40206,9752,validacao
40207,19474,teste
40208,12339,treino
40209,11775,treino
40210,23186,validacao
40211,21018,teste
40212,26191,teste
40213,9948,treino
40214,22186,teste
40215,19540,teste
40216,26675,treino
40217,22123,treino
40218,954,teste
40219,20293,treino
40220,5354,validacao
40221,24613,treino
40222,26565,treino
40223,21649,treino
40224,4818,treino
40225,15831,treino
40226,22876,teste
40227,22271,treino
40228,19769,treino
40229,22754,treino
40230,17088,teste
40231,25700,treino
40232,25939,teste
40233,20940,treino
40234,11975,treino
40235,20318,treino
40236,27021,treino
40237,18889,treino
40238,12322,validacao
40239,2700,treino
40240,20539,treino
40241,16611,treino
40242,13203,treino
40243,18744,treino
40244,26072,validacao
40245,20314,validacao
40246,25836,treino
40247,22438,treino
40248,27779,treino
40249,10575,teste
40250,21482,treino
40251,18256,teste
40252,17319,treino
40253,60,treino
40254,28079,validacao
40255,20436,treino
40256,548,treino
40257,5888,validacao
40258,24229,teste
40259,13773,treino
40260,20049,treino
40261,26657,treino
40262,25135,treino
40263,12122,treino
40264,6021,treino
40265,14403,teste
40266,8428,treino
40267,27415,validacao
40268,9492,teste
40269,23358,teste
40270,21338,validacao
40271,20442,treino
40272,22686,teste
40273,18564,treino
40274,10321,treino
40275,1510,teste
40276,20743,treino
40277,8972,treino
40278,2412,treino
40279,20567,teste
40280,24652,treino
40281,18100,validacao
40282,7743,teste
40283,27866,treino
40284,26374,treino
40285,8438,treino
40286,17064,treino
40287,25025,validacao
40288,23074,validacao
40289,18558,treino
40290,10001,treino
40291,23060,treino
40292,14560,treino
40293,24608,treino
40294,6267,teste
40295,8788,treino
40296,27250,treino
40297,21493,treino
40298,5457,teste
40299,8025,treino
40300,354,treino
40301,8650,treino
40302,479,treino
40303,23277,treino
40304,20018,teste
40305,23119,treino
40306,25512,treino
40307,20060,validacao
40308,26806,validacao
40309,22768,validacao
40310,9251,validacao
40311,9902,validacao
40312,24243,treino
40313,18755,treino
40314,25419,validacao
40315,23427,validacao
40316,10438,validacao
40317,9195,validacao
40318,27628,treino
40319,2186,treino
40320,19978,treino
40321,18797,treino
40322,26733,teste
40323,628,validacao
40324,22628,teste
40325,14712,validacao
40326,2899,validacao
40327,12482,treino
40328,23962,validacao
40329,17628,treino
40330,19218,treino
40331,2449,validacao
40332,9246,treino
40333,11837,treino
40334,24712,treino
40335,9848,treino
40336,16016,treino
40337,7831,treino
40338,18236,treino
40339,27442,treino
40340,26926,treino
40341,8942,treino
40342,21497,treino
40343,10410,treino
40344,26315,validacao
40345,25263,validacao
40346,13145,treino
40347,2518,teste
40348,16437,treino
40349,23019,teste
40350,25121,treino
40351,22888,treino
40352,18312,treino
40353,23044,teste
40354,8575,treino
40355,6631,treino
40356,2474,treino
40357,26802,treino
40358,12622,teste
40359,19652,treino
40360,2400,validacao
40361,25530,treino
40362,25304,treino
40363,22869,treino
40364,18717,treino
40365,22756,treino
40366,27596,treino
40367,11449,treino
40368,15932,treino
40369,19943,teste
40370,20853,teste
40371,21214,teste
40372,4672,treino
40373,20509,treino
40374,21942,validacao
40375,21522,validacao
40376,27794,treino
40377,15594,treino
40378,19118,treino
40379,26376,teste
40380,325,treino
40381,21581,teste
40382,22935,treino
40383,20700,treino
40384,20956,treino
40385,18258,validacao
40386,26294,treino
40387,21288,treino
40388,14652,teste
40389,24581,treino
40390,26909,treino
40391,13041,treino
40392,22989,teste
40393,3110,treino
40394,24470,teste
40395,2128,teste
40396,27299,treino
40397,22934,treino
40398,25181,treino
40399,27787,treino
40400,609,treino
40401,25406,teste
40402,20439,treino
40403,5817,treino
40404,107,treino
40405,21480,treino
40406,16291,treino
40407,11191,treino
40408,22872,treino
40409,24547,treino
40410,24422,treino
40411,26949,validacao
40412,6807,validacao
40413,7177,treino
40414,20184,treino
40415,17521,treino
40416,15588,validacao
40417,26483,validacao
40418,24152,validacao
40419,3028,treino
40420,25146,validacao
40421,19343,treino
40422,23210,treino
40423,25880,treino
40424,4579,treino
40425,11943,teste
40426,13132,treino
40427,10404,validacao
40428,6145,treino
40429,26001,validacao
40430,20150,treino
40431,16409,treino
40432,26743,treino
40433,15752,treino
40434,15331,teste
40435,27274,teste
40436,22623,teste
40437,4981,teste
40438,884,validacao
40439,22733,treino
40440,22976,treino
40441,20165,treino
40442,26818,treino
40443,1964,treino
40444,20641,treino
40445,9729,treino
40446,14271,treino
40447,16191,treino
40448,21619,treino
40449,26304,treino
40450,22597,treino
40451,939,teste
40452,944,validacao
40453,18494,validacao
40454,11830,treino
40455,12165,validacao
40456,17114,validacao
40457,22621,treino
40458,25771,treino
40459,26036,teste
40460,3046,treino
40461,25549,teste
40462,5672,teste
40463,4652,treino
40464,8271,validacao
40465,26206,treino
40466,18852,teste
40467,15586,treino
40468,27699,treino
40469,1663,treino
40470,5624,treino
40471,7317,treino
40472,22077,treino
40473,1741,validacao
40474,315,treino
40475,18267,validacao
40476,22973,teste
40477,5349,treino
40478,20300,treino
40479,25099,treino
40480,18307,treino
40481,20674,validacao
40482,25359,treino
40483,3285,treino
40484,21852,validacao
40485,26853,validacao
40486,27095,teste
40487,3948,teste
40488,17067,treino
40489,6545,treino
40490,7727,teste
40491,813,treino
40492,12606,treino
40493,20403,teste
40494,19156,treino
40495,5416,treino
40496,25889,treino
40497,22114,treino
40498,6269,treino
40499,24514,treino
40500,21832,treino
40501,9739,validacao
40502,24135,treino
40503,18160,treino
40504,947,validacao
40505,25938,teste
40506,25496,treino
40507,16041,validacao
40508,4019,validacao
40509,25860,treino
40510,24433,teste
40511,23278,treino
40512,22355,teste
40513,20887,treino
40514,6899,treino
40515,5287,treino
40516,21590,treino
40517,26833,treino
40518,11745,treino
40519,16622,treino
40520,2622,treino
40521,26102,treino
40522,24798,treino
40523,6416,treino
40524,14904,validacao
40525,8714,validacao
40526,3679,validacao
40527,25009,teste
40528,26013,treino
40529,4853,teste
40530,20549,teste
40531,26129,treino
40532,1052,treino
40533,1003,treino
40534,19554,teste
40535,10110,treino
40536,5802,validacao
40537,22378,treino
40538,24108,treino
40539,20778,treino
40540,728,treino
40541,1899,treino
40542,25847,treino
40543,6308,treino
40544,12554,treino
40545,125,teste
40546,9071,validacao
40547,5675,treino
40548,18745,validacao
40549,21192,validacao
40550,757,validacao
40551,22627,treino
40552,12056,validacao
40553,16487,validacao
40554,15048,validacao
40555,28075,treino
40556,18199,treino
40557,13882,validacao
40558,25035,treino
40559,14556,treino
40560,6088,treino
40561,17013,validacao
40562,16746,treino
40563,9063,treino
40564,9863,teste
40565,3049,treino
40566,19253,validacao
40567,25824,treino
40568,5398,treino
40569,11649,validacao
40570,27375,teste
40571,22440,teste
40572,9350,treino
40573,27528,treino
40574,4777,treino
40575,23299,treino
40576,17713,treino
40577,16977,treino
40578,9234,validacao
40579,19938,validacao
40580,19927,treino
40581,17127,validacao
40582,22479,validacao
40583,18890,teste
40584,3065,treino
40585,12072,treino
40586,28037,treino
40587,20418,treino
40588,26744,teste
40589,13141,treino
40590,23086,validacao
40591,26912,treino
40592,25219,treino
40593,17190,validacao
40594,7123,validacao
40595,11155,treino
40596,8588,teste
40597,15225,treino
40598,25334,treino
40599,21564,treino
40600,17198,treino
40601,24080,treino
40602,26259,teste
40603,21218,treino
40604,2769,treino
40605,9391,teste
40606,10252,treino
40607,23022,treino
40608,25495,teste
40609,25567,treino
40610,26536,teste
40611,20856,validacao
40612,16847,teste
40613,2118,treino
40614,171,teste
40615,6211,treino
40616,26335,teste
40617,540,treino
40618,7414,teste
40619,13256,validacao
40620,742,treino
40621,25470,teste
40622,21676,treino
40623,20117,treino
40624,403,treino
40625,10259,teste
40626,20332,treino
40627,1320,treino
40628,27159,treino
40629,2302,treino
40630,24381,teste
40631,27672,treino
40632,3635,treino
40633,19316,validacao
40634,5701,validacao
40635,19922,treino
40636,27611,treino
40637,8920,treino
40638,25224,teste
40639,25331,validacao
40640,9438,treino
40641,20723,treino
40642,13276,validacao
40643,19719,teste
40644,9793,treino
40645,15877,treino
40646,2893,validacao
40647,6164,teste
40648,25634,treino
40649,9012,treino
40650,7367,teste
40651,1736,validacao
40652,12449,treino
40653,16240,validacao
40654,16795,treino
40655,15502,treino
40656,14613,teste
40657,24490,validacao
40658,3331,treino
40659,26858,teste
40660,26615,treino
40661,4529,teste
40662,10414,treino
40663,4729,treino
40664,25463,treino
40665,21460,treino
40666,24993,treino
40667,18909,treino
40668,20561,treino
40669,20904,treino
40670,14690,treino
40671,12156,teste
40672,16137,validacao
40673,14530,treino
40674,4646,treino
40675,12270,treino
40676,12953,treino
40677,17125,validacao
40678,23660,treino
40679,21146,treino
40680,22506,treino
40681,26932,treino
40682,27413,validacao
40683,25038,treino
40684,24661,treino
40685,24327,treino
40686,23289,teste
40687,26934,treino
40688,28060,teste
40689,22970,validacao
40690,27873,treino
40691,5122,treino
40692,27833,treino
40693,18147,teste
40694,21177,treino
40695,25184,validacao
40696,9240,teste
40697,16243,treino
40698,16442,treino
40699,393,treino
40700,9628,treino
40701,7397,treino
40702,11524,treino
40703,180,treino
40704,2762,validacao
40705,23408,treino
40706,4258,validacao
40707,23694,treino
40708,11690,validacao
40709,9375,treino
40710,7784,treino
40711,18665,treino
40712,21210,teste
40713,8607,validacao
40714,22680,teste
40715,16800,teste
40716,21091,treino
40717,18902,teste
40718,8027,validacao
40719,21222,treino
40720,19879,teste
40721,24418,treino
40722,21346,teste
40723,27158,validacao
40724,22044,validacao
40725,21725,treino
40726,22359,teste
40727,2405,treino
40728,12207,treino
40729,8729,treino
40730,57,treino
40731,23355,validacao
40732,5836,treino
40733,27636,teste
40734,26628,treino
40735,20272,validacao
40736,26871,treino
40737,23899,teste
40738,14659,treino
40739,21435,teste
40740,27627,teste
40741,26992,treino
40742,28081,treino
40743,16826,treino
40744,3344,treino
40745,22497,validacao
40746,26473,treino
40747,24873,treino
40748,19391,treino
40749,13365,treino
40750,24677,treino
40751,27898,treino
40752,25206,validacao
40753,23504,treino
40754,21204,treino
40755,24259,treino
40756,4050,teste
40757,18906,treino
40758,25385,treino
40759,2733,teste
40760,8175,teste
40761,14128,validacao
40762,12832,treino
40763,25235,treino
40764,648,treino
40765,23089,validacao
40766,362,treino
40767,15363,treino
40768,27055,treino
40769,2299,treino
40770,27314,treino
40771,26943,teste
40772,14146,treino
40773,8015,treino
40774,22332,treino
40775,24804,teste
40776,20699,treino
40777,5388,treino
40778,25173,validacao
40779,22365,treino
40780,23995,treino
40781,22739,validacao
40782,2001,teste
40783,13310,treino
40784,9443,teste
40785,9774,validacao
40786,3223,treino
40787,7443,treino
40788,19015,treino
40789,21120,validacao
40790,1243,teste
40791,21745,validacao
40792,18554,treino
40793,8329,treino
40794,24509,treino
40795,16606,treino
40796,15480,validacao
40797,8912,teste
40798,16629,validacao
40799,5117,treino
40800,8937,treino
40801,19728,validacao
40802,314,treino
40803,5305,teste
40804,26844,treino
40805,8019,treino
40806,14735,teste
40807,8841,treino
40808,19222,treino
40809,25340,treino
40810,20019,treino
40811,23029,treino
40812,14822,validacao
40813,6952,teste
40814,21803,treino
40815,15609,treino
40816,28206,teste
40817,22159,treino
40818,7460,treino
40819,23153,validacao
40820,22078,teste
40821,17690,treino
40822,3995,validacao
40823,25436,treino
40824,603,treino
40825,24355,teste
40826,24703,treino
40827,24643,treino
40828,7214,teste
40829,18666,treino
40830,22456,treino
40831,23249,treino
40832,8367,treino
40833,12990,treino
40834,20794,treino
40835,16102,teste
40836,949,treino
40837,21956,treino
40838,27872,treino
40839,19982,teste
40840,17597,treino
40841,965,treino
40842,24890,teste
40843,27615,treino
40844,26915,teste
40845,9690,treino
40846,27306,treino
40847,24953,treino
40848,24544,treino
40849,21312,treino
40850,23839,validacao
40851,27834,validacao
40852,8657,treino
40853,16250,validacao
40854,15329,validacao
40855,14007,treino
40856,7985,validacao
40857,25245,treino
40858,6023,teste
40859,26656,treino
40860,22760,treino
40861,19913,validacao
40862,18736,treino
40863,12261,treino
40864,10989,teste
40865,21938,treino
40866,15469,treino
40867,13370,treino
40868,27230,treino
40869,2821,treino
40870,22488,treino
40871,16323,treino
40872,23361,treino
40873,5557,treino
40874,22072,treino
40875,23327,validacao
40876,26773,treino
40877,13947,validacao
40878,649,treino
40879,22674,treino
40880,19518,treino
40881,13684,treino
40882,23190,treino
40883,21089,validacao
40884,20807,treino
40885,26655,treino
40886,23077,treino
40887,10185,treino
40888,19111,teste
40889,5028,treino
40890,17880,treino
40891,24745,treino
40892,12350,treino
40893,25202,treino
40894,27662,validacao
40895,18661,treino
40896,15965,treino
40897,27421,treino
40898,5859,teste
40899,22609,treino
40900,20719,validacao
40901,16458,treino
40902,1419,teste
40903,27424,teste
40904,19280,treino
40905,231,treino
40906,20407,treino
40907,25976,teste
40908,7633,treino
40909,28119,treino
40910,15866,treino
40911,26265,treino
40912,19142,validacao
40913,14487,treino
40914,18991,treino
40915,26950,teste
40916,631,treino
40917,27486,treino
40918,23066,treino
40919,6733,treino
40920,28253,teste
40921,16451,validacao
40922,24098,treino
40923,21859,treino
40924,17194,validacao
40925,8720,treino
40926,25261,treino
40927,15640,treino
40928,8327,treino
40929,24557,treino
40930,24883,treino
40931,7461,teste
40932,21213,teste
40933,19433,validacao
40934,26717,treino
40935,20162,teste
40936,15244,treino
40937,27510,treino
40938,199,treino
40939,18143,teste
40940,22134,treino
40941,17834,validacao
40942,22508,treino
40943,1303,treino
40944,24625,teste
40945,24154,treino
40946,7445,teste
40947,5154,validacao
40948,3728,treino
40949,21640,validacao
40950,27211,teste
40951,23001,teste
40952,17188,treino
40953,18643,treino
40954,14582,treino
40955,20265,treino
40956,13723,treino
40957,25231,validacao
40958,21865,treino
40959,25111,validacao
40960,2387,treino
40961,16824,treino
40962,27593,teste
40963,11844,treino
40964,14095,treino
40965,18453,treino
40966,15042,treino
40967,2964,treino
40968,22316,validacao
40969,26235,treino
40970,24516,validacao
40971,27391,treino
40972,20047,teste
40973,17491,teste
40974,22462,teste
40975,4392,treino
40976,602,treino
40977,489,teste
40978,23536,treino
40979,18625,teste
40980,16028,validacao
40981,25168,treino
40982,26189,treino
40983,26669,treino
40984,15025,treino
40985,23822,treino
40986,24423,validacao
40987,886,teste
40988,16229,treino
40989,21896,treino
40990,22785,treino
40991,25865,treino
40992,25271,treino
40993,27995,validacao
40994,23911,teste
40995,24615,treino
40996,13342,treino
40997,18234,treino
40998,23833,treino
40999,22586,treino
41000,4277,treino
41001,26558,treino
41002,19019,treino
41003,9961,validacao
41004,26902,validacao
41005,23656,teste
41006,26585,treino
41007,1140,teste
41008,18094,treino
41009,26951,treino
41010,18107,validacao
41011,27915,treino
41012,22303,treino
41013,26007,treino
41014,1531,treino
41015,20099,treino
41016,3777,treino
41017,24843,treino
41018,4284,treino
41019,20366,treino
41020,13226,treino
41021,5871,treino
41022,15783,treino
41023,10441,treino
41024,14839,treino
41025,7958,treino
41026,19341,treino
41027,23690,treino
41028,7735,treino
41029,21508,validacao
41030,26579,validacao
41031,7951,teste
41032,21857,validacao
41033,9806,treino
41034,5902,treino
41035,26210,teste
41036,26226,teste
41037,7806,validacao
41038,18829,treino
41039,102,validacao
41040,25086,treino
41041,8591,treino
41042,12431,teste
41043,20912,treino
41044,1212,validacao
41045,20647,treino
41046,26500,treino
41047,3515,treino
41048,8932,treino
41049,15169,teste
41050,6405,treino
41051,21132,validacao
41052,15923,teste
41053,24721,treino
41054,20051,treino
41055,26437,teste
41056,15674,validacao
41057,23228,teste
41058,1704,treino
41059,21500,treino
41060,22603,treino
41061,27369,validacao
41062,25002,teste
41063,23128,treino
41064,21149,teste
41065,24954,treino
41066,20319,treino
41067,24400,validacao
41068,10219,treino
41069,26214,teste
41070,22444,teste
41071,3527,treino
41072,4604,treino
41073,26698,treino
41074,27325,treino
41075,19688,teste
41076,22237,teste
41077,319,treino
41078,8418,treino
41079,2591,validacao
41080,18298,validacao
41081,22709,treino
41082,22573,treino
41083,18939,treino
41084,13456,treino
41085,22860,treino
41086,20200,teste
41087,42,treino
41088,2324,teste
41089,14951,treino
41090,6026,treino
41091,8633,treino
41092,12612,treino
41093,1069,treino
41094,18737,treino
41095,8093,treino
41096,19219,teste
41097,28063,treino
41098,27447,teste
41099,4938,teste
41100,19514,validacao
41101,20777,treino
41102,23255,teste
41103,12979,treino
41104,18327,teste
41105,12890,treino
41106,9650,validacao
41107,12489,treino
41108,1308,validacao
41109,16263,treino
41110,23520,treino
41111,21299,treino
41112,13258,treino
41113,13135,teste
41114,25077,treino
41115,11248,validacao
41116,18584,treino
41117,20618,treino
41118,21361,treino
41119,22906,teste
41120,20767,treino
41121,10912,treino
41122,4387,treino
41123,1060,teste
41124,18315,treino
41125,11067,treino
41126,25039,treino
41127,16169,validacao
41128,22913,teste
41129,26548,treino
41130,21138,teste
41131,22117,teste
41132,4433,treino
41133,23888,treino
41134,8036,treino
41135,24681,treino
41136,146,treino
41137,7855,treino
41138,22082,validacao
41139,18827,teste
41140,6355,treino
41141,20979,teste
41142,24845,validacao
41143,24693,treino
41144,17304,teste
41145,25365,treino
41146,23552,treino
41147,19047,teste
41148,6696,teste
41149,751,treino
41150,25950,treino
41151,15691,treino
41152,17263,teste
41153,4847,validacao
41154,21889,treino
41155,23599,validacao
41156,17670,treino
41157,27897,validacao
41158,6423,teste
41159,26557,treino
41160,21331,teste
41161,22665,treino
41162,27702,treino
41163,13607,treino
41164,28185,treino
41165,3585,treino
41166,16625,validacao
41167,18489,teste
41168,25888,treino
41169,18603,treino
41170,13727,validacao
41171,26635,treino
41172,25985,teste
41173,877,validacao
41174,24312,validacao
41175,27220,treino
41176,9518,treino
41177,23753,teste
41178,20128,treino
41179,2028,teste
41180,20185,treino
41181,17809,treino
41182,18978,treino
41183,1460,validacao
41184,23145,treino
41185,2721,treino
41186,9324,teste
41187,8491,treino
41188,25674,treino
41189,22140,treino
41190,20310,treino
41191,1188,teste
41192,17687,validacao
41193,20841,treino
41194,13233,treino
41195,20606,treino
41196,13721,validacao
41197,21465,treino
41198,1527,treino
41199,18455,validacao
41200,6249,treino
41201,17467,treino
41202,16648,teste
41203,18462,teste
41204,921,treino
41205,8012,validacao
41206,14498,treino
41207,3470,treino
41208,26517,treino
41209,22198,treino
41210,23168,treino
41211,27257,treino
41212,16711,teste
41213,21606,validacao
41214,880,validacao
41215,6400,treino
41216,27848,validacao
41217,10546,treino
41218,900,validacao
41219,23004,teste
41220,19736,treino
41221,3253,validacao
41222,24536,treino
41223,18195,validacao
41224,26011,treino
41225,26056,treino
41226,16144,treino
41227,25666,validacao
41228,24579,validacao
41229,19083,treino
41230,20960,treino
41231,11702,teste
41232,25054,treino
41233,24432,teste
41234,10784,treino
41235,21455,treino
41236,9478,treino
41237,20476,treino
41238,22563,treino
41239,13877,treino
41240,21683,treino
41241,3682,treino
41242,24562,validacao
41243,17847,teste
41244,15939,treino
41245,22927,teste
41246,16167,teste
41247,23012,validacao
41248,19167,treino
41249,12551,treino
41250,7269,validacao
41251,638,treino
41252,22819,teste
41253,27645,treino
41254,19229,treino
41255,24602,treino
41256,6579,treino
41257,16599,teste
41258,27660,treino
41259,14226,validacao
41260,20520,treino
41261,1930,treino
41262,16754,teste
41263,27868,treino
41264,97,treino
41265,18375,teste
41266,13356,treino
41267,5140,validacao
41268,18409,treino
41269,27092,treino
41270,24986,treino
41271,18586,treino
41272,27183,treino
41273,11885,validacao
41274,18441,teste
41275,21764,treino
41276,23288,teste
41277,23420,treino
41278,16164,treino
41279,22676,treino
41280,17416,treino
41281,19009,validacao
41282,17830,treino
41283,23231,treino
41284,19522,treino
41285,6446,treino
41286,6464,validacao
41287,7725,treino
41288,8192,treino
41289,18232,treino
41290,24830,validacao
41291,1703,validacao
41292,12300,treino
41293,15926,treino
41294,26406,treino
41295,5948,treino
41296,22002,teste
41297,27591,treino
41298,24582,treino
41299,2529,treino
41300,24760,treino
41301,8384,treino
41302,183,treino
41303,6672,treino
41304,21049,treino
41305,18567,treino
41306,7456,validacao
41307,22113,treino
41308,16130,treino
41309,13220,treino
41310,26695,validacao
41311,639,treino
41312,23345,treino
41313,693,treino
41314,6058,treino
41315,25942,treino
41316,20691,treino
41317,4797,teste
41318,21939,treino
41319,1328,treino
41320,18629,teste
41321,13855,teste
41322,13647,treino
41323,12465,teste
41324,20797,treino
41325,16656,treino
41326,4740,treino
41327,11568,treino
41328,13362,treino
41329,24447,treino
41330,24676,teste
41331,19422,validacao
41332,13917,treino
41333,19561,teste
41334,22653,treino
41335,27686,treino
41336,20951,validacao
41337,27737,validacao
41338,2005,teste
41339,9504,treino
41340,21025,treino
41341,22395,treino
41342,27261,treino
41343,16875,treino
41344,25399,treino
41345,21140,treino
41346,9771,treino
41347,27449,treino
41348,26857,validacao
41349,21575,treino
41350,5452,teste
41351,20379,validacao
41352,10449,treino
41353,27651,treino
41354,26358,teste
41355,23214,teste
41356,16310,treino
41357,17961,teste
41358,27751,treino
41359,25906,treino
41360,17075,treino
41361,16871,treino
41362,20279,validacao
41363,19381,treino
41364,25590,treino
41365,28159,treino
41366,27796,validacao
41367,17499,treino
41368,23638,validacao
41369,7939,treino
41370,18741,treino
41371,9725,treino
41372,7095,treino
41373,22135,treino
41374,16306,treino
41375,26033,treino
41376,22912,treino
41377,27311,treino
41378,4829,treino
41379,16820,treino
41380,930,teste
41381,3155,teste
41382,13643,treino
41383,27038,treino
41384,26819,treino
41385,26229,validacao
41386,24244,validacao
41387,21163,validacao
41388,8880,validacao
41389,14332,treino
41390,384,treino
41391,20419,teste
41392,7129,treino
41393,5725,treino
41394,26494,treino
41395,27262,teste
41396,11586,treino
41397,6115,teste
41398,7947,treino
41399,22843,teste
41400,25128,validacao
41401,26547,treino
41402,15789,treino
41403,20277,treino
41404,2115,validacao
41405,20612,treino
41406,28093,teste
41407,26030,treino
41408,27519,validacao
41409,26803,treino
41410,19866,treino
41411,9709,treino
41412,27547,teste
41413,27485,treino
41414,23691,treino
41415,21339,treino
41416,24262,treino
41417,8278,treino
41418,28011,teste
41419,26285,treino
41420,27827,validacao
41421,16666,treino
41422,18263,treino
41423,9636,validacao
41424,2445,treino
41425,26939,treino
41426,22374,treino
41427,19379,teste
41428,20711,treino
41429,15792,treino
41430,4804,validacao
41431,24987,treino
41432,22043,treino
41433,6611,treino
41434,7826,treino
41435,22661,treino
41436,6708,teste
41437,28194,treino
41438,18193,treino
41439,2848,treino
41440,28118,treino
41441,26479,treino
41442,23204,validacao
41443,27549,treino
41444,8298,validacao
41445,17747,treino
41446,19718,validacao
41447,745,treino
41448,18275,validacao
41449,18413,validacao
41450,26662,treino
41451,23632,teste
41452,20231,treino
41453,11347,treino
41454,24647,teste
41455,25645,treino
41456,22065,validacao
41457,27780,treino
41458,24968,treino
41459,22636,treino
41460,24436,treino
41461,19915,treino
41462,16657,treino
41463,8169,teste
41464,27701,treino
41465,26867,treino
41466,21766,treino
41467,23370,treino
41468,25736,treino
41469,28042,treino
41470,6078,treino
41471,25717,treino
41472,974,treino
41473,19582,teste
41474,6032,treino
41475,24476,validacao
41476,24705,teste
41477,26041,treino
41478,17739,treino
41479,20885,treino
41480,13418,validacao
41481,23016,treino
41482,13664,treino
41483,25221,treino
41484,4177,validacao
41485,24877,teste
41486,19087,treino
41487,2330,teste
41488,1975,treino
41489,253,treino
41490,239,teste
41491,25382,treino
41492,8398,treino
41493,21412,teste
41494,19407,validacao
41495,24027,validacao
41496,7180,treino
41497,20738,treino
41498,24017,treino
41499,26814,teste
41500,19136,teste
41501,21597,treino
41502,20490,teste
41503,16269,teste
41504,21096,treino
41505,19081,treino
41506,1318,treino
41507,437,teste
41508,27062,treino
41509,23309,treino
41510,28074,treino
41511,7934,teste
41512,7891,treino
41513,26716,treino
41514,25974,teste
41515,10541,treino
41516,26418,treino
41517,175,treino
41518,27298,treino
41519,13261,treino
41520,18416,treino
41521,7975,validacao
41522,18341,treino
41523,2904,treino
41524,2923,treino
41525,14222,treino
41526,17460,treino
41527,19977,treino
41528,25112,treino
41529,581,treino
41530,20216,validacao
41531,21233,treino
41532,22793,validacao
41533,9613,treino
41534,22363,treino
41535,18920,treino
41536,17401,treino
41537,475,treino
41538,23616,teste
41539,23457,teste
41540,20574,teste
41541,21904,treino
41542,26603,treino
41543,777,treino
41544,14472,treino
41545,25833,teste
41546,25913,treino
41547,25583,teste
41548,21544,teste
41549,22362,treino
41550,9529,teste
41551,23270,treino
41552,20943,treino
41553,2093,validacao
41554,18678,teste
41555,2321,treino
41556,26545,treino
41557,1112,treino
41558,8239,treino
41559,28214,validacao
41560,20303,treino
41561,13407,treino
41562,20196,teste
41563,25434,validacao
41564,10317,treino
41565,24359,treino
41566,21270,treino
41567,20776,treino
41568,26504,teste
41569,25610,treino
41570,5219,treino
41571,1984,teste
41572,20168,treino
41573,25725,treino
41574,25106,teste
41575,20967,teste
41576,288,teste
41577,7234,treino
41578,11295,teste
41579,25433,validacao
41580,22950,treino
41581,26119,treino
41582,17705,teste
41583,20576,treino
41584,25317,treino
41585,328,treino
41586,5599,treino
41587,15849,teste
41588,18893,treino
41589,20833,validacao
41590,3374,validacao
41591,20900,treino
41592,21340,treino
41593,3632,treino
41594,14208,treino
41595,25108,treino
41596,2886,treino
41597,23071,treino
41598,28213,treino
41599,4040,treino
41600,11302,treino
41601,3709,treino
41602,797,treino
41603,5597,treino
41604,25848,treino
41605,26854,treino
41606,3130,treino
41607,26829,teste
41608,14092,treino
41609,23784,treino
41610,10676,treino
41611,2471,teste
41612,6255,treino
41613,17252,treino
41614,27481,treino
41615,20370,teste
41616,19255,treino
41617,17332,treino
41618,7702,treino
41619,21397,treino
41620,18286,treino
41621,7829,teste
41622,6340,treino
41623,21696,validacao
41624,2451,treino
41625,20495,treino
41626,11515,validacao
41627,24481,treino
41628,22675,treino
41629,26786,treino
41630,19947,teste
41631,5989,treino
41632,26448,treino
41633,14345,treino
41634,26856,treino
41635,7515,teste
41636,27512,validacao
41637,7751,treino
41638,22041,treino
41639,27681,treino
41640,12915,treino
41641,22342,treino
41642,7334,treino
41643,23116,treino
41644,7602,treino
41645,17659,treino
41646,26175,treino
41647,26542,treino
41648,19208,teste
41649,1143,validacao
41650,867,validacao
41651,24342,treino
41652,21293,treino
41653,25207,teste
41654,26286,teste
41655,19181,validacao
41656,5222,validacao
41657,15937,teste
41658,9315,teste
41659,21838,teste
41660,27464,treino
41661,27329,treino
41662,19481,teste
41663,23657,treino
41664,5559,teste
41665,8676,treino
41666,18779,teste
41667,15859,treino
41668,418,treino
41669,10843,treino
41670,16407,validacao
41671,26600,treino
41672,24396,treino
41673,17032,teste
41674,14319,treino
41675,18306,treino
41676,5074,treino
41677,421,treino
41678,7606,treino
41679,3349,validacao
41680,16744,treino
41681,16807,treino
41682,22830,treino
41683,3988,treino
41684,10518,treino
41685,23232,treino
41686,19296,teste
41687,14277,treino
41688,26352,treino
41689,24709,treino
41690,21345,validacao
41691,189,treino
41692,5521,treino
41693,28101,treino
41694,8021,treino
41695,3099,teste
41696,4827,treino
41697,585,treino
41698,27720,treino
41699,5164,teste
41700,7069,treino
41701,10174,treino
41702,22386,treino
41703,15995,treino
41704,28191,treino
41705,19414,validacao
41706,20801,treino
41707,26220,treino
41708,24808,teste
41709,19798,treino
41710,18697,treino
41711,11644,treino
41712,2493,treino
41713,19964,treino
41714,22784,treino
41715,14793,treino
41716,6547,teste
41717,17558,treino
41718,23304,validacao
41719,20599,teste
41720,9678,treino
41721,4513,teste
41722,17593,treino
41723,27719,teste
41724,25532,treino
41725,22690,treino
41726,21449,treino
41727,27824,teste
41728,18087,teste
41729,8580,teste
41730,23332,treino
41731,2263,treino
41732,18548,treino
41733,22958,validacao
41734,12181,teste
41735,22717,validacao
41736,12319,treino
41737,973,teste
41738,6442,teste
41739,19199,treino
41740,24611,treino
41741,17092,treino
41742,27832,validacao
41743,27560,treino
41744,3038,treino
41745,14216,validacao
41746,20489,teste
41747,26478,treino
41748,2758,treino
41749,9851,teste
41750,4815,treino
41751,7622,treino
41752,6095,validacao
41753,1774,treino
41754,13270,treino
41755,10630,validacao
41756,18642,treino
41757,21894,treino
41758,22914,treino
41759,9183,treino
41760,2173,treino
41761,19482,treino
41762,26028,treino
41763,20133,treino
41764,16404,teste
41765,22156,treino
41766,27542,teste
41767,25267,treino
41768,4807,treino
41769,23103,validacao
41770,18609,treino
41771,18139,treino
41772,25213,validacao
41773,23953,treino
41774,18105,teste
41775,8110,treino
41776,3890,treino
41777,17822,treino
41778,2149,treino
41779,16934,validacao
41780,27858,teste
41781,19933,treino
41782,27100,treino
41783,15749,treino
41784,340,teste
41785,2552,validacao
41786,20630,teste
41787,14847,treino
41788,8412,validacao
41789,28004,treino
41790,6483,validacao
41791,1286,teste
41792,26761,treino
41793,2227,treino
41794,22016,treino
41795,3732,treino
41796,21621,treino
41797,24050,treino
41798,26364,treino
41799,23212,treino
41800,18064,treino
41801,16787,treino
41802,17662,treino
41803,24096,treino
41804,5650,teste
41805,22544,validacao
41806,493,treino
41807,25452,treino
41808,15540,treino
41809,15340,validacao
41810,28095,treino
41811,8130,treino
41812,17122,teste
41813,18402,teste
41814,26179,treino
41815,21837,validacao
41816,25375,treino
41817,26132,treino
41818,800,validacao
41819,1809,teste
41820,16839,treino
41821,19231,treino
41822,737,treino
41823,19641,treino
41824,12160,treino
41825,26023,treino
41826,9511,teste
41827,250,treino
41828,12037,treino
41829,7616,teste
41830,5427,validacao
41831,23482,teste
41832,108,treino
41833,19398,validacao
41834,28147,teste
41835,23221,teste
41836,18922,teste
41837,22919,teste
41838,21642,validacao
41839,696,treino
41840,141,teste
41841,5298,treino
41842,95,treino
41843,14684,teste
41844,19018,validacao
41845,13105,teste
41846,12947,treino
41847,8705,teste
41848,544,treino
41849,1254,validacao
41850,27527,treino
41851,10740,treino
41852,12773,validacao
41853,22046,treino
41854,27532,treino
41855,1487,treino
41856,2926,treino
41857,1244,treino
41858,7894,treino
41859,2289,treino
41860,16895,teste
41861,15680,validacao
41862,26928,teste
41863,24914,validacao
41864,22951,teste
41865,1545,validacao
41866,22458,teste
41867,20541,treino
41868,19003,treino
41869,24605,treino
41870,18924,treino
41871,12998,treino
41872,16303,treino
41873,25266,teste
41874,25693,treino
41875,444,treino
41876,25456,treino
41877,9697,validacao
41878,8976,treino
41879,9380,treino
41880,23441,treino
41881,22566,teste
41882,16153,teste
41883,20560,treino
41884,24064,validacao
41885,23167,treino
41886,101,treino
41887,2371,validacao
41888,20544,treino
41889,3775,treino
41890,17203,treino
41891,10828,teste
41892,21463,teste
41893,19949,teste
41894,26365,treino
41895,5996,validacao
41896,21441,teste
41897,19205,teste
41898,21571,teste
41899,18026,treino
41900,14149,treino
41901,25897,validacao
41902,24379,treino
41903,27771,teste
41904,27700,treino
41905,21977,treino
41906,13404,treino
41907,25955,treino
41908,7058,treino
41909,25544,treino
41910,26905,treino
41911,16037,treino
41912,14315,treino
41913,896,treino
41914,22894,treino
41915,20235,treino
41916,22434,treino
41917,24385,treino
41918,15510,treino
41919,5580,treino
41920,16739,treino
41921,8756,validacao
41922,4157,treino
41923,1316,treino
41924,3885,teste
41925,24822,validacao
41926,27401,treino
41927,22432,treino
41928,5735,treino
41929,8448,treino
41930,20566,treino
41931,160,treino
41932,19303,validacao
41933,27642,treino
41934,13282,treino
41935,27164,treino
41936,13793,treino
41937,27821,treino
41938,6958,treino
41939,25763,validacao
41940,17439,validacao
41941,16256,teste
41942,577,teste
41943,27050,treino
41944,24732,treino
41945,16709,teste
41946,26469,teste
41947,19377,treino
41948,21825,treino
41949,20482,validacao
41950,20653,teste
41951,665,treino
41952,17536,treino
41953,18537,validacao
41954,26718,treino
41955,12497,teste
41956,27698,validacao
41957,21126,validacao
41958,16432,teste
41959,23582,treino
41960,7978,treino
41961,3927,teste
41962,13002,teste
41963,18335,treino
41964,2630,treino
41965,1725,treino
41966,22441,treino
41967,8871,treino
41968,7649,treino
41969,3797,teste
41970,23093,treino
41971,25827,treino
41972,4731,treino
41973,17034,treino
41974,21309,teste
41975,5332,treino
41976,22454,treino
41977,235,treino
41978,23869,validacao
41979,8753,teste
41980,4046,validacao
41981,27378,treino
41982,21271,treino
41983,22877,teste
41984,16232,treino
41985,20297,treino
41986,4532,treino
41987,21625,treino
41988,8451,teste
41989,22057,treino
41990,3862,treino
41991,9971,treino
41992,28039,treino
41993,21051,treino
41994,15805,treino
41995,22804,validacao
41996,3542,validacao
41997,16646,treino
41998,23393,teste
41999,6923,treino
42000,26104,teste
42001,22663,treino
42002,15065,teste
42003,1565,teste
42004,24571,treino
42005,24308,validacao
42006,3102,teste
42007,680,teste
42008,26591,treino
42009,5171,treino
42010,24585,treino
42011,17538,treino
42012,10641,validacao
42013,20377,teste
42014,22510,treino
42015,13556,treino
42016,24002,teste
42017,28149,treino
42018,25519,validacao
42019,22427,validacao
42020,22822,treino
42021,16869,treino
42022,1604,treino
42023,16520,teste
42024,14717,treino
42025,7663,teste
42026,27084,treino
42027,670,treino
42028,26866,treino
42029,27605,treino
42030,20264,treino
42031,542,treino
42032,21800,teste
42033,3150,treino
42034,8113,treino
42035,6317,treino
42036,24463,validacao
42037,20221,treino
42038,23021,treino
42039,16050,treino
42040,19924,validacao
42041,28238,validacao
42042,1262,validacao
42043,27132,teste
42044,2481,validacao
42045,2038,validacao
42046,19077,validacao
42047,16074,teste
42048,1191,treino
42049,28071,treino
42050,20457,treino
42051,16546,treino
42052,8957,validacao
42053,21610,treino
42054,20426,treino
42055,24896,teste
42056,26002,treino
42057,22435,validacao
42058,22956,treino
42059,24700,treino
42060,19209,validacao
42061,22357,treino
42062,27317,treino
42063,18722,treino
42064,21224,validacao
42065,21153,treino
42066,26392,validacao
42067,16906,treino
42068,21884,treino
42069,20139,validacao
42070,18295,treino
42071,19800,treino
42072,20177,treino
42073,10695,treino
42074,2947,treino
42075,25464,treino
42076,23073,teste
42077,11931,treino
42078,27469,treino
42079,27018,treino
42080,27060,treino
42081,26859,teste
42082,4634,treino
42083,5808,treino
42084,683,treino
42085,1047,treino
42086,20113,treino
42087,22632,validacao
42088,2652,treino
42089,17815,treino
42090,25491,validacao
42091,5663,treino
42092,3856,validacao
42093,14605,validacao
42094,1937,treino
42095,26661,treino
42096,25996,teste
42097,23436,treino
42098,23442,treino
42099,26341,teste
42100,21191,validacao
42101,14451,treino
42102,10548,treino
42103,27135,teste
42104,20931,treino
42105,19304,treino
42106,734,teste
42107,21001,teste
42108,25225,treino
42109,28026,treino
42110,19669,validacao
42111,22310,treino
42112,21769,teste
42113,20638,treino
42114,23161,teste
42115,3256,treino
42116,21077,treino
42117,6913,treino
42118,23681,teste
42119,24393,teste
42120,9198,treino
42121,27423,treino
42122,25116,validacao
42123,23054,treino
42124,22127,treino
42125,7559,teste
42126,8700,treino
42127,5885,treino
42128,17030,treino
42129,16843,treino
42130,18853,treino
42131,20268,treino
42132,10269,treino
42133,15817,treino
42134,4254,validacao
42135,426,validacao
42136,24370,treino
42137,22823,treino
42138,24163,treino
42139,19281,treino
42140,21083,teste
42141,24455,treino
42142,20335,treino
42143,937,validacao
42144,21483,treino
42145,26097,treino
42146,22445,treino
42147,26181,teste
42148,17777,treino
42149,22575,treino
42150,25878,validacao
42151,26910,treino
42152,27435,treino
42153,24735,treino
42154,26911,treino
42155,14867,treino
42156,5613,treino
42157,28023,validacao
42158,23156,treino
42159,20016,treino
42160,24918,treino
42161,19932,treino
42162,21446,treino
42163,6123,treino
42164,14698,treino
42165,27404,validacao
42166,4415,validacao
42167,1041,teste
42168,16521,teste
42169,10515,teste
42170,2832,treino
42171,4311,validacao
42172,360,teste
42173,19178,validacao
42174,28003,validacao
42175,10309,treino
42176,20910,teste
42177,344,validacao
42178,24304,treino
42179,8530,treino
42180,2163,treino
42181,25975,treino
42182,18496,teste
42183,24439,teste
42184,18186,treino
42185,186,teste
42186,21124,treino
42187,1882,treino
42188,4715,teste
42189,27121,teste
42190,16346,treino
42191,2513,treino
42192,2261,validacao
42193,19130,teste
42194,23611,validacao
42195,24870,treino
42196,81,teste
42197,23948,treino
42198,28176,validacao
42199,24460,treino
42200,7077,treino
42201,14495,treino
42202,1693,treino
42203,4996,treino
42204,11939,treino
42205,20536,validacao
42206,15487,treino
42207,16297,treino
42208,17323,treino
42209,22143,treino
42210,18974,validacao
42211,720,treino
42212,22345,treino
42213,23076,teste
42214,3895,validacao
42215,23165,treino
42216,5812,treino
42217,9483,validacao
42218,23160,treino
42219,8986,validacao
42220,20609,teste
42221,15389,treino
42222,18589,teste
42223,11392,treino
42224,7882,treino
42225,5549,treino
42226,21456,treino
42227,11089,treino
42228,22600,treino
42229,19755,treino
42230,11270,treino
42231,14400,validacao
42232,22633,treino
42233,2635,treino
42234,19440,teste
42235,26935,treino
42236,5679,treino
42237,23359,treino
42238,26873,teste
42239,9641,treino
42240,4210,treino
42241,21448,treino
42242,22083,treino
42243,20269,treino
42244,22855,treino
42245,3385,treino
42246,10168,treino
42247,4822,treino
42248,22137,treino
42249,19243,treino
42250,23821,treino
42251,19862,treino
42252,23973,treino
42253,19830,treino
42254,21509,treino
42255,3338,treino
42256,20779,treino
42257,27758,treino
42258,3030,validacao
42259,7063,treino
42260,24600,treino
42261,5512,validacao
42262,9934,teste
42263,1892,treino
42264,24018,teste
42265,23648,treino
42266,18126,teste
42267,23923,treino
42268,1187,validacao
42269,22616,treino
42270,22757,teste
42271,19301,treino
42272,21996,treino
42273,26312,treino
42274,19613,validacao
42275,17405,validacao
42276,20782,teste
42277,4508,validacao
42278,17534,treino
42279,27708,treino
42280,27505,treino
42281,19888,treino
42282,27249,teste
42283,26554,treino
42284,21799,treino
42285,6173,teste
42286,4567,treino
42287,2657,teste
42288,27709,treino
42289,23477,teste
42290,20194,treino
42291,28247,treino
42292,21420,validacao
42293,1686,validacao
42294,26831,treino
42295,24795,validacao
42296,17345,treino
42297,4902,treino
42298,18785,treino
42299,27892,treino
42300,27235,treino
42301,22184,treino
42302,20693,teste
42303,17235,treino
42304,21772,treino
42305,12433,treino
42306,9424,teste
42307,1879,treino
42308,9827,treino
42309,19180,treino
42310,22677,treino
42311,16984,teste
42312,5021,teste
42313,18369,treino
42314,7020,validacao
42315,23766,teste
42316,21680,treino
42317,27337,treino
42318,18770,treino
42319,28031,treino
42320,22625,teste
42321,21641,treino
42322,20179,treino
42323,11364,teste
42324,6039,treino
42325,26616,teste
42326,20880,treino
42327,24901,treino
42328,25272,treino
42329,24823,validacao
42330,18281,treino
42331,24202,treino
42332,6937,treino
42333,21453,teste
42334,1946,teste
42335,25995,treino
42336,23889,validacao
42337,5754,treino
42338,922,treino
42339,16280,treino
42340,79,treino
42341,17456,treino
42342,20347,treino
42343,18867,treino
42344,17562,treino
42345,25384,treino
42346,19559,treino
42347,21647,treino
42348,9384,treino
42349,19567,treino
42350,26821,teste
42351,14790,treino
42352,21053,treino
42353,3925,teste
42354,11314,treino
42355,7737,teste
42356,20688,treino
42357,10978,validacao
42358,817,treino
42359,1682,treino
42360,27036,treino
42361,17915,treino
42362,14417,treino
42363,13951,treino
42364,22080,teste
42365,611,treino
42366,3210,teste
42367,19103,validacao
42368,20266,treino
42369,26488,treino
42370,17722,validacao
42371,26391,validacao
42372,23967,treino
42373,7386,teste
42374,23135,treino
42375,12345,validacao
42376,27837,treino
42377,19476,teste
42378,21414,treino
42379,19427,treino
42380,20961,treino
42381,8605,treino
42382,8613,teste
42383,1089,teste
42384,28121,teste
42385,8219,treino
42386,10602,treino
42387,23767,treino
42388,21498,treino
42389,20611,treino
42390,18593,treino
42391,2131,treino
42392,26393,teste
42393,18605,treino
42394,8405,treino
42395,21845,teste
42396,20762,treino
42397,25859,treino
42398,21736,treino
42399,26860,treino
42400,17450,validacao
42401,20645,treino
42402,26296,teste
42403,21578,treino
42404,10814,treino
42405,12370,validacao
42406,3272,teste
42407,15979,validacao
42408,27643,treino
42409,22631,treino
42410,26185,treino
42411,213,treino
42412,9092,treino
42413,26236,treino
42414,22410,teste
42415,26464,validacao
42416,25543,validacao
42417,10461,treino
42418,3227,teste
42419,11440,treino
42420,18948,treino
42421,24784,treino
42422,9159,teste
42423,26963,treino
42424,22258,teste
42425,169,treino
42426,18098,treino
42427,26783,treino
42428,12509,treino
42429,22112,treino
42430,22243,treino
42431,25989,validacao
42432,18111,treino
42433,23226,treino
42434,22038,treino
42435,130,treino
42436,7614,teste
42437,15349,teste
42438,20462,treino
42439,13789,treino
42440,20621,treino
42441,13347,teste
42442,11353,teste
42443,6682,treino
42444,18473,treino
42445,25788,treino
42446,16387,validacao
42447,16314,validacao
42448,22259,treino
42449,21767,treino
42450,22450,treino
42451,22908,treino
42452,16776,treino
42453,26968,treino
42454,20946,treino
42455,22548,treino
42456,9145,teste
42457,23946,treino
42458,6947,treino
42459,14575,treino
42460,19934,validacao
42461,21913,treino
42462,8160,treino
42463,8660,validacao
42464,25424,treino
42465,9787,treino
42466,23610,validacao
42467,10825,treino
42468,25497,treino
42469,20596,teste
42470,22782,treino
42471,17897,treino
42472,22092,treino
42473,16011,treino
42474,22835,teste
42475,9620,treino
42476,5148,treino
42477,22161,treino
42478,8312,treino
42479,12985,teste
42480,27040,treino
42481,18429,treino
42482,22807,treino
42483,18610,treino
42484,17872,treino
42485,23150,treino
42486,13747,treino
42487,18907,treino
42488,26362,validacao
42489,11070,treino
42490,26828,treino
42491,16822,teste
42492,9595,treino
42493,16623,treino
42494,24339,treino
42495,27566,treino
42496,27688,validacao
42497,21759,validacao
42498,21006,treino
42499,23321,teste
42500,17514,treino
42501,10734,treino
42502,7732,treino
42503,13155,treino
42504,14440,treino
42505,28154,treino
42506,6274,treino
42507,13914,treino
42508,17338,treino
42509,22246,treino
42510,19490,treino
42511,25941,validacao
42512,9312,validacao
42513,16701,treino
42514,26673,teste
42515,5319,teste
42516,21760,treino
42517,17360,treino
42518,26648,treino
42519,16171,treino
42520,16609,treino
42521,25676,treino
42522,22556,treino
42523,21998,teste
42524,8665,treino
42525,2374,treino
42526,23526,treino
42527,19890,teste
42528,3017,treino
42529,20806,treino
42530,24074,treino
42531,26986,treino
42532,19609,teste
42533,9449,treino
42534,17770,treino
42535,19052,teste
42536,21076,treino
42537,20765,teste
42538,17675,treino
42539,2557,teste
42540,8832,validacao
42541,23588,validacao
42542,23466,treino
42543,7438,treino
42544,8556,treino
42545,14939,validacao
42546,25015,teste
42547,11014,validacao
42548,25378,treino
42549,13184,treino
42550,23336,treino
42551,27944,treino
42552,17787,treino
42553,25635,treino
42554,470,treino
42555,10357,treino
42556,23601,validacao
42557,5993,treino
42558,22511,teste
42559,8416,treino
42560,14998,validacao
42561,21425,validacao
42562,23144,treino
42563,17720,treino
42564,19074,treino
42565,19031,treino
42566,27770,teste
42567,26835,treino
42568,20298,treino
42569,14724,validacao
42570,12044,treino
42571,26864,treino
42572,21991,treino
42573,26793,treino
42574,27568,validacao
42575,25353,treino
42576,19874,treino
42577,21624,treino
42578,8750,teste
42579,20498,treino
42580,3461,treino
42581,20749,validacao
42582,25137,treino
42583,4166,treino
42584,27397,treino
42585,27161,teste
42586,22461,treino
42587,6207,treino
42588,2199,treino
42589,435,treino
42590,25883,treino
42591,13413,treino
42592,11817,treino
42593,1594,validacao
42594,22943,validacao
42595,12651,treino
42596,1272,teste
42597,23734,treino
42598,17056,teste
42599,8897,teste
42600,6944,treino
42601,6520,teste
42602,25898,treino
42603,7715,treino
42604,8502,treino
42605,25264,treino
42606,25229,treino
42607,1207,treino
42608,24821,teste
42609,21740,treino
42610,28020,treino
42611,20229,validacao
42612,26612,treino
42613,2677,treino
42614,16327,treino
42615,17546,treino
42616,25220,teste
42617,3986,treino
42618,19779,teste
42619,2085,validacao
42620,25194,treino
42621,6131,treino
42622,20488,teste
42623,27648,treino
42624,17186,teste
42625,25765,treino
42626,678,treino
42627,17743,treino
42628,19267,treino
42629,21971,teste
42630,21607,treino
42631,17779,treino
42632,6140,treino
42633,25454,treino
42634,19400,treino
42635,22724,validacao
42636,25103,teste
42637,4725,treino
42638,25247,validacao
42639,24690,treino
42640,25660,treino
42641,22381,treino
42642,19070,teste
42643,27197,validacao
42644,13459,teste
42645,21190,teste
42646,27454,treino
42647,19991,validacao
42648,2632,treino
42649,22718,treino
42650,2819,treino
42651,600,treino
42652,6551,validacao
42653,2202,validacao
42654,5167,treino
42655,4989,treino
42656,10293,teste
42657,24940,teste
42658,17845,treino
42659,23885,treino
42660,26923,treino
42661,13562,teste
42662,22806,treino
42663,23030,treino
42664,19159,treino
42665,27004,validacao
42666,13305,treino
42667,8424,treino
42668,15795,treino
42669,26580,validacao
42670,16117,validacao
42671,27774,validacao
42672,18092,treino
42673,16009,treino
42674,9991,validacao
42675,2326,validacao
42676,2050,teste
42677,27258,treino
42678,27650,treino
42679,1354,treino
42680,25251,treino
42681,3091,treino
42682,205,treino
42683,27097,validacao
42684,19880,treino
42685,4641,teste
42686,913,teste
42687,5515,teste
42688,6479,treino
42689,27365,teste
42690,26321,treino
42691,22115,treino
42692,13871,validacao
42693,69,validacao
42694,12542,treino
42695,23285,treino
42696,24252,treino
42697,22658,teste
42698,6829,teste
42699,18040,treino
42700,25371,teste
42701,26534,teste
42702,14578,treino
42703,20445,treino
42704,19273,treino
42705,6394,validacao
42706,23793,treino
42707,20983,treino
42708,17968,treino
42709,23435,teste
42710,22394,treino
42711,573,treino
42712,427,treino
42713,243,treino
42714,20088,treino
42715,22963,treino
42716,5302,treino
42717,24092,treino
42718,19985,validacao
42719,26596,treino
42720,19742,teste
42721,16627,teste
42722,16939,treino
42723,24183,treino
42724,27828,validacao
42725,27104,teste
42726,20259,treino
42727,7360,treino
42728,17261,teste
42729,1551,teste
42730,26938,treino
42731,12418,treino
42732,21551,validacao
42733,2217,validacao
42734,83,treino
42735,24156,treino
42736,20247,teste
42737,20146,validacao
42738,27117,validacao
42739,13586,treino
42740,5780,treino
42741,7512,teste
42742,19711,validacao
42743,11626,treino
42744,18068,treino
42745,27954,treino
42746,20932,treino
42747,5873,validacao
42748,20289,treino
42749,20249,treino
42750,15826,validacao
42751,17066,treino
42752,22536,treino
42753,4489,treino
42754,23977,treino
42755,15326,treino
42756,19512,treino
42757,22245,treino
42758,16157,teste
42759,7677,validacao
42760,21034,treino
42761,21675,treino
42762,2212,treino
42763,25698,treino
42764,1079,treino
42765,21003,treino
42766,25306,treino
42767,2225,teste
42768,25507,treino
42769,91,treino
42770,24215,treino
42771,257,validacao
42772,26730,treino
42773,1956,treino
42774,20127,treino
42775,21548,treino
42776,17390,treino
42777,27940,treino
42778,14956,treino
42779,9318,treino
42780,22367,validacao
42781,159,treino
42782,5504,teste
42783,6075,treino
42784,28007,treino
42785,17792,treino
42786,10468,treino
42787,22645,treino
42788,8242,treino
42789,3645,teste
42790,27867,treino
42791,27597,treino
42792,350,treino
42793,24047,validacao
42794,21916,treino
42795,19912,validacao
42796,119,treino
42797,22249,treino
42798,23061,treino
42799,22942,treino
42800,26555,treino
42801,22347,teste
42802,21379,validacao
42803,7029,treino
42804,21780,treino
42805,17383,treino
42806,12455,treino
42807,10564,teste
42808,13321,treino
42809,3052,treino
42810,4993,treino
42811,26308,teste
42812,4246,treino
42813,23305,treino
42814,13994,treino
42815,19388,treino
42816,22969,validacao
42817,3316,treino
42818,3217,teste
42819,1731,treino
42820,7669,treino
42821,20175,teste
42822,23623,treino
42823,1896,teste
42824,24575,treino
42825,22384,teste
42826,17493,treino
42827,22333,teste
42828,19185,teste
42829,19214,treino
42830,5127,treino
42831,19625,teste
42832,11956,treino
42833,1391,validacao
42834,23596,treino
42835,20644,treino
42836,16969,treino
42837,7395,treino
42838,22284,treino
42839,20662,treino
42840,25853,teste
42841,12571,treino
42842,416,treino
42843,20336,treino
42844,27677,treino
42845,358,teste
42846,27895,validacao
42847,1435,treino
42848,28107,validacao
42849,194,validacao
42850,26209,treino
42851,24486,validacao
42852,5715,validacao
42853,24881,treino
42854,26224,treino
42855,5987,teste
42856,14348,treino
42857,25707,treino
42858,6705,treino
42859,18440,treino
42860,12082,treino
42861,24806,teste
42862,21272,teste
42863,24292,treino
42864,3833,validacao
42865,21248,validacao
42866,17211,treino
42867,10495,treino
42868,18474,treino
42869,1394,teste
42870,12443,teste
42871,19854,teste
42872,8189,teste
42873,21350,treino
42874,12379,validacao
42875,1126,teste
42876,22965,treino
42877,21489,treino
42878,7481,teste
42879,22720,validacao
42880,17996,validacao
42881,23864,teste
42882,19240,treino
42883,22149,teste
42884,19509,validacao
42885,10800,teste
42886,26611,validacao
42887,21230,treino
42888,26608,treino
42889,22630,treino
42890,20465,validacao
42891,4327,treino
42892,24763,treino
42893,19062,treino
42894,25564,treino
42895,738,validacao
42896,2105,treino
42897,9094,validacao
42898,5481,validacao
42899,11637,validacao
42900,27520,treino
42901,10661,teste
42902,24531,treino
42903,3670,teste
42904,21387,treino
42905,23195,treino
42906,24565,treino
42907,2514,validacao
42908,6585,treino
42909,2852,validacao
42910,21774,treino
42911,19396,treino
42912,12501,treino
42913,18775,treino
42914,1235,treino
42915,15011,treino
42916,26208,treino
42917,17876,treino
42918,13656,treino
42919,23550,teste
42920,28186,validacao
42921,1463,treino
42922,20793,treino
42923,25351,treino
42924,21274,treino
42925,26747,treino
42926,26922,validacao
42927,24373,treino
42928,2511,teste
42929,26176,treino
42930,15574,treino
42931,2410,treino
42932,27845,treino
42933,19886,treino
42934,3452,treino
42935,24247,treino
42936,20917,treino
42937,18892,treino
42938,26329,treino
42939,25476,treino
42940,28065,treino
42941,22848,treino
42942,25486,validacao
42943,215,treino
42944,16724,teste
42945,28230,treino
42946,11502,treino
42947,26884,treino
42948,27497,treino
42949,2568,validacao
42950,5239,treino
42951,27738,treino
42952,23816,teste
42953,4448,treino
42954,22214,treino
42955,22640,teste
42956,22460,treino
42957,5161,treino
42958,4542,treino
42959,21726,treino
42960,18103,teste
42961,25685,teste
42962,18175,treino
42963,17179,treino
42964,23663,treino
42965,20142,treino
42966,19845,teste
42967,22587,validacao
42968,6669,treino
42969,25500,validacao
42970,26257,validacao
42971,27482,teste
42972,22155,treino
42973,16910,validacao
42974,25699,treino
42975,20188,treino
42976,8454,treino
42977,1485,teste
42978,2905,treino
42979,151,treino
42980,2177,teste
42981,19953,validacao
42982,16965,treino
42983,18730,treino
42984,26830,treino
42985,21246,treino
42986,19169,treino
42987,6284,treino
42988,19976,treino
42989,16665,treino
42990,22557,treino
42991,27874,treino
42992,21804,validacao
42993,22593,teste
42994,20110,treino
42995,9887,validacao
42996,27023,treino
42997,21603,validacao
42998,961,treino
42999,6574,treino
43000,7721,treino
43001,7084,validacao
43002,28152,validacao
43003,14194,treino
43004,24893,treino
43005,15149,treino
43006,23569,treino
43007,8778,treino
43008,18017,teste
43009,16441,validacao
43010,10188,treino
43011,26248,treino
43012,18898,validacao
43013,24832,validacao
43014,8993,treino
43015,3978,treino
43016,11380,teste
43017,16551,teste
43018,4838,validacao
43019,22216,validacao
43020,5497,treino
43021,23580,treino
43022,3413,treino
43023,16884,treino
43024,22808,treino
43025,28136,validacao
43026,25405,teste
43027,20190,validacao
43028,27272,treino
43029,20996,validacao
43030,23557,teste
43031,18684,treino
43032,28067,teste
43033,12426,treino
43034,2382,treino
43035,8005,treino
43036,23575,validacao
43037,22568,treino
43038,19923,treino
43039,5731,treino
43040,21194,teste
43041,19401,teste
43042,26979,validacao
43043,11479,treino
43044,26850,treino
43045,20291,treino
43046,5879,treino
43047,5204,teste
43048,19541,validacao
43049,26933,treino
43050,20897,treino
43051,26629,validacao
43052,6921,validacao
43053,2416,teste
43054,7470,treino
43055,25600,teste
43056,26689,treino
43057,27276,treino
43058,14727,teste
43059,18404,treino
43060,12245,treino
43061,26816,teste
43062,6916,validacao
43063,21245,treino
43064,12238,treino
43065,1564,treino
43066,11279,treino
43067,19459,validacao
43068,24429,treino
43069,23421,treino
43070,20812,treino
43071,16750,treino
43072,4071,treino
43073,23142,validacao
43074,21891,validacao
43075,3933,treino
43076,27070,validacao
43077,2942,teste
43078,26178,treino
43079,1026,treino
43080,22751,treino
43081,27112,treino
43082,19353,treino
43083,11923,treino
43084,19908,treino
43085,24484,treino
43086,28161,teste
43087,26796,validacao
43088,25453,teste
43089,27445,teste
43090,16967,treino
43091,20334,validacao
43092,25060,treino
43093,26338,treino
43094,6080,treino
43095,21409,treino
43096,21013,treino
43097,18798,treino
43098,17733,treino
43099,21234,teste
43100,21005,teste
43101,9653,validacao
43102,8798,treino
43103,27578,teste
43104,4791,teste
43105,22177,validacao
43106,24541,validacao
43107,23461,treino
43108,17862,treino
43109,10730,validacao
43110,27820,treino
43111,22408,teste
43112,27364,treino
43113,23758,treino
43114,22664,treino
43115,22655,treino
43116,21057,treino
43117,25189,treino
43118,20748,treino
43119,10847,treino
43120,25843,treino
43121,26658,treino
43122,5665,treino
43123,24931,treino
43124,12583,validacao
43125,26993,teste
43126,26069,treino
43127,23894,teste
43128,26532,validacao
43129,22475,treino
43130,18766,treino
43131,2936,treino
43132,26879,treino
43133,25322,treino
43134,10120,teste
43135,21129,treino
43136,26790,treino
43137,22604,treino
43138,21591,treino
43139,2170,treino
43140,5806,treino
43141,4863,validacao
43142,11557,treino
43143,2297,treino
43144,25727,teste
43145,20136,teste
43146,20417,treino
43147,24413,treino
43148,23343,treino
43149,21940,treino
43150,28088,teste
43151,3327,treino
43152,26203,treino
43153,22201,treino
43154,18767,treino
43155,21060,teste
43156,24731,validacao
43157,6730,validacao
43158,19704,treino
43159,19841,treino
43160,25474,treino
43161,26253,treino
43162,17813,treino
43163,18578,teste
43164,6650,validacao
43165,26093,teste
43166,27769,validacao
43167,26541,treino
43168,17622,treino
43169,20745,treino
43170,21697,treino
43171,26298,treino
43172,23666,treino
43173,608,teste
43174,24810,treino
43175,8344,treino
43176,20763,treino
43177,9508,treino
43178,19939,treino
43179,23524,teste
43180,17904,treino
43181,16947,treino
43182,17220,treino
43183,26403,treino
43184,273,treino
43185,5033,treino
43186,25210,treino
43187,24774,treino
43188,27206,validacao
43189,5060,treino
43190,23392,treino
43191,3802,treino
43192,26874,treino
43193,153,teste
43194,21447,treino
43195,643,treino
43196,6516,treino
43197,2307,treino
43198,920,treino
43199,7506,treino
43200,22911,treino
43201,17291,validacao
43202,27789,teste
43203,18418,treino
43204,11790,teste
43205,6287,treino
43206,23860,teste
43207,18206,treino
43208,11275,treino
43209,8478,treino
43210,23213,teste
43211,23279,teste
43212,25633,treino
43213,25187,treino
43214,26452,treino
43215,8725,teste
43216,28056,teste
43217,73,teste
43218,23651,treino
43219,25858,treino
43220,24539,teste
43221,27063,validacao
43222,10966,teste
43223,23803,treino
43224,5199,treino
43225,14739,treino
43226,25866,teste
43227,11738,treino
43228,15986,teste
43229,19823,treino
43230,25286,treino
43231,25744,teste
43232,22678,validacao
43233,6198,treino
43234,3659,treino
43235,17154,validacao
43236,21108,teste
43237,27239,validacao
43238,14421,treino
43239,18410,treino
43240,27047,treino
43241,20708,teste
43242,24299,validacao
43243,24193,teste
43244,7139,treino
43245,19090,treino
43246,20066,treino
43247,28179,treino
43248,24955,treino
43249,23083,treino
43250,25958,treino
43251,21298,treino
43252,21711,treino
43253,6785,validacao
43254,22073,treino
43255,22236,treino
43256,27569,teste
43257,2250,treino
43258,161,teste
43259,3043,treino
43260,16140,teste
43261,22995,treino
43262,851,treino
43263,9463,treino
43264,471,treino
43265,15915,treino
43266,6816,validacao
43267,26868,teste
43268,27411,validacao
43269,23184,treino
43270,14520,validacao
43271,26116,validacao
43272,27170,treino
43273,18204,treino
43274,25661,treino
43275,1214,validacao
43276,20393,treino
43277,1020,treino
43278,22146,validacao
43279,9572,validacao
43280,18055,teste
43281,24338,treino
43282,20441,validacao
43283,23805,validacao
43284,8341,treino
43285,27181,treino
43286,24306,treino
43287,18721,treino
43288,10656,treino
43289,27515,treino
43290,396,treino
43291,19921,treino
43292,5896,teste
43293,21798,validacao
43294,5225,treino
43295,21402,treino
43296,12017,validacao
43297,5188,treino
43298,18528,treino
43299,24532,treino
43300,10562,teste
43301,22486,treino
43302,5999,treino
43303,23401,treino
43304,27620,treino
43305,22893,treino
43306,9277,teste
43307,1174,treino
43308,28054,treino
43309,22468,treino
43310,368,teste
43311,19039,treino
43312,20821,treino
43313,19164,treino
43314,4442,treino
43315,23759,treino
43316,15840,treino
43317,563,treino
43318,5683,teste
43319,27406,teste
43320,16880,treino
43321,23790,treino
43322,7211,validacao
43323,14590,teste
43324,21855,treino
43325,18806,validacao
43326,5607,treino
43327,12870,treino
43328,22613,teste
43329,25598,treino
43330,3063,treino
43331,25021,teste
43332,11710,treino
43333,21851,treino
43334,20726,treino
43335,18619,treino
43336,2281,validacao
43337,16928,treino
43338,15106,treino
43339,27229,validacao
43340,2123,treino
43341,16962,treino
43342,6570,validacao
43343,26010,teste
43344,19419,treino
43345,18481,treino
43346,19245,validacao
43347,3120,treino
43348,21703,treino
43349,21444,treino
43350,23712,treino
43351,27695,treino
43352,22836,treino
43353,17149,treino
43354,23836,teste
43355,20365,treino
43356,22226,treino
43357,22517,treino
43358,5425,validacao
43359,3494,teste
43360,27182,treino
43361,21357,treino
43362,24878,treino
43363,20356,treino
43364,20065,treino
43365,19733,treino
43366,229,treino
43367,27174,treino
43368,15554,treino
43369,24567,treino
43370,5766,treino
43371,20149,teste
43372,27647,treino
43373,22160,validacao
43374,23458,teste
43375,1179,treino
43376,26284,teste
43377,23402,treino
43378,22402,validacao
43379,16574,treino
43380,18935,treino
43381,2425,treino
43382,392,teste
43383,23659,validacao
43384,3347,treino
43385,6288,validacao
43386,20471,treino
43387,24428,validacao
43388,26135,teste
43389,14470,treino
43390,13062,treino
43391,17469,treino
43392,27308,treino
43393,23503,validacao
43394,5712,validacao
43395,22304,treino
43396,27879,teste
43397,1957,validacao
43398,704,treino
43399,4269,treino
43400,24399,treino
43401,5804,treino
43402,16056,treino
43403,27765,treino
43404,7771,treino
43405,17396,treino
43406,24673,validacao
43407,20590,teste
43408,22130,treino
43409,23293,treino
43410,26042,treino
43411,6295,treino
43412,4469,treino
43413,10353,treino
43414,4017,validacao
43415,7488,teste
43416,10136,teste
43417,27947,treino
43418,25508,treino
43419,21389,treino
43420,28190,teste
43421,695,treino
43422,27221,treino
43423,3244,treino
43424,20438,treino
43425,24137,treino
43426,19409,treino
43427,23215,teste
43428,26509,validacao
43429,28200,teste
43430,3960,teste
43431,18517,treino
43432,27291,treino
43433,241,treino
43434,620,treino
43435,946,teste
43436,25981,treino
43437,27529,treino
43438,24256,teste
43439,27851,treino
43440,9066,treino
43441,1225,treino
43442,7372,teste
43443,17763,teste
43444,17843,treino
43445,840,treino
43446,756,treino
43447,20564,treino
43448,18833,treino
43449,20934,validacao
43450,24126,validacao
43451,22125,treino
43452,22383,treino
43453,3752,treino
43454,25625,treino
43455,19807,treino
43456,22669,treino
43457,27846,treino
43458,1339,treino
43459,8828,treino
43460,21101,treino
43461,20614,treino
43462,19599,treino
43463,170,teste
43464,8197,teste
43465,19700,treino
43466,21247,teste
43467,22039,treino
43468,19329,treino
43469,137,teste
43470,7542,treino
43471,25632,teste
43472,11170,treino
43473,26523,teste
43474,25607,treino
43475,21698,validacao
43476,5083,treino
43477,26753,teste
43478,21690,teste
43479,5529,teste
43480,162,teste
43481,27993,treino
43482,22998,teste
43483,25998,treino
43484,23143,treino
43485,24459,validacao
43486,24000,treino
43487,2831,treino
43488,21604,treino
43489,25712,treino
43490,17571,validacao
43491,26355,validacao
43492,22193,teste
43493,10776,treino
43494,687,treino
43495,7546,validacao
43496,20455,treino
43497,25062,treino
43498,21986,treino
43499,25333,treino
43500,28246,treino
43501,2756,teste
43502,9681,treino
43503,24633,validacao
43504,587,treino
43505,5201,treino
43506,27518,treino
43507,18820,teste
43508,17867,validacao
43509,26194,treino
43510,1029,teste
43511,1220,validacao
43512,9102,treino
43513,743,treino
43514,1037,teste
43515,17633,treino
43516,23841,validacao
43517,19919,teste
43518,18838,treino
43519,27430,treino
43520,23140,validacao
43521,18120,treino
43522,19642,treino
43523,23771,treino
43524,2693,teste
43525,28249,validacao
43526,20081,treino
43527,6352,treino
43528,27051,treino
43529,22662,treino
43530,13495,treino
43531,26429,treino
43532,24162,treino
43533,17446,teste
43534,21027,teste
43535,27761,treino
43536,764,treino
43537,7900,validacao
43538,536,validacao
43539,2206,treino
43540,6644,treino
43541,280,treino
43542,2673,teste
43543,21473,treino
43544,14908,treino
43545,20800,teste
43546,17161,teste
43547,16936,validacao
43548,4602,treino
43549,13088,treino
43550,17488,treino
43551,16674,treino
43552,24322,treino
43553,10204,treino
43554,20120,treino
43555,686,treino
43556,26260,treino
43557,12258,teste
43558,22256,treino
43559,17431,treino
43560,22991,treino
43561,621,treino
43562,3173,treino
43563,27210,teste
43564,27190,validacao
43565,25573,treino
43566,23634,teste
43567,13033,treino
43568,25428,treino
43569,27513,validacao
43570,12283,teste
43571,4555,treino
43572,22437,treino
43573,674,treino
43574,23047,treino
43575,23412,teste
43576,1620,treino
43577,13515,treino
43578,24221,treino
43579,21906,treino
43580,11252,treino
43581,17409,teste
43582,4138,treino
43583,3643,treino
43584,13376,teste
43585,22931,teste
43586,8627,treino
43587,13699,validacao
43588,11916,validacao
43589,14782,teste
43590,24785,treino
43591,26409,validacao
43592,11578,treino
43593,8172,teste
43594,24199,treino
43595,21209,treino
43596,10377,teste
43597,23779,treino
43598,21086,treino
43599,23838,treino
43600,7568,teste
43601,16267,validacao
43602,21176,validacao
43603,27033,treino
43604,24348,teste
43605,5762,treino
43606,19946,treino
43607,23848,treino
43608,27217,treino
43609,13767,teste
43610,27320,teste
43611,20134,treino
43612,10535,treino
43613,16357,treino
43614,27745,treino
43615,22485,validacao
43616,19550,validacao
43617,20813,treino
43618,11225,treino
43619,27072,treino
43620,25152,validacao
43621,4524,treino
43622,26886,teste
43623,12039,validacao
43624,22558,treino
43625,23039,treino
43626,26466,treino
43627,27009,teste
43628,24446,validacao
43629,27950,treino
43630,18881,treino
43631,26316,treino
43632,18988,treino
43633,27553,treino
43634,19275,treino
43635,7012,treino
43636,22650,teste
43637,26567,treino
43638,21145,treino
43639,28168,treino
43640,1284,treino
43641,2215,treino
43642,16391,validacao
43643,28189,treino
43644,18128,treino
43645,9031,treino
43646,16508,validacao
43647,27544,validacao
43648,11881,treino
43649,3000,treino
43650,25046,teste
43651,26703,teste
43652,23880,teste
43653,323,treino
43654,11195,treino
43655,394,validacao
43656,26240,teste
43657,15021,treino
43658,17129,treino
43659,23705,treino
43660,9242,validacao
43661,24324,teste
43662,10665,treino
43663,23647,teste
43664,12965,treino
43665,18075,validacao
43666,19094,treino
43667,25664,teste
43668,20741,treino
43669,18901,treino
43670,12107,teste
43671,22849,treino
43672,1280,teste
43673,25804,teste
43674,25750,teste
43675,25747,treino
43676,3287,teste
43677,27664,treino
43678,26709,treino
43679,20244,teste
43680,2960,teste
43681,21383,treino
43682,20280,teste
43683,23998,treino
43684,21914,treino
43685,22721,treino
43686,4738,treino
43687,23267,treino
43688,3815,treino
43689,12287,treino
43690,20924,treino
43691,21694,validacao
43692,20010,treino
43693,21318,treino
43694,5015,validacao
43695,21634,teste
43696,23470,treino
43697,11526,treino
43698,1501,teste
43699,23893,teste
43700,16289,validacao
43701,25064,treino
43702,26971,treino
43703,25850,treino
43704,22279,teste
43705,20371,treino
43706,20207,treino
43707,10691,treino
43708,26388,teste
43709,25927,validacao
43710,25724,treino
43711,27587,treino
43712,15283,teste
43713,27826,treino
43714,18388,treino
43715,24778,treino
43716,17606,treino
43717,26539,treino
43718,2782,treino
43719,16440,treino
43720,12389,validacao
43721,1369,treino
43722,24461,treino
43723,21974,validacao
43724,22200,treino
43725,23245,treino
43726,2686,treino
43727,22197,treino
43728,18154,treino
43729,2790,validacao
43730,26328,treino
43731,20160,treino
43732,22771,treino
43733,15713,treino
43734,26849,treino
43735,4351,validacao
43736,21756,treino
43737,23254,treino
43738,15357,validacao
43739,21879,treino
43740,645,validacao
43741,13301,treino
43742,122,treino
43743,15834,validacao
43744,6161,treino
43745,16210,teste
43746,11901,treino
43747,1376,validacao
43748,16828,teste
43749,26566,treino
43750,13025,treino
43751,8115,treino
43752,1969,treino
43753,21372,teste
43754,4083,treino
43755,27122,teste
43756,27456,treino
43757,7303,teste
43758,17700,teste
43759,16506,treino
43760,20947,treino
43761,28115,validacao
43762,24102,validacao
43763,24512,treino
43764,781,teste
43765,22257,treino
43766,17480,treino
43767,15395,treino
43768,26586,validacao
43769,24289,treino
43770,15117,treino
43771,22312,teste
43772,4518,treino
43773,22495,treino
43774,11160,validacao
43775,8030,treino
43776,61,treino
43777,19717,treino
43778,23118,treino
43779,21422,treino
43780,23423,treino
43781,1082,treino
43782,24875,treino
43783,26237,treino
43784,27550,treino
43785,20245,treino
43786,20598,treino
43787,193,treino
43788,14747,treino
43789,15602,teste
43790,21872,teste
43791,23157,treino
43792,15802,treino
43793,20181,treino
43794,22657,treino
43795,28045,treino
43796,22144,treino
43797,27936,treino
43798,3809,treino
43799,22096,treino
43800,21290,validacao
43801,4379,teste
43802,22582,treino
43803,147,treino
43804,18719,treino
43805,26004,treino
43806,10683,treino
43807,772,validacao
43808,26738,treino
43809,25624,treino
43810,23775,treino
43811,1816,teste
43812,25342,treino
43813,25082,validacao
43814,23901,treino
43815,21032,treino
43816,14292,treino
43817,6762,validacao
43818,21189,treino
43819,25611,teste
43820,8674,treino
43821,2815,treino
43822,26776,treino
43823,27015,validacao
43824,18468,teste
43825,27176,teste
43826,25364,validacao
43827,4146,validacao
43828,650,teste
43829,20333,treino
43830,26400,treino
43831,27594,treino
43832,21510,treino
43833,9151,treino
43834,21303,teste
43835,26527,treino
43836,21895,teste
43837,17841,validacao
43838,19988,teste
43839,17377,treino
43840,26904,treino
43841,20189,teste
43842,19315,teste
43843,27669,teste
43844,27805,treino
43845,25726,treino
43846,14234,treino
43847,26084,treino
43848,20271,teste
43849,16945,treino
43850,26295,treino
43851,27572,treino
43852,4770,treino
43853,5379,treino
43854,15382,treino
43855,22847,treino
43856,23178,treino
43857,26354,treino
43858,21928,teste
43859,3302,teste
43860,4548,teste
43861,17643,treino
43862,1278,validacao
43863,15694,teste
43864,20424,teste
43865,3068,validacao
43866,14879,teste
43867,9200,treino
43868,20093,teste
43869,5374,treino
43870,3893,treino
43871,18525,treino
43872,16435,treino
43873,8991,treino
43874,9049,validacao
43875,20037,treino
43876,20399,treino
43877,9142,treino
43878,9926,treino
43879,24902,teste
43880,14680,validacao
43881,23614,treino
43882,8350,treino
43883,19885,treino
43884,10750,treino
43885,27489,teste
43886,21391,validacao
43887,9421,treino
43888,28251,treino
43889,4188,treino
43890,25255,teste
43891,18663,treino
43892,21375,treino
43893,24630,treino
43894,3170,validacao
43895,22683,teste
43896,27534,treino
43897,15928,teste
43898,14919,teste
43899,27346,teste
43900,7906,treino
43901,19024,validacao
43902,7886,treino
43903,3249,teste
43904,10634,treino
43905,8553,teste
43906,11668,treino
43907,21100,treino
43908,21150,teste
43909,15551,treino
43910,21474,teste
43911,4903,validacao
43912,17310,treino
43913,26243,teste
43914,598,treino
43915,22167,teste
43916,20009,teste
43917,722,treino
43918,8869,treino
43919,19960,validacao
43920,20477,treino
43921,23146,treino
43922,26160,treino
43923,26461,treino
43924,9161,validacao
43925,5325,validacao
43926,17923,validacao
43927,21004,treino
43928,1370,treino
43929,5964,teste
43930,16379,treino
43931,4333,treino
43932,4032,treino
43933,9306,treino
43934,25828,teste
43935,17889,teste
43936,12384,treino
43937,24675,teste
43938,1533,validacao
43939,25571,treino
43940,658,validacao
43941,22391,treino
43942,27173,teste
43943,22084,treino
43944,1478,teste
43945,24560,treino
43946,22551,treino
43947,24380,treino
43948,25834,treino
43949,17781,validacao
43950,14910,validacao
43951,26735,teste
43952,356,treino
43953,26506,treino
43954,25095,treino
43955,24501,treino
43956,3077,treino
43957,22174,treino
43958,11463,teste
43959,26676,treino
43960,26212,treino
43961,2264,treino
43962,1038,treino
43963,13861,teste
43964,12866,validacao
43965,21710,treino
43966,18542,treino
43967,16835,treino
43968,4573,validacao
43969,26769,teste
43970,22397,treino
43971,26432,teste
43972,21467,validacao
43973,25609,treino
43974,7099,treino
43975,749,teste
43976,4126,treino
43977,21178,validacao
43978,607,treino
43979,644,teste
43980,24425,validacao
43981,21842,treino
43982,16923,teste
43983,25386,treino
43984,25994,treino
43985,25484,teste
43986,17038,treino
43987,3166,validacao
43988,27739,teste
43989,21880,teste
43990,1859,teste
43991,26425,treino
43992,24819,teste
43993,27718,treino
43994,1505,teste
43995,13693,teste
43996,20143,teste
43997,8155,treino
43998,1500,teste
43999,20874,treino
44000,18732,validacao
44001,9281,treino
44002,24606,treino
44003,20889,treino
44004,18823,treino
44005,25557,validacao
44006,21923,treino
44007,24529,treino
44008,14759,treino
44009,24604,validacao
44010,21073,treino
44011,20325,treino
44012,25030,treino
44013,5207,teste
44014,19101,teste
44015,19883,validacao
44016,26290,treino
44017,6541,validacao
44018,6332,validacao
44019,512,validacao
44020,3071,treino
44021,10457,treino
44022,25678,treino
44023,19810,treino
44024,26791,treino
44025,5893,treino
44026,7330,validacao
44027,7709,treino
44028,5635,treino
44029,26822,validacao
44030,8771,treino
44031,28098,treino
44032,20903,treino
44033,26195,treino
44034,1887,validacao
44035,6603,treino
44036,20108,treino
44037,2890,treino
44038,473,teste
44039,19901,treino
44040,6608,treino
44041,9407,treino
44042,2154,treino
44043,25783,treino
44044,17358,validacao
44045,19454,treino
44046,18371,treino
44047,4545,treino
44048,18412,teste
44049,22330,treino
44050,4502,treino
44051,1092,treino
44052,27804,treino
44053,19986,treino
44054,27625,treino
44055,24622,teste
44056,17851,validacao
44057,717,treino
44058,22526,treino
44059,21707,treino
44060,20933,treino
44061,24788,treino
44062,5800,treino
44063,24761,teste
44064,2501,teste
44065,22580,treino
44066,1757,treino
44067,27890,treino
44068,5916,treino
44069,23959,teste
44070,26540,treino
44071,26994,treino
44072,3998,treino
44073,20954,treino
44074,25450,teste
44075,7067,treino
44076,25489,teste
44077,12279,teste
44078,23300,treino
44079,22569,treino
44080,17751,teste
44081,22030,treino
44082,25065,validacao
44083,4835,validacao
44084,11144,treino
44085,23227,validacao
44086,20709,treino
44087,23650,treino
44088,27466,treino
44089,18897,treino
44090,10889,teste
44091,23558,validacao
44092,22534,treino
44093,23544,treino
44094,22828,teste
44095,24766,validacao
44096,1193,treino
44097,24353,validacao
44098,26746,validacao
44099,21308,treino
44100,19313,teste
44101,20550,treino
44102,6323,treino
44103,20995,treino
44104,21174,treino
44105,25842,treino
44106,3699,treino
44107,21771,validacao
44108,20899,treino
44109,22618,treino
44110,17142,teste
44111,21822,treino
44112,14228,treino
44113,8179,validacao
44114,24836,treino
44115,2139,teste
44116,18372,treino
44117,20204,validacao
44118,27301,validacao
44119,25070,treino
44120,4028,validacao
44121,16555,treino
44122,23367,treino
44123,20258,treino
44124,20648,teste
44125,258,validacao
44126,24789,treino
44127,6867,validacao
44128,752,treino
44129,19928,treino
44130,558,treino
44131,5320,treino
44132,255,treino
44133,17927,treino
44134,20818,teste
44135,25560,validacao
44136,24280,treino
44137,7646,treino
44138,21749,treino
44139,2881,treino
44140,19833,validacao
44141,17718,teste
44142,18927,validacao
44143,26150,teste
44144,21144,treino
44145,8940,treino
44146,18470,validacao
44147,2763,validacao
44148,20973,treino
44149,7280,treino
44150,20206,treino
44151,399,treino
44152,22169,validacao
44153,25370,treino
44154,20124,teste
44155,23383,treino
44156,12006,validacao
44157,935,teste
44158,19376,teste
44159,12436,treino
44160,6818,treino
44161,19004,treino
44162,20725,teste
44163,20755,treino
44164,6112,treino
44165,24362,treino
44166,5652,teste
44167,5422,treino
44168,22576,treino
44169,25400,treino
44170,20993,validacao
44171,755,treino
44172,17595,treino
44173,667,treino
44174,19213,validacao
44175,18923,treino
44176,26407,treino
44177,3127,treino
44178,1990,treino
44179,298,teste
44180,4038,treino
44181,24363,treino
44182,6231,treino
44183,21348,treino
44184,27617,treino
44185,20230,validacao
44186,21903,teste
44187,7381,validacao
44188,26916,treino
44189,9576,validacao
44190,17817,validacao
44191,24932,treino
44192,27279,treino
44193,23852,teste
44194,19965,validacao
44195,5065,validacao
44196,18447,teste
44197,24724,validacao
44198,7094,treino
44199,25887,treino
44200,12603,treino
44201,8963,teste
44202,25498,treino
44203,28232,validacao
44204,8723,treino
44205,18860,validacao
44206,17379,teste
44207,25071,validacao
44208,940,treino
44209,2389,teste
44210,24835,treino
44211,23182,teste
44212,2984,treino
44213,25155,validacao
44214,23844,validacao
44215,184,treino
44216,28027,treino
44217,933,teste
44218,24837,treino
44219,20834,treino
44220,19371,validacao
44221,26914,treino
44222,18004,treino
44223,24093,teste
44224,28105,treino
44225,19122,validacao
44226,24662,teste
44227,410,validacao
44228,21166,teste
44229,19696,validacao
44230,27545,treino
44231,17957,treino
44232,6091,treino
44233,25468,treino
44234,25606,treino
44235,17759,treino
44236,23721,teste
44237,120,treino
44238,23628,treino
44239,3074,validacao
44240,2751,treino
44241,17465,treino
44242,6052,teste
44243,27730,treino
44244,1814,treino
44245,18628,teste
44246,452,teste
44247,27115,treino
44248,23132,validacao
44249,7872,treino
44250,27644,treino
44251,10809,treino
44252,26984,treino
44253,19192,treino
44254,3519,treino
44255,19099,treino
44256,330,teste
44257,23874,treino
44258,4404,treino
44259,22936,teste
44260,11052,treino
44261,19328,teste
44262,18324,treino
44263,8419,treino
44264,25355,treino
44265,4361,validacao
44266,433,treino
44267,21844,treino
44268,23006,treino
44269,22311,treino
44270,26213,teste
44271,26930,treino
44272,19776,validacao
44273,27831,teste
44274,25940,treino
44275,17237,treino
44276,1240,treino
44277,25657,teste
44278,22902,treino
44279,21617,validacao
44280,17874,treino
44281,24667,teste
44282,6271,treino
44283,277,treino
44284,21039,treino
44285,18694,validacao
44286,26845,treino
44287,11002,teste
44288,19754,treino
44289,25506,treino
44290,21869,validacao
44291,21041,validacao
44292,7968,validacao
44293,27838,treino
44294,1581,teste
44295,25682,teste
44296,20911,treino
44297,12400,teste
44298,2627,treino
44299,22209,treino
44300,3400,treino
44301,25483,treino
44302,20949,teste
44303,18047,treino
44304,21008,treino
44305,26808,teste
44306,4780,treino
44307,20328,treino
44308,20011,treino
44309,21199,treino
44310,17882,treino
44311,21104,treino
44312,22938,treino
44313,27281,treino
44314,524,treino
44315,17549,teste
44316,2896,teste
44317,6408,treino
44318,18096,teste
44319,25797,teste
44320,8127,treino
44321,7866,validacao
44322,9608,teste
44323,19887,treino
44324,18188,treino
44325,24123,treino
44326,23467,teste
44327,20822,treino
44328,23754,teste
44329,3395,treino
44330,25738,treino
44331,24925,treino
44332,20246,treino
44333,23250,validacao
44334,24829,treino
44335,2930,teste
44336,21454,treino
44337,21366,validacao
44338,20906,treino
44339,21636,treino
44340,20955,teste
44341,27556,validacao
44342,23152,teste
44343,19795,teste
44344,27714,teste
44345,1995,treino
44346,25410,treino
44347,21187,treino
44348,20893,validacao
44349,23207,validacao
44350,7800,treino
44351,21674,treino
44352,18710,treino
44353,26082,treino
44354,26003,teste
44355,10278,teste
44356,2000,treino
44357,27565,treino
44358,21659,treino
44359,26268,treino
44360,10798,validacao
44361,27581,treino
44362,6106,treino
44363,25650,validacao
44364,5472,treino
44365,25279,treino
44366,27167,treino
44367,7495,treino
44368,1050,treino
44369,20989,treino
44370,18536,validacao
44371,4613,treino
44372,27913,teste
44373,9841,treino
44374,21811,teste
44375,25679,teste
44376,21121,treino
44377,17298,validacao
44378,21966,teste
44379,24157,teste
44380,152,treino
44381,440,validacao
44382,19360,treino
44383,27208,validacao
44384,19662,treino
44385,22024,teste
44386,21068,treino
44387,25545,treino
44388,19660,treino
44389,20532,treino
44390,23866,treino
44391,17269,validacao
44392,25734,teste
44393,26075,treino
44394,1396,treino
44395,12405,treino
44396,20431,treino
44397,23280,treino
44398,23368,treino
44399,24915,treino
44400,8081,treino
44401,23926,treino
44402,26584,treino
44403,758,treino
44404,883,treino
44405,11905,teste
44406,21394,treino
44407,28188,treino
44408,18837,treino
44409,6215,treino
44410,17783,treino
44411,20073,validacao
44412,9088,validacao
44413,9913,treino
44414,10262,treino
44415,9763,teste
44416,3466,teste
44417,27081,treino
44418,24522,treino
44419,26211,treino
44420,25278,teste
44421,25361,treino
44422,24180,treino
44423,11240,teste
44424,708,teste
44425,5236,validacao
44426,25905,treino
44427,22299,treino
44428,25893,treino
44429,760,validacao
44430,20494,treino
44431,9822,treino
44432,17972,treino
44433,22791,treino
44434,24084,treino
44435,21239,treino
44436,22188,treino
44437,9692,teste
44438,23715,teste
44439,2136,teste
44440,6577,validacao
44441,23439,validacao
44442,1728,treino
44443,12556,teste
44444,23075,treino
44445,2035,treino
44446,18242,treino
44447,23515,teste
44448,839,treino
44449,27509,treino
44450,21109,treino
44451,305,treino
44452,28009,treino
44453,25652,treino
44454,26456,treino
44455,914,treino
44456,26991,treino
44457,3354,treino
44458,20500,teste
44459,19626,treino
44460,26861,treino
44461,21287,teste
44462,21654,teste
44463,9164,validacao
44464,22588,treino
44465,18130,treino
44466,12523,treino
44467,387,treino
44468,24920,treino
44469,18436,treino
44470,9979,treino
44471,20528,treino
44472,26168,treino
44473,26918,validacao
44474,21502,validacao
44475,7298,validacao
44476,26198,teste
44477,17200,treino
44478,24523,teste
44479,22505,treino
44480,23091,treino
44481,18122,treino
44482,21010,treino
44483,718,teste
44484,26751,treino
44485,24340,validacao
44486,3336,validacao
44487,8946,validacao
44488,9335,treino
44489,8394,treino
44490,22494,teste
44491,22696,validacao
44492,20650,treino
44493,21471,teste
44494,25332,treino
44495,23566,validacao
44496,20740,treino
44497,4154,treino
44498,25753,treino
44499,24916,treino
44500,2708,treino
44501,8186,treino
44502,22277,validacao
44503,20473,treino
44504,24895,validacao
44505,5976,treino
44506,11853,treino
44507,7992,validacao
44508,23360,treino
44509,640,validacao
44510,11183,validacao
44511,24015,teste
44512,27490,treino
44513,80,treino
44514,11135,teste
44515,4549,treino
44516,19630,treino
44517,8301,treino
44518,26128,treino
44519,2741,treino
44520,1657,treino
44521,26445,treino
44522,23772,treino
44523,20284,validacao
44524,8855,treino
44525,25018,treino
44526,12331,teste
44527,7392,treino
44528,21405,treino
44529,28032,treino
44530,19036,teste
44531,17239,treino
44532,7340,teste
44533,26588,treino
44534,22901,validacao
44535,870,validacao
44536,24366,treino
44537,25129,validacao
44538,7383,treino
44539,26255,validacao
44540,6184,treino
44541,5475,treino
44542,306,treino
44543,17334,treino
44544,26983,treino
44545,11106,treino
44546,21706,teste
44547,3910,treino
44548,9040,treino
44549,26672,treino
44550,25849,treino
44551,2691,teste
44552,20789,validacao
44553,20027,validacao
44554,23349,treino
44555,6591,treino
44556,25803,teste
44557,22740,treino
44558,12517,treino
44559,11260,treino
44560,23310,treino
44561,27443,treino
44562,24635,treino
44563,16952,teste
44564,26962,validacao
44565,27386,teste
44566,20506,treino
44567,2189,treino
44568,25232,treino
44569,26543,treino
44570,22176,treino
44571,22583,treino
44572,4041,treino
44573,26436,treino
44574,7798,validacao
44575,24070,validacao
44576,17737,validacao
44577,2023,treino
44578,21439,treino
44579,17254,teste
44580,23933,treino
44581,17591,treino
44582,12440,treino
44583,3819,treino
44584,22399,validacao
44585,26686,treino
44586,7696,validacao
44587,18814,treino
44588,9766,treino
44589,3904,treino
44590,11833,treino
44591,857,treino
44592,346,treino
44593,3387,validacao
44594,26357,treino
44595,7182,validacao
44596,26227,treino
44597,6749,treino
44598,4196,treino
44599,2422,treino
44600,156,validacao
44601,19971,teste
44602,19468,treino
44603,27559,treino
44604,3267,treino
44605,24445,treino
44606,25455,treino
44607,17869,validacao
44608,27788,teste
44609,24471,treino
44610,19486,treino
44611,19942,validacao
44612,18432,validacao
44613,28001,treino
44614,26471,treino
44615,21487,treino
44616,25928,teste
44617,11763,treino
44618,6121,teste
44619,18382,treino
44620,23778,treino
44621,23238,teste
44622,25212,teste
44623,3848,treino
44624,12079,treino
44625,568,treino
44626,12609,teste
44627,24621,treino
44628,1408,treino
44629,28248,treino
44630,23318,treino
44631,23598,treino
44632,5985,treino
44633,554,treino
44634,26153,treino
44635,27157,teste
44636,23380,treino
44637,2065,treino
44638,17196,treino
44639,24899,treino
44640,21252,teste
44641,28041,treino
44642,23619,treino
44643,2229,treino
44644,24378,treino
44645,9100,treino
44646,22350,treino
44647,25088,treino
44648,22319,treino
44649,28177,teste
44650,2242,treino
44651,27465,treino
44652,20218,teste
44653,22968,treino
44654,54,treino
44655,27342,treino
44656,9105,treino
44657,24933,treino
44658,20306,treino
44659,19649,treino
44660,656,treino
44661,1821,treino
44662,6688,treino
44663,22513,validacao
44664,316,validacao
44665,703,treino
44666,9239,treino
44667,27500,treino
44668,21105,validacao
44669,11101,treino
44670,6693,teste
44671,17685,treino
44672,7600,treino
44673,7133,treino
44674,17326,treino
44675,18297,treino
44676,26182,treino
44677,27637,treino
44678,5843,validacao
44679,22296,treino
44680,457,treino
44681,5633,validacao
44682,18458,treino
44683,6722,treino
44684,25349,treino
44685,848,validacao
44686,27029,validacao
44687,2786,treino
44688,1102,treino
44689,26152,treino
44690,21750,treino
44691,23724,treino
44692,24099,treino
44693,23532,teste
44694,26346,teste
44695,4774,treino
44696,23225,treino
44697,25673,treino
44698,27929,teste
44699,2862,treino
44700,26201,validacao
44701,10996,treino
44702,24833,teste
44703,8598,teste
44704,20655,treino
44705,19783,teste
44706,11629,teste
44707,18778,teste
44708,25531,treino
44709,22654,teste
44710,27263,treino
44711,18997,treino
44712,4896,treino
44713,21165,treino
44714,26127,teste
44715,24365,validacao
44716,22377,teste
44717,9625,validacao
44718,3572,treino
44719,21833,treino
44720,24858,teste
44721,23306,treino
44722,27389,validacao
44723,19587,teste
44724,23935,validacao
44725,4413,teste
44726,26789,treino
44727,24268,treino
44728,12592,validacao
44729,26587,validacao
44730,25575,treino
44731,26609,treino
44732,12632,treino
44733,26651,treino
44734,19929,treino
44735,6621,treino
44736,26446,treino
44737,27784,treino
44738,24078,treino
44739,9412,teste
44740,11112,treino
44741,3186,treino
44742,20577,treino
44743,7761,validacao
44744,9560,treino
44745,58,teste
44746,23033,validacao
44747,21761,treino
44748,21418,treino
44749,24265,treino
44750,27223,validacao
44751,4916,treino
44752,28229,treino
44753,25952,teste
44754,24200,validacao
44755,2504,validacao
44756,20084,validacao
44757,6690,teste
44758,3479,treino
44759,18313,treino
44760,925,teste
44761,3473,teste
44762,5575,validacao
44763,25004,teste
44764,8793,treino
44765,7758,teste
44766,5294,teste
44767,25770,treino
44768,116,treino
44769,10806,treino
44770,22952,treino
44771,21643,teste
44772,3188,teste
44773,27498,treino
44774,27153,treino
44775,6754,validacao
44776,10053,teste
44777,18916,teste
44778,25192,validacao
44779,21201,treino
44780,1467,validacao
44781,19112,treino
44782,24841,treino
44783,4675,treino
44784,762,validacao
44785,12335,treino
44786,22813,teste
44787,8785,validacao
44788,19785,treino
44789,2367,treino
44790,7005,validacao
44791,9521,treino
44792,19713,teste
44793,26966,validacao
44794,25715,validacao
44795,26113,teste
44796,23268,treino
44797,18506,treino
44798,27496,treino
44799,17354,treino
44800,6152,treino
44801,17448,treino
44802,23845,treino
44803,20252,treino
44804,25459,teste
44805,19695,treino
44806,12599,validacao
44807,27763,treino
44808,25917,treino
44809,11017,validacao
44810,24697,treino
44811,27984,validacao
44812,20327,treino
44813,23507,treino
44814,25844,validacao
44815,7791,treino
44816,6583,treino
44817,1046,teste
44818,26347,teste
44819,17101,treino
44820,23062,treino
44821,21052,validacao
44822,4121,treino
44823,22322,treino
44824,2142,teste
44825,20938,treino
44826,18771,treino
44827,726,treino
44828,26327,treino
44829,4505,teste
44830,20389,treino
44831,20847,treino
44832,21306,teste
44833,20627,validacao
44834,3561,validacao
44835,23053,treino
44836,21525,treino
44837,24530,treino
44838,9111,treino
44839,20484,treino
44840,9225,treino
44841,20324,treino
44842,3769,validacao
44843,17313,validacao
44844,20322,treino
44845,20094,treino
44846,22225,treino
44847,21415,validacao
44848,18825,treino
44849,17772,treino
44850,8408,treino
44851,18422,teste
44852,27191,treino
44853,24384,teste
44854,26012,treino
44855,7141,treino
44856,68,treino
44857,28167,teste
44858,25552,teste
44859,23154,treino
44860,24464,treino
44861,12177,treino
44862,25740,treino
44863,4005,teste
44864,10526,teste
44865,25171,teste
44866,128,treino
44867,25372,treino
44868,579,treino
44869,20452,treino
44870,3738,treino
44871,8929,treino
44872,28058,treino
44873,1676,treino
44874,3968,validacao
44875,24475,treino
44876,25389,teste
44877,22049,treino
44878,4973,validacao
44879,24442,treino
44880,27674,validacao
44881,20670,treino
44882,26511,treino
44883,1326,treino
44884,27110,treino
44885,41,treino
44886,25999,treino
44887,636,treino
44888,26430,treino
44889,26258,treino
44890,27937,validacao
44891,6315,treino
44892,22667,treino
44893,4097,treino
44894,22406,teste
44895,26644,treino
44896,27863,treino
44897,12475,treino
44898,18156,treino
44899,1790,treino
44900,12169,validacao
44901,27289,teste
44902,12532,treino
44903,26809,treino
44904,201,treino
44905,25426,teste
44906,26919,treino
44907,18266,validacao
44908,27768,treino
44909,7612,treino
44910,23786,treino
44911,7435,treino
44912,234,validacao
44913,1497,treino
44914,5335,teste
44915,6178,validacao
44916,24716,treino
44917,3772,validacao
44918,26727,validacao
44919,12568,teste
44920,23120,treino
44921,24513,treino
44922,4129,treino
44923,24593,treino
44924,12103,teste
44925,23823,teste
44926,26281,treino
44927,27328,teste
44928,22820,treino
44929,3536,treino
44930,27755,teste
44931,28006,treino
44932,4240,teste
44933,26474,validacao
44934,4985,treino
44935,28128,treino
44936,5216,treino
44937,8528,treino
44938,9131,treino
44939,6855,treino
44940,24722,validacao
44941,25857,treino
44942,8692,treino
44943,8056,validacao
44944,27368,treino
44945,6017,teste
44946,26946,treino
44947,7300,treino
44948,197,treino
44949,4473,treino
44950,24281,treino
44951,11909,treino
44952,25991,treino
44953,26126,treino
44954,11656,validacao
44955,10792,treino
44956,24538,validacao
44957,26166,teste
44958,26272,treino
44959,26499,teste
44960,22844,treino
44961,26222,treino
44962,22723,treino
44963,23342,validacao
44964,978,validacao
44965,22715,treino
44966,232,treino
44967,26423,teste
44968,1789,treino
44969,2578,validacao
44970,1629,validacao
44971,24728,teste
44972,26752,treino
44973,27598,treino
44974,22783,teste
44975,11722,treino
44976,23927,teste
44977,26649,treino
44978,24067,teste
44979,23115,treino
44980,5752,validacao
44981,11227,teste
44982,6522,treino
44983,271,treino
44984,889,treino
44985,9995,treino
44986,3180,treino
44987,27146,treino
44988,26171,validacao
44989,26755,teste
44990,533,treino
44991,27253,validacao
44992,27676,treino
44993,594,treino
44994,24014,treino
44995,27219,teste
44996,22763,validacao
44997,26711,treino
44998,26223,treino
44999,2850,validacao
45000,22766,treino
45001,6936,treino
45002,2973,treino
45003,26217,treino
45004,167,teste
45005,25778,treino
45006,24855,validacao
45007,3026,treino
45008,2554,treino
45009,7159,treino
45010,25972,treino
45011,7338,validacao
45012,24469,validacao
45013,24861,teste
45014,22741,validacao
45015,2267,treino
45016,4887,treino
45017,25749,teste
45018,28146,teste
45019,27227,treino
45020,25313,treino
45021,4969,validacao
45022,3897,treino
45023,18240,treino
45024,17688,treino
45025,1600,treino
45026,18689,validacao
45027,5036,treino
45028,4204,treino
45029,3236,teste
45030,27766,treino
45031,26163,treino
45032,25191,teste
45033,191,validacao
45034,20002,validacao
45035,1864,teste
45036,20491,treino
45037,23728,validacao
45038,8256,teste
45039,11093,validacao
45040,3674,treino
45041,11534,treino
45042,11268,validacao
45043,23316,validacao
45044,3138,treino
45045,9097,teste
45046,28158,validacao
45047,25161,treino
45048,9551,treino
45049,22062,treino
45050,27818,treino
45051,21047,treino
45052,26489,treino
45053,21347,treino
45054,19098,teste
45055,21033,treino
45056,3005,validacao
45057,2846,treino
45058,21623,validacao
45059,28223,treino
45060,21336,validacao
45061,23122,teste
45062,10006,teste
45063,1257,treino
45064,22539,treino
45065,22275,teste
45066,4421,validacao
45067,23765,treino
45068,24488,treino
45069,25756,validacao
45070,22770,validacao
45071,18171,treino
45072,17213,treino
45073,26848,teste
45074,18848,validacao
45075,25691,treino
45076,129,treino
45077,27622,teste
45078,27155,teste
45079,9137,teste
45080,537,teste
45081,861,treino
45082,1455,validacao
45083,9043,treino
45084,23876,treino
45085,23189,validacao
45086,22054,teste
45087,4132,treino
45088,28231,validacao
45089,27195,treino
45090,27315,treino
45091,18870,validacao
45092,23292,treino
45093,27982,teste
45094,27054,treino
45095,26528,treino
45096,23801,treino
45097,19163,teste
45098,21400,treino
45099,20121,treino
45100,1297,treino
45101,18501,treino
45102,22523,teste
45103,23136,treino
45104,4689,treino
45105,23183,teste
45106,27670,treino
45107,23579,treino
45108,511,treino
45109,24025,treino
45110,21408,treino
45111,22231,treino
45112,7154,treino
45113,7860,treino
45114,21934,treino
45115,23134,treino
45116,27192,treino
45117,18277,teste
45118,23097,treino
45119,27667,treino
45120,22001,validacao
45121,25656,validacao
45122,21430,treino
45123,26167,validacao
45124,7809,validacao
45125,21122,treino
45126,21253,treino
45127,26136,treino
45128,6434,treino
45129,20819,treino
45130,26266,treino
45131,22945,treino
45132,5845,treino
45133,27491,validacao
45134,26888,validacao
45135,27008,treino
45136,25587,treino
45137,22247,treino
45138,24465,treino
45139,18961,validacao
45140,17140,treino
45141,21794,treino
45142,6655,teste
45143,4371,teste
45144,23607,treino
45145,21616,treino
45146,20930,treino
45147,21566,validacao
45148,24930,teste
45149,22997,treino
45150,21835,teste
45151,26401,treino
45152,18809,treino
45153,8321,treino
45154,21737,treino
45155,24487,treino
45156,22473,teste
45157,22015,validacao
45158,26520,treino
45159,22659,teste
45160,21227,treino
45161,1782,treino
45162,1136,treino
45163,735,validacao
45164,754,teste
45165,21856,treino
45166,27450,teste
45167,9809,teste
45168,22385,treino
45169,24588,teste
45170,19584,teste
45171,1411,treino
45172,845,treino
45173,19095,treino
45174,16958,teste
45175,25246,teste
45176,22389,treino
45177,26780,validacao
45178,26907,validacao
45179,20746,treino
45180,19283,treino
45181,18141,treino
45182,72,treino
45183,24223,treino
45184,7240,validacao
45185,25701,validacao
45186,22040,validacao
45187,23696,treino
45188,25737,treino
45189,27326,validacao
45190,5248,treino
45191,25045,treino
45192,26734,validacao
45193,4930,treino
45194,9844,teste
45195,21171,validacao
45196,5569,teste
45197,11336,treino
45198,27225,treino
45199,26964,treino
45200,6484,treino
45201,22361,validacao
45202,21464,treino
45203,27200,teste
45204,24985,treino
45205,2292,teste
45206,25852,treino
45207,17257,treino
45208,20408,treino
45209,25930,treino
45210,917,treino
45211,1114,validacao
45212,7290,treino
45213,26531,teste
45214,647,treino
45215,28108,treino
45216,22266,treino
45217,23907,treino
45218,23239,treino
45219,2785,treino
45220,26486,treino
45221,25924,treino
45222,18836,treino
45223,22103,treino
45224,27952,validacao
45225,23177,treino
45226,10958,treino
45227,19506,treino
45228,24646,treino
45229,24542,teste
45230,3341,treino
45231,24811,treino
45232,3297,treino
45233,212,teste
45234,1584,validacao
45235,22007,teste
45236,214,treino
45237,18962,treino
45238,918,treino
45239,6451,treino
45240,21162,validacao
45241,19393,validacao
45242,23987,treino
45243,17399,treino
45244,17577,treino
45245,17394,treino
45246,8104,treino
45247,21848,treino
45248,11824,validacao
45249,25226,treino
45250,18261,treino
45251,22305,treino
45252,8002,validacao
45253,22219,treino
45254,21036,teste
45255,24769,teste
45256,21843,treino
45257,20510,teste
45258,21329,teste
45259,1579,validacao
45260,6344,validacao
45261,4430,validacao
45262,27374,treino
45263,11651,teste
45264,23124,validacao
45265,20118,treino
45266,7477,treino
45267,25337,validacao
45268,25092,treino
45269,21635,teste
45270,27711,treino
45271,25145,teste
45272,21520,validacao
45273,10445,teste
45274,1723,validacao
45275,26948,teste
45276,8422,treino
45277,17666,teste
45278,22987,treino
45279,25604,teste
45280,27479,treino
45281,17639,treino
45282,27495,treino
45283,3247,teste
45284,25654,treino
45285,18430,teste
45286,20151,treino
45287,8222,treino
45288,9465,treino
45289,9178,validacao
45290,17566,teste
45291,7485,treino
45292,7937,treino
45293,23668,treino
45294,22267,teste
45295,21516,validacao
45296,25421,treino
45297,20224,treino
45298,20907,treino
45299,7248,treino
45300,1646,validacao
45301,20481,validacao
45302,24318,treino
45303,20909,treino
45304,22424,treino
45305,1031,treino
45306,11174,treino
45307,613,treino
45308,24754,treino
45309,23329,treino
45310,17159,treino
45311,23114,treino
45312,6109,treino
45313,11633,treino
45314,24110,treino
45315,3975,treino
45316,10076,treino
45317,24627,treino
45318,1012,treino
45319,5241,treino
45320,24275,teste
45321,20409,teste
45322,21521,validacao
45323,22779,treino
45324,22344,validacao
45325,423,treino
45326,22684,treino
45327,20022,validacao
45328,21847,validacao
45329,17930,treino
45330,8485,treino
45331,26340,treino
45332,8436,treino
45333,25990,treino
45334,23036,treino
45335,26681,validacao
45336,18976,validacao
45337,927,treino
45338,6742,treino
45339,716,treino
45340,1351,teste
45341,2749,validacao
45342,25882,treino
45343,18316,teste
45344,22689,treino
45345,22433,treino
45346,572,treino
45347,26739,treino
45348,25982,validacao
45349,19614,treino
45350,6490,teste
45351,1422,teste
45352,25510,teste
45353,20848,treino
45354,4252,treino
45355,27807,treino
45356,5441,teste
45357,23023,treino
45358,8782,validacao
45359,26433,treino
45360,19286,treino
45361,23026,treino
45362,26158,treino
45363,18008,treino
45364,2931,treino
45365,2648,treino
45366,16988,treino
45367,24261,validacao
45368,19331,teste
45369,16991,validacao
45370,1399,teste
45371,18763,treino
45372,21328,treino
45373,21404,treino
45374,21365,teste
45375,24493,treino
45376,22182,teste
45377,28080,treino
45378,7251,teste
45379,5269,validacao
45380,24702,treino
45381,811,treino
45382,9082,treino
45383,500,treino
45384,22205,treino
45385,20830,validacao
45386,26138,treino
45387,7525,treino
45388,23854,treino
45389,21458,validacao
45390,8044,teste
45391,26997,teste
45392,21559,validacao
45393,25091,treino
45394,27781,treino
45395,20667,treino
45396,24624,validacao
45397,341,treino
45398,21920,treino
45399,10235,treino
45400,20890,teste
45401,8053,teste
45402,22519,teste
45403,1076,teste
45404,20750,treino
45405,5938,treino
45406,27343,treino
45407,10087,treino
45408,11889,teste
45409,955,treino
45410,5956,treino
45411,20591,treino
45412,28092,treino
45413,17755,treino
45414,22093,treino
45415,17583,validacao
45416,20195,teste
45417,17618,validacao
45418,615,treino
45419,24196,treino
45420,93,treino
45421,26550,treino
45422,5182,treino
45423,20391,treino
45424,23671,treino
45425,10362,treino
45426,22239,teste
45427,20581,treino
45428,23389,validacao
45429,25310,treino
45430,26606,teste
45431,27876,teste
45432,852,treino
45433,18226,teste
45434,10981,teste
45435,25119,treino
45436,7571,treino
45437,21167,validacao
45438,2053,treino
45439,23301,treino
45440,22809,treino
45441,18796,treino
45442,26262,teste
45443,18165,treino
45444,6218,teste
45445,25040,treino
45446,25042,teste
45447,23312,treino
45448,26277,treino
45449,9816,treino
45450,4045,teste
45451,27850,treino
45452,7565,teste
45453,25352,treino
45454,22469,teste
45455,18639,treino
45456,4703,treino
45457,17351,validacao
45458,26085,treino
45459,22221,treino
45460,18533,treino
45461,26363,treino
45462,1848,treino
45463,22020,treino
45464,10769,treino
45465,8202,treino
45466,25766,treino
45467,10727,treino
45468,23904,validacao
45469,23768,validacao
45470,11120,treino
45471,5250,treino
45472,6129,teste
45473,4478,treino
45474,5786,treino
45475,6664,treino
45476,26110,treino
45477,24587,teste
45478,26807,treino
45479,9156,validacao
45480,24511,teste
45481,27360,treino
45482,4746,treino
45483,2878,treino
45484,21874,treino
45485,11866,teste
45486,5264,teste
45487,2666,treino
45488,23259,treino
45489,3525,treino
45490,19499,treino
45491,24683,validacao
45492,19802,treino
45493,23158,treino
45494,23731,teste
45495,27570,treino
45496,18203,validacao
45497,3262,teste
45498,25550,treino
45499,20514,treino
45500,4398,validacao
45501,27425,treino
45502,20420,validacao
45503,2671,treino
45504,26417,treino
45505,2091,treino
45506,26666,teste
45507,21116,treino
45508,23929,treino
45509,7163,validacao
45510,21897,validacao
45511,23501,treino
45512,22812,treino
45513,25159,validacao
45514,612,treino
45515,21990,treino
45516,18670,treino
45517,21789,treino
45518,3522,validacao
45519,25525,treino
45520,27750,treino
45521,21554,treino
45522,20052,treino
45523,9506,treino
45524,22610,validacao
45525,6852,teste
45526,22853,treino
45527,5032,treino
45528,18229,treino
45529,27433,treino
45530,26032,teste
45531,4297,validacao
45532,1231,validacao
45533,27997,teste
45534,19054,treino
45535,27178,treino
45536,22708,validacao
45537,11898,teste
45538,23730,validacao
45539,88,treino
45540,22478,treino
45541,245,treino
45542,10858,treino
45543,20811,treino
45544,27213,treino
45545,25174,validacao
45546,25741,validacao
45547,27516,treino
45548,23932,treino
45549,4910,treino
45550,11729,treino
45551,6685,treino
45552,3305,treino
45553,837,teste
45554,26652,teste
45555,18456,treino
45556,27228,teste
45557,22637,teste
45558,23908,treino
45559,22904,treino
45560,10850,validacao
45561,20507,teste
45562,8458,teste
45563,3169,treino
45564,25439,treino
45565,26705,treino
45566,1158,validacao
45567,5256,treino
45568,25870,validacao
45569,5500,validacao
45570,635,treino
45571,22796,treino
45572,25346,treino
45573,18824,treino
45574,24104,treino
45575,938,treino
45576,18385,teste
45577,4061,treino
45578,24526,treino
45579,21139,teste
45580,17250,teste
45581,18340,validacao
45582,25919,validacao
45583,21185,treino
45584,27318,treino
45585,5783,teste
45586,26564,validacao
45587,25321,treino
45588,24181,treino
45589,1678,teste
45590,7056,treino
45591,545,treino
45592,1666,treino
45593,8381,validacao
45594,20802,treino
45595,21127,treino
45596,19958,treino
45597,24468,treino
45598,18660,validacao
45599,20251,validacao
45600,8200,treino
45601,26202,treino
45602,18529,teste
45603,5907,treino
45604,3488,treino
45605,28134,treino
45606,24068,treino
45607,2776,teste
45608,25007,treino
45609,26736,treino
45610,25561,treino
45611,10296,treino
45612,28193,teste
45613,439,validacao
45614,7503,treino
45615,6988,teste
45616,20021,treino
45617,17388,treino
45618,19097,treino
45619,21078,treino
45620,20463,teste
45621,17753,teste
45622,20831,treino
45623,11186,treino
45624,24352,treino
45625,9701,teste
45626,17761,treino
45627,18594,treino
45628,7811,treino
45629,18177,validacao
45630,77,teste
45631,27207,teste
45632,17272,teste
45633,25806,teste
45634,22540,treino
45635,26573,treino
45636,10788,treino
45637,21352,validacao
45638,9009,teste
45639,23986,treino
45640,11641,treino
45641,4582,treino
45642,25961,treino
45643,6553,treino
45644,24654,validacao
45645,6716,treino
45646,24612,treino
45647,8095,treino
45648,24850,teste
45649,2767,validacao
45650,355,treino
45651,24073,validacao
45652,9401,treino
45653,9116,teste
45654,9220,treino
45655,25390,teste
45656,22124,validacao
45657,3393,treino
45658,22097,treino
45659,22004,teste
45660,17098,treino
45661,21368,treino
45662,24879,treino
45663,25443,treino
45664,27090,treino
45665,24672,treino
45666,28180,treino
45667,21532,validacao
45668,20902,treino
45669,22930,treino
45670,382,teste
45671,18332,treino
45672,2063,treino
45673,1386,treino
45674,20570,treino
45675,17284,treino
45676,27928,treino
45677,2059,treino
45678,22366,teste
45679,21428,teste
45680,1554,treino
45681,18384,validacao
45682,24031,treino
45683,1481,teste
45684,26815,treino
45685,23794,treino
45686,23895,treino
45687,10465,teste
45688,25391,treino
45689,17373,treino
45690,18703,teste
45691,23344,treino
45692,4768,treino
45693,9134,treino
45694,23395,treino
45695,23159,treino
45696,21071,teste
45697,3962,treino
45698,23800,treino
45699,24799,teste
45700,9046,treino
45701,450,treino
45702,23799,treino
45703,2164,treino
45704,5517,treino
45705,22037,teste
45706,1237,teste
45707,19995,treino
45708,3462,treino
45709,26431,treino
45710,22428,treino
45711,20394,treino
45712,17696,treino
45713,26130,teste
45714,6966,teste
45715,3591,treino
45716,25011,treino
45717,26887,teste
45718,10679,treino
45719,3955,teste
45720,22614,validacao
45721,561,treino
45722,10703,treino
45723,4952,teste
45724,27861,treino
45725,21511,treino
45726,22805,treino
45727,20522,teste
45728,4035,teste
45729,24753,treino
45730,370,validacao
45731,222,teste
45732,20513,teste
45733,19714,treino
45734,24791,treino
45735,20716,treino
45736,26693,treino
45737,1413,treino
45738,26468,treino
45739,6896,treino
45740,26768,treino
45741,7231,treino
45742,20816,teste
45743,26954,treino
45744,23746,validacao
45745,21528,treino
45746,263,treino
45747,27585,treino
45748,28012,teste
45749,25959,teste
45750,23162,treino
45751,23038,treino
45752,957,teste
45753,20839,treino
45754,19558,teste
45755,24408,validacao
45756,17974,treino
45757,24458,teste
45758,18559,treino
45759,25533,validacao
45760,22116,treino
45761,27882,treino
45762,8247,treino
45763,5552,validacao
45764,7036,treino
45765,25890,treino
45766,23031,teste
45767,8983,teste
45768,27140,teste
45769,24854,validacao
45770,27514,treino
45771,27048,treino
45772,25250,teste
45773,8233,teste
45774,26026,treino
45775,18274,treino
45776,8888,treino
45777,22691,teste
45778,24982,treino
45779,22119,teste
45780,27437,treino
45781,20012,teste
45782,23510,treino
45783,18915,treino
45784,17138,treino
45785,24462,treino
45786,27031,teste
45787,24105,treino
45788,25992,treino
45789,26518,validacao
45790,26264,teste
45791,24820,treino
45792,22532,treino
45793,24924,validacao
45794,748,treino
45795,18828,treino
45796,25722,treino
45797,17865,validacao
45798,25325,treino
45799,5069,treino
45800,8285,treino
45801,8392,teste
45802,27285,teste
45803,174,teste
45804,26834,teste
45805,17124,validacao
45806,5137,treino
45807,23248,treino
45808,8903,treino
45809,7990,treino
45810,11990,treino
45811,26766,teste
45812,27487,teste
45813,11110,validacao
45814,24267,treino
45815,27266,validacao
45816,24061,treino
45817,596,treino
45818,25987,treino
45819,27687,teste
45820,23883,validacao
45821,23414,treino
45822,9953,teste
45823,688,treino
45824,23043,treino
45825,8582,treino
45826,27511,treino
45827,4141,treino
45828,9022,treino
45829,21763,treino
45830,23909,teste
45831,26216,teste
45832,20876,teste
45833,4289,validacao
45834,26100,teste
45835,7837,treino
45836,20656,treino
45837,25154,treino
45838,23563,validacao
45839,5102,treino
45840,5360,teste
45841,19867,treino
45842,27105,treino
45843,19809,treino
45844,25049,teste
45845,19202,teste
45846,24101,treino
45847,527,treino
45848,20629,treino
45849,4926,treino
45850,5197,treino
45851,1333,teste
45852,23625,treino
45853,27007,treino
45854,22852,validacao
45855,22228,teste
45856,26889,treino
45857,2596,treino
45858,11040,treino
45859,23853,teste
45860,26204,validacao
45861,17774,validacao
45862,22649,treino
45863,10626,teste
45864,22722,treino
45865,1660,validacao
45866,10839,treino
45867,23497,treino
45868,8825,teste
45869,23717,treino
45870,8131,treino
45871,24296,treino
45872,8388,treino
45873,25493,treino
45874,3718,treino
45875,27905,treino
45876,10908,treino
45877,27480,treino
45878,1912,teste
45879,17852,treino
45880,11198,validacao
45881,26875,treino
45882,19220,treino
45883,20145,treino
45884,6458,treino
45885,4223,treino
45886,10036,treino
45887,26080,validacao
45888,22801,treino
45889,5619,treino
45890,3357,teste
45891,2013,teste
45892,20601,treino
45893,8236,teste
45894,590,treino
45895,19126,teste
45896,565,treino
45897,21773,treino
45898,25131,treino
45899,6698,teste
45900,6028,treino
45901,1457,treino
45902,20198,treino
45903,25105,teste
45904,20518,teste
45905,26956,treino
45906,6955,teste
45907,25874,treino
45908,715,treino
45909,55,treino
45910,1110,teste
45911,11575,treino
45912,26774,validacao
45913,7117,treino
45914,27282,treino
45915,9555,validacao
45916,26377,treino
45917,27951,treino
45918,910,treino
45919,27039,treino
45920,24332,teste
45921,26602,validacao
45922,27775,teste
45923,25854,treino
45924,7038,validacao
45925,5134,teste
45926,28021,treino
45927,22867,teste
45928,26066,treino
45929,23005,validacao
45930,605,teste
45931,25558,treino
45932,26081,treino
45933,27678,teste
45934,25903,treino
45935,24495,validacao
45936,27684,treino
45937,6732,validacao
45938,25294,treino
45939,52,validacao
45940,19533,treino
45941,22879,validacao
45942,27799,validacao
45943,25404,teste
45944,9969,treino
45945,11298,teste
45946,25303,treino
45947,2080,teste
45948,7898,treino
45949,26192,validacao
45950,19796,teste
45951,26070,treino
45952,7518,treino
45953,22223,treino
45954,3334,teste
45955,4064,validacao
45956,4375,treino
45957,12529,treino
45958,28008,treino
45959,2055,treino
45960,706,treino
45961,25063,teste
45962,17062,validacao
45963,24119,treino
45964,26051,treino
45965,12504,treino
45966,26091,treino
45967,27297,validacao
45968,19566,teste
45969,26349,treino
45970,24403,validacao
45971,19310,validacao
45972,24407,treino
45973,25960,treino
45974,23739,teste
45975,25728,treino
45976,25395,treino
45977,25275,treino
45978,7156,teste
45979,21568,treino
45980,9987,teste
45981,6872,teste
45982,25420,treino
45983,27842,treino
45984,11342,treino
45985,8358,teste
45986,26677,treino
45987,26061,validacao
45988,23220,validacao
45989,4338,teste
45990,20330,treino
45991,28145,treino
45992,23820,teste
45993,17308,treino
45994,846,teste
45995,21504,validacao
45996,7204,treino
45997,24770,treino
45998,22561,validacao
45999,17551,treino
46000,22578,treino
46001,6804,treino
46002,21282,treino
46003,11778,validacao
46004,11289,validacao
46005,21732,treino
46006,27857,validacao
46007,27855,treino
46008,2401,treino
46009,21824,treino
46010,23262,treino
46011,2527,teste
46012,26025,treino
46013,2977,treino
46014,27398,teste
46015,20608,treino
46016,20692,validacao
46017,11603,teste
46018,17938,treino
46019,27856,treino
46020,23545,treino
46021,17732,treino
46022,19187,validacao
46023,24307,treino
46024,3651,teste
46025,1804,treino
46026,17726,treino
46027,25576,treino
46028,20357,treino
46029,23521,treino
46030,6642,validacao
46031,24848,teste
46032,27288,treino
46033,4222,validacao
46034,24620,validacao
46035,26065,validacao
46036,26145,treino
46037,10225,teste
46038,22006,treino
46039,26424,teste
46040,17478,treino
46041,7237,treino
46042,23872,treino
46043,28227,teste
46044,27817,treino
46045,1362,treino
46046,19664,treino
46047,9128,validacao
46048,22648,teste
46049,27198,treino
46050,22171,teste
46051,6082,treino
46052,1472,treino
46053,6678,teste
46054,17728,treino
46055,12226,teste
46056,10366,treino
46057,5408,treino
46058,11717,teste
46059,25056,validacao
46060,24023,validacao
46061,4686,validacao
46062,2706,treino
46063,26728,teste
46064,11620,treino
46065,11128,teste
46066,6918,treino
46067,6468,teste
46068,25343,teste
46069,27362,treino
46070,24779,treino
46071,20397,treino
46072,11318,treino
46073,4280,treino
46074,9515,treino
46075,3950,treino
46076,9057,treino
46077,22251,treino
46078,19352,treino
46079,19909,treino
46080,17962,validacao
46081,22215,teste
46082,19900,treino
46083,24143,treino
46084,20187,treino
46085,25538,treino
46086,25179,treino
46087,22061,treino
46088,21206,treino
46089,26947,treino
46090,18314,teste
46091,24412,validacao
46092,16905,validacao
46093,20215,treino
46094,21557,treino
46095,19996,treino
46096,24759,treino
46097,23742,teste
46098,27334,treino
46099,2222,treino
46100,5546,treino
46101,26710,treino
46102,19618,validacao
46103,23978,treino
46104,21708,treino
46105,26449,treino
46106,11132,treino
46107,24328,treino
46108,27145,treino
46109,20411,validacao
46110,3865,treino
46111,12114,treino
46112,3318,treino
46113,17107,treino
46114,26599,treino
46115,5340,treino
46116,26496,treino
46117,26319,treino
46118,26101,validacao
46119,2681,treino
46120,4324,treino
46121,4907,treino
46122,275,teste
46123,931,treino
46124,21910,treino
46125,21667,validacao
46126,8576,treino
46127,19154,treino
46128,9616,treino
46129,9638,treino
46130,21965,teste
46131,24132,treino
46132,9580,validacao
46133,27467,treino
46134,10862,treino
46135,20872,teste
46136,843,treino
46137,25794,validacao
46138,25172,teste
46139,26442,treino
46140,3746,treino
46141,26123,treino
46142,11685,treino
46143,2378,treino
46144,8209,treino
46145,21742,treino
46146,7925,treino
46147,19565,treino
46148,28252,treino
46149,24404,teste
46150,3810,validacao
46151,24510,treino
46152,3597,teste
46153,27974,treino
46154,24377,treino
46155,25556,treino
46156,23174,treino
46157,20584,validacao
46158,27841,validacao
46159,23197,treino
46160,3132,teste
46161,5004,treino
46162,20197,teste
46163,24386,treino
46164,25729,treino
46165,26696,treino
46166,28120,treino
46167,538,treino
46168,23175,validacao
46169,8602,treino
46170,21858,treino
46171,28089,treino
46172,22816,validacao
46173,3556,teste
46174,24603,treino
46175,23840,treino
46176,23236,treino
46177,21305,teste
46178,21261,treino
46179,19346,teste
46180,23483,treino
46181,9231,teste
46182,24839,validacao
46183,390,treino
46184,519,teste
46185,20882,treino
46186,2335,treino
46187,27302,treino
46188,21980,teste
46189,5588,treino
46190,18169,treino
46191,8319,treino
46192,23087,treino
46193,405,treino
46194,22896,teste
46195,23094,treino
46196,22493,treino
46197,23003,treino
46198,2070,treino
46199,4947,validacao
46200,25401,teste
46201,23317,treino
46202,23752,treino
46203,10216,treino
46204,2231,treino
46205,27558,teste
46206,18260,treino
46207,8668,treino
46208,6084,treino
46209,1447,treino
46210,25037,treino
46211,5385,treino
46212,24726,treino
46213,9475,validacao
46214,18615,treino
46215,26440,validacao
46216,22737,teste
46217,27630,treino
46218,22758,teste
46219,27600,validacao
46220,8955,treino
46221,11794,treino
46222,27380,treino
46223,25868,treino
46224,1586,treino
46225,4185,treino
46226,23405,treino
46227,27759,treino
46228,24856,treino
46229,25796,treino
46230,12276,treino
46231,23390,validacao
46232,25879,validacao
46233,3555,teste
46234,24814,validacao
46235,26015,treino
46236,27322,treino
46237,10013,treino
46238,27652,teste
46239,11357,treino
46240,5017,treino
46241,10248,treino
46242,12141,treino
46243,27150,teste
46244,4766,treino
46245,11036,teste
46246,622,treino
46247,2711,treino
46248,62,treino
46249,28029,treino
46250,27041,treino
46251,7429,teste
46252,9114,validacao
46253,22858,treino
46254,1688,treino
46255,27741,treino
46256,8900,treino
46257,1830,validacao
46258,1840,treino
46259,5919,teste
46260,26535,teste
46261,9778,treino
46262,7406,validacao
46263,1063,treino
46264,6880,validacao
46265,23817,treino
46266,27972,validacao
46267,25524,treino
46268,23396,teste
46269,23981,teste
46270,4813,treino
46271,6907,treino
46272,7271,teste
46273,27260,treino
46274,2780,validacao
46275,24344,treino
46276,740,validacao
46277,28139,treino
46278,25461,treino
46279,4944,treino
46280,23246,treino
46281,27134,treino
46282,6768,treino
46283,25379,treino
46284,25748,teste
46285,1292,treino
46286,24175,teste
46287,27463,treino
46288,6467,validacao
46289,24903,treino
46290,22706,treino
46291,834,treino
46292,5100,treino
46293,22762,treino
46294,5450,treino
46295,911,teste
46296,26064,teste
46297,27394,treino
46298,1131,treino
46299,312,treino
46300,27303,teste
46301,25761,treino
46302,5820,teste
46303,23296,treino
46304,27071,treino
46305,4801,treino
46306,26508,treino
46307,25695,validacao
46308,7534,teste
46309,398,treino
46310,11787,treino
46311,168,treino
46312,4509,treino
46313,23121,validacao
46314,22743,treino
46315,26389,validacao
46316,24249,treino
46317,27735,validacao
46318,2682,treino
46319,25350,validacao
46320,28050,validacao
46321,27917,validacao
46322,9269,treino
46323,6676,validacao
46324,12452,treino
46325,6756,treino
46326,26040,teste
46327,8364,treino
46328,26811,validacao
46329,24938,teste
46330,3601,treino
46331,25204,treino
46332,24594,teste
46333,27126,validacao
46334,24988,treino
46335,25230,validacao
46336,22854,treino
46337,8863,treino
46338,25447,teste
46339,9469,validacao
46340,24494,treino
46341,1768,treino
46342,24638,teste
46343,26083,treino
46344,26970,treino
46345,25916,teste
46346,98,treino
46347,5535,teste
46348,5072,treino
46349,11245,treino
46350,27175,treino
46351,948,validacao
46352,27871,teste
46353,2509,teste
46354,25061,validacao
46355,8505,teste
46356,4799,treino
46357,23700,treino
46358,23273,treino
46359,3208,teste
46360,10772,teste
46361,11148,treino
46362,23832,treino
46363,25358,teste
46364,27265,validacao
46365,12126,treino
46366,9060,treino
46367,27734,validacao
46368,12540,treino
46369,24335,treino
46370,28096,treino
46371,25166,validacao
46372,24972,validacao
46373,5572,treino
46374,23199,teste
46375,27829,validacao
46376,6719,treino
46377,3870,treino
46378,10758,treino
46379,25768,treino
46380,26516,treino
46381,26267,teste
46382,27336,treino
46383,23451,teste
46384,63,teste
46385,27797,teste
46386,22750,treino
46387,26748,validacao
46388,1331,treino
46389,1133,teste
46390,23096,treino
46391,9538,treino
46392,28014,validacao
46393,1275,teste
46394,4249,teste
46395,2548,treino
46396,22891,teste
46397,22769,teste
46398,25616,teste
46399,27595,treino
46400,9338,treino
46401,25706,treino
46402,3824,validacao
46403,27252,teste
46404,3842,treino
46405,11921,validacao
46406,1265,treino
46407,24286,treino
46408,26395,treino
46409,26944,treino
46410,7031,teste
46411,27284,validacao
46412,26878,treino
46413,10471,validacao
46414,9397,treino
46415,25628,teste
46416,22964,treino
46417,28184,treino
46418,10067,treino
46419,2998,treino
46420,8410,teste
46421,6823,validacao
46422,26817,validacao
46423,26233,treino
46424,23608,teste
46425,23898,treino
46426,1915,treino
46427,9321,treino
46428,23018,treino
46429,26633,treino
46430,822,treino
46431,27640,teste
46432,26271,treino
46433,9899,validacao
46434,86,treino
46435,26049,teste
46436,12579,validacao
46437,404,treino
46438,1671,validacao
46439,3107,teste
46440,27910,teste
46441,11163,treino
46442,24691,treino
46443,3225,treino
46444,26772,treino
46445,24917,teste
46446,7918,treino
46447,23682,treino
46448,24556,teste
46449,7351,treino
46450,26925,treino
46451,4465,teste
46452,27679,treino
46453,3276,treino
46454,26038,teste
46455,10894,treino
46456,27012,teste
46457,24187,teste
46458,6126,treino
46459,3760,treino
46460,25075,validacao
46461,26724,teste
46462,23829,validacao
46463,487,teste
46464,23637,treino
46465,25962,treino
46466,4088,teste
46467,5315,treino
46468,26131,treino
46469,4763,treino
46470,10008,treino
46471,4302,treino
46472,23920,validacao
46473,114,treino
46474,5234,treino
46475,6327,treino
46476,4485,teste
46477,23567,treino
46478,7432,treino
46479,6864,validacao
46480,23780,treino
46481,27439,treino
46482,26020,validacao
46483,24116,validacao
46484,23322,treino
46485,6307,teste
46486,25280,teste
46487,24776,treino
46488,331,validacao
46489,27552,treino
46490,28151,treino
46491,6006,treino
46492,1761,treino
46493,8563,treino
46494,23384,teste
46495,26510,treino
46496,9705,teste
46497,28036,teste
46498,27429,treino
46499,25281,validacao
46500,7921,treino
46501,25592,validacao
46502,24847,validacao
46503,26501,treino
46504,3763,treino
46505,27661,validacao
46506,1065,treino
46507,943,teste
46508,27088,treino
46509,3421,treino
46510,3726,treino
46511,6098,treino
46512,1690,teste
46513,27027,teste
46514,7243,treino
46515,23806,treino
46516,27932,treino
46517,1416,treino
46518,24964,treino
46519,5410,treino
46520,23757,teste
46521,9426,treino
46522,26694,treino
46523,25417,treino
46524,27355,treino
46525,10395,validacao
46526,5758,treino
46527,28111,validacao
46528,26626,teste
46529,27086,treino
46530,24209,treino
46531,27127,treino
46532,25689,treino
46533,6972,teste
46534,780,treino
46535,27255,teste
46536,90,treino
46537,3040,validacao
46538,10590,treino
46539,575,teste
46540,8518,teste
46541,4743,treino
46542,905,treino
46543,26165,treino
46544,697,treino
46545,10017,treino
46546,27293,teste
46547,25819,treino
46548,27405,treino
46549,27931,teste
46550,11698,treino
46551,11695,treino
46552,10418,teste
46553,2866,treino
46554,6941,validacao
46555,1165,treino
46556,12560,treino
46557,26193,validacao
46558,3407,treino
46559,996,teste
46560,5405,teste
46561,27724,teste
46562,28170,teste
46563,23409,teste
46564,27286,treino
46565,23936,validacao
46566,22865,validacao
46567,7374,treino
46568,27812,validacao
46569,4001,teste
46570,28077,treino
46571,6180,validacao
46572,59,teste
46573,27335,teste
46574,5470,treino
46575,10232,treino
46576,28069,validacao
46577,26244,validacao
46578,1401,validacao
46579,23851,teste
46580,23613,teste
46581,3143,treino
46582,6778,treino
46583,26781,treino
46584,10432,treino
46585,10399,validacao
46586,1777,teste
46587,4346,treino
46588,1204,treino
46589,2579,teste
46590,25926,teste
46591,653,treino
46592,24929,treino
46593,9358,treino
46594,27020,teste
46595,27056,validacao
46596,28024,treino
46597,7889,treino
46598,11840,treino
46599,22719,treino
46600,10621,treino
46601,4701,treino
46602,25670,teste
46603,11530,treino
46604,25200,validacao
46605,26149,teste
46606,10192,treino
46607,25780,treino
46608,23037,treino
46609,641,treino
46610,28005,treino
46611,12235,treino
46612,25141,validacao
46613,27119,treino
46614,7499,treino
46615,23727,validacao
46616,27461,treino
46617,485,treino
46618,27024,treino
46619,24392,treino
46620,27340,treino
46621,6347,treino
46622,23830,treino
46623,7965,teste
46624,11935,treino
46625,3481,treino
46626,24397,treino
46627,23719,treino
46628,11360,treino
46629,5585,validacao
46630,10165,treino
46631,27584,teste
46632,25759,treino
46633,26989,treino
46634,22882,teste
46635,26788,validacao
46636,3703,validacao
46637,196,treino
46638,23149,teste
46639,702,treino
46640,25792,treino
46641,24942,treino
46642,24665,treino
46643,22966,treino
46644,8067,treino
46645,23209,validacao
46646,6870,treino
46647,26892,validacao
46648,25944,treino
46649,47,teste
46650,27292,treino
46651,27133,treino
46652,9666,treino
46653,26625,treino
46654,22725,treino
46655,27053,teste
46656,23257,validacao
46657,5230,validacao
46658,897,treino
46659,25837,treino
46660,7767,validacao
46661,26514,teste
46662,1007,treino
46663,27810,treino
46664,2659,validacao
46665,8878,treino
46666,7121,teste
46667,1313,treino
46668,26631,treino
46669,7103,treino
46670,8542,treino
46671,934,validacao
46672,24970,treino
46673,12506,validacao
46674,26405,validacao
46675,9352,treino
46676,23706,teste
46677,27130,treino
46678,1442,treino
46679,23085,teste
46680,3008,treino
46681,6835,treino
46682,7228,teste
46683,6089,treino
46684,22986,teste
46685,982,treino
46686,27577,teste
46687,25448,teste
46688,26361,teste
46689,23870,treino
46690,8217,treino
46691,6540,validacao
46692,25505,treino
46693,3403,treino
46694,25413,teste
46695,3785,validacao
46696,23945,treino
46697,12565,teste
46698,149,treino
46699,23984,treino
46700,25760,treino
46701,3879,teste
46702,4080,treino
46703,3965,treino
46704,22832,treino
46705,7278,treino
46706,11460,teste
46707,8695,treino
46708,1475,treino
46709,2245,treino
46710,9732,teste
46711,25949,treino
46712,5722,validacao
46713,2704,treino
46714,22926,treino
46715,7642,teste
46716,1857,validacao
46717,12171,treino
46718,27005,treino
46719,1270,treino
46720,25970,treino
46721,1154,treino
46722,24206,treino
46723,26438,treino
46724,22923,validacao
46725,2421,treino
46726,9005,teste
46727,23377,treino
46728,27740,teste
46729,24426,teste
46730,9218,treino
46731,8539,treino
46732,25199,treino
46733,9568,validacao
46734,25341,teste
46735,4493,treino
46736,2990,treino
46737,27271,treino
46738,2033,treino
46739,28030,teste
46740,8837,treino
46741,5970,teste
46742,12151,treino
46743,2799,treino
46744,26451,teste
46745,23151,teste
46746,5973,teste
46747,8923,teste
46748,27361,treino
46749,9974,treino
46750,808,treino
46751,27782,validacao
46752,5761,treino
46753,9120,treino
46754,3547,treino
46755,27830,teste
46756,27508,treino
46757,661,validacao
46758,4587,validacao
46759,783,validacao
46760,27390,treino
46761,3867,treino
46762,27840,treino
46763,5001,treino
46764,12130,validacao
46765,10878,treino
46766,1015,treino
46767,3200,treino
46768,26613,treino
46769,9485,treino
46770,1764,treino
46771,26490,treino
46772,10195,treino
46773,714,treino
46774,5093,treino
46775,1739,treino
46776,4535,treino
46777,3570,treino
46778,27525,teste
46779,26491,teste
46780,11468,validacao
46781,7746,treino
46782,8101,treino
46783,1253,treino
46784,26325,treino
46785,11202,treino
46786,26607,validacao
46787,5617,teste
46788,5266,validacao
46789,4011,treino
46790,5749,treino
46791,8281,teste
46792,22873,validacao
46793,26519,validacao
46794,25838,treino
46795,12373,treino
46796,2970,validacao
46797,23282,treino
46798,26622,teste
46799,7065,validacao
46800,23084,treino
46801,25162,treino
46802,12392,teste
46803,27653,validacao
46804,25104,treino
46805,28226,teste
46806,28174,treino
46807,23324,treino
46808,26142,treino
46809,26882,teste
46810,24480,treino
46811,24552,treino
46812,26575,validacao
46813,25769,treino
46814,8966,treino
46815,8361,teste
46816,165,validacao
46817,2114,treino
46818,26731,teste
46819,281,treino
46820,28204,teste
46821,415,validacao
46822,24857,treino
46823,10335,treino
46824,25709,validacao
46825,24320,treino
46826,26953,treino
46827,25825,teste
46828,23264,treino
46829,945,treino
46830,23230,treino
46831,26762,treino
46832,25823,treino
46833,23737,validacao
46834,27294,treino
46835,26521,treino
46836,25774,treino
46837,6801,treino
46838,26098,treino
46839,23216,treino
46840,26245,validacao
46841,9418,treino
46842,27603,treino
46843,5833,teste
46844,11663,teste
46845,27332,teste
46846,23206,treino
46847,27103,treino
46848,27962,treino
46849,11869,treino
46850,1877,validacao
46851,6614,treino
46852,22790,treino
46853,25521,treino
46854,27269,treino
46855,23849,treino
46856,11210,treino
46857,206,treino
46858,3922,treino
46859,4658,treino
46860,7995,validacao
46861,619,treino
46862,4859,treino
46863,9563,validacao
46864,2995,treino
46865,26148,teste
46866,25546,treino
46867,8561,treino
46868,25585,validacao
46869,7493,treino
46870,23240,teste
46871,27493,teste
46872,409,treino
46873,4589,validacao
46874,27504,validacao
46875,24553,treino
46876,5853,treino
46877,27101,validacao
46878,6474,validacao
46879,28068,treino
46880,24264,treino
46881,25914,treino
46882,1525,treino
46883,24525,treino
46884,22826,treino
46885,25078,teste
46886,27312,validacao
46887,26144,teste
46888,5627,validacao
46889,23187,validacao
46890,9394,validacao
46891,27280,validacao
46892,26981,treino
46893,5191,treino
46894,1268,treino
46895,7088,validacao
46896,7857,treino
46897,8761,validacao
46898,192,treino
46899,2573,treino
46900,1885,teste
46901,133,treino
46902,23573,teste
46903,8008,teste
46904,9670,teste
46905,11863,validacao
46906,1910,treino
46907,23491,treino
46908,23356,treino
46909,25964,treino
46910,25732,treino
46911,28143,validacao
46912,12574,validacao
46913,3191,validacao
46914,24496,treino
46915,10936,validacao
46916,22811,treino
46917,2464,teste
46918,23188,treino
46919,5910,teste
46920,2167,validacao
46921,5086,teste
46922,5543,validacao
46923,3534,treino
46924,9289,treino
46925,3455,validacao
46926,6292,treino
46927,9169,validacao
46928,5194,treino
46929,143,treino
46930,27043,treino
46931,11496,treino
46932,6752,treino
46933,28106,teste
46934,27330,treino
46935,27409,validacao
46936,27612,treino
46937,10373,treino
46938,26960,teste
46939,2148,treino
46940,5376,teste
46941,3124,teste
46942,26999,validacao
46943,6933,teste
46944,12067,treino
46945,26937,treino
46946,1874,teste
46947,549,treino
46948,10161,treino
46949,4987,teste
46950,7705,treino
46951,27808,treino
46952,24083,teste
46953,24147,treino
46954,3179,validacao
46955,105,treino
46956,6625,teste
46957,10106,validacao
46958,27536,treino
46959,27548,treino
46960,131,treino
46961,746,validacao
46962,6138,treino
46963,27900,treino
46964,24813,treino
46965,4355,treino
46966,805,validacao
46967,24887,validacao
46968,875,treino
46969,2133,teste
46970,1928,validacao
46971,447,validacao
46972,24687,treino
46973,7712,treino
46974,27523,teste
46975,1323,treino
46976,23417,treino
46977,126,teste
46978,23761,treino
46979,23807,validacao
46980,3507,treino
46981,5151,teste
46982,25786,teste
46983,27410,treino
46984,5433,treino
46985,22798,treino
46986,23811,teste
46987,25884,treino
46988,24596,teste
46989,25000,validacao
46990,6427,treino
46991,28126,teste
46992,5824,treino
46993,24979,validacao
46994,26434,treino
46995,24178,treino
46996,4015,treino
46997,23387,treino
46998,26241,treino
46999,24900,treino
47000,24951,treino
47001,22907,teste
47002,26276,treino
47003,26372,treino
47004,25028,treino
47005,22767,validacao
47006,10047,validacao
47007,26813,validacao
47008,3383,teste
47009,8148,validacao
47010,24577,teste
47011,4069,teste
47012,25299,treino
47013,96,treino
47014,4075,teste
47015,25733,treino
47016,25490,treino
47017,3903,treino
47018,23884,treino
47019,25875,teste
47020,24294,treino
47021,5962,treino
47022,2571,validacao
47023,27506,treino
47024,10150,treino
47025,26320,treino
47026,25891,treino
47027,27310,treino
47028,25326,treino
47029,10921,teste
47030,25027,validacao
47031,6038,treino
47032,23307,treino
47033,2491,teste
47034,10381,validacao
47035,23743,teste
47036,3365,treino
47037,4757,treino
47038,24762,treino
47039,23835,teste
47040,26331,teste
47041,10154,treino
47042,24782,treino
47043,27241,treino
47044,23211,teste
47045,4384,teste
47046,9372,teste
47047,24590,treino
47048,23942,treino
47049,12463,treino
47050,806,treino
47051,5944,treino
47052,26973,validacao
47053,27703,validacao
47054,5661,treino
47055,26108,treino
47056,26305,teste
47057,24398,teste
47058,606,validacao
47059,2183,validacao
47060,10343,treino
47061,6904,teste
47062,27574,validacao
47063,24894,treino
47064,25515,validacao
47065,24892,teste
47066,26990,treino
47067,24937,treino
47068,6659,treino
47069,27732,treino
47070,7026,treino
47071,26283,treino
47072,556,treino
47073,24950,treino
47074,11978,treino
47075,8917,validacao
47076,26595,treino
47077,23877,validacao
47078,25565,treino
47079,27717,treino
47080,24369,teste
47081,9532,treino
47082,26177,treino
47083,27576,treino
47084,27408,validacao
47085,25923,validacao
47086,11310,treino
47087,7665,treino
47088,924,validacao
47089,26699,validacao
47090,1966,treino
47091,903,treino
47092,3213,treino
47093,203,validacao
47094,26495,validacao
47095,176,treino
47096,10483,validacao
47097,7523,teste
47098,27305,validacao
47099,7920,treino
47100,1210,treino
47101,4358,treino
47102,2209,treino
47103,4439,treino
47104,178,treino
47105,27638,treino
47106,7694,treino
47107,12478,treino
47108,27106,validacao
47109,27762,treino
47110,4890,treino
47111,8333,validacao
47112,733,validacao
47113,25487,treino
47114,9742,teste
47115,7222,teste
47116,932,treino
47117,1222,teste
47118,230,treino
47119,3578,treino
47120,204,teste
47121,2754,treino
47122,25835,treino
47123,25580,treino
47124,25856,treino
47125,9717,validacao
47126,23896,teste
47127,8655,validacao
47128,12511,teste
47129,3448,treino
47130,26784,treino
47131,24498,treino
47132,1019,treino
47133,25846,teste
47134,689,treino
47135,28137,treino
47136,25182,treino
47137,8249,treino
47138,1623,treino
47139,10347,treino
47140,25277,treino
47141,25811,teste
47142,491,teste
47143,2519,treino
47144,6001,treino
47145,26435,validacao
47146,2949,teste
47147,5686,treino
47148,3581,treino
47149,2805,treino
47150,6235,validacao
47151,25772,treino
47152,2254,teste
47153,12312,treino
47154,26078,treino
47155,25907,treino
47156,1233,treino
47157,26269,treino
47158,11613,treino
47159,24466,teste
47160,28055,treino
47161,5370,treino
47162,26976,validacao
47163,24329,treino
47164,8689,validacao
47165,24520,treino
47166,26537,validacao
47167,23164,treino
47168,26560,treino
47169,163,treino
47170,23269,treino
47171,23514,treino
47172,22981,teste
47173,28034,validacao
47174,27946,validacao
47175,25471,validacao
47176,4295,treino
47177,310,teste
47178,12563,treino
47179,26980,teste
47180,22761,teste
47181,9868,treino
47182,179,treino
47183,5611,validacao
47184,9735,validacao
47185,26188,validacao
47186,26369,treino
47187,26745,validacao
47188,26143,treino
47189,4752,validacao
47190,22985,treino
47191,26063,treino
47192,6556,treino
47193,26754,treino
47194,3232,treino
47195,22903,treino
47196,27083,validacao
47197,10974,treino
47198,23192,teste
47199,23223,treino
47200,1536,teste
47201,24314,treino
47202,27058,teste
47203,12354,treino
47204,24974,treino
47205,25895,treino
47206,988,treino
47207,4058,treino
47208,27188,treino
47209,5346,validacao
47210,27044,treino
47211,27370,teste
47212,6533,treino
47213,3640,teste
47214,27189,treino
47215,25620,teste
47216,3637,treino
47217,24992,treino
47218,26497,teste
47219,24966,teste
47220,998,treino
47221,27128,treino
47222,1651,treino
47223,11086,validacao
47224,27801,teste
47225,24991,treino
47226,2294,teste
47227,24234,teste
47228,220,treino
47229,26715,treino
47230,26109,validacao
47231,23980,validacao
47232,27760,treino
47233,24580,treino
47234,633,teste
47235,3593,treino
47236,94,treino
47237,26998,treino
47238,27074,validacao
47239,28110,treino
47240,127,treino
47241,26646,treino
47242,7412,validacao
47243,6300,treino
47244,1367,treino
47245,27744,treino
47246,26636,treino
47247,7370,treino
47248,27668,teste
47249,2506,validacao
47250,26671,treino
47251,5924,teste
47252,1494,validacao
47253,10795,treino
47254,8146,treino
47255,154,treino
47256,2439,treino
47257,27715,treino
47258,26712,treino
47259,5283,treino
47260,792,treino
47261,6190,treino
47262,11760,treino
47263,26885,treino
47264,27116,treino
47265,10557,treino
47266,5444,teste
47267,3913,validacao
47268,707,treino
47269,8347,treino
47270,5156,treino
47271,2338,treino
47272,27002,treino
47273,11755,treino
47274,11768,teste
47275,692,treino
47276,6982,teste
47277,9108,teste
47278,11079,validacao
47279,23404,treino
47280,7258,treino
47281,553,treino
47282,27685,treino
47283,24648,treino
47284,27814,treino
47285,7321,treino
47286,22898,treino
47287,267,teste
47288,28250,treino
47289,2204,treino
47290,26721,treino
47291,27943,teste
47292,12029,teste
47293,2838,validacao
47294,2827,teste
47295,25757,treino
47296,23711,treino
47297,25462,treino
47298,26057,treino
47299,3560,validacao
47300,7554,teste
47301,366,treino
47302,22797,treino
47303,2397,treino
47304,6788,treino
47305,6724,validacao
47306,3139,treino
47307,28078,validacao
47308,22946,teste
47309,24081,treino
47310,25098,treino
47311,7660,treino
47312,71,validacao
47313,7208,treino
47314,27270,treino
47315,5291,validacao
47316,28040,treino
47317,27237,treino
47318,24686,teste
47319,26824,treino
47320,22878,treino
47321,6330,treino
47322,25273,teste
47323,11724,teste
47324,502,validacao
47325,24949,treino
47326,26117,validacao
47327,26293,validacao
47328,6369,treino
47329,4411,treino
47330,23892,treino
47331,4230,validacao
47332,5563,treino
47333,24768,treino
47334,25110,treino
47335,958,teste
47336,1851,treino
47337,1607,treino
47338,28142,treino
47339,739,treino
47340,1483,validacao
47341,7284,treino
47342,28195,treino
47343,25867,treino
47344,1786,treino
47345,6150,teste
47346,27186,teste
47347,25094,treino
47348,4961,treino
47349,23319,teste
47350,2544,teste
47351,24287,treino
47352,27358,teste
47353,26972,treino
47354,24505,teste
47355,8268,treino
47356,26668,treino
47357,26370,treino
47358,27783,treino
47359,7591,teste
47360,2620,treino
47361,10915,validacao
47362,3195,treino
47363,2008,teste
47364,23104,treino
47365,23955,teste
47366,802,treino
47367,26707,treino
47368,25032,teste
47369,24756,validacao
47370,8119,treino
47371,24786,treino
47372,6531,validacao
47373,23674,teste
47374,4918,treino
47375,10504,treino
47376,6996,treino
47377,26465,treino
47378,25659,treino
47379,25813,treino
47380,10552,treino
47381,5866,teste
47382,1905,treino
47383,28172,treino
47384,12291,treino
47385,10368,treino
47386,23709,treino
47387,6496,teste
47388,866,treino
47389,401,treino
47390,26280,treino
47391,1700,treino
47392,26053,treino
47393,9002,validacao
47394,507,treino
47395,26659,teste
47396,7788,treino
47397,9304,treino
47398,27772,treino
47399,26719,treino
47400,28132,treino
47401,27243,treino
47402,10044,validacao
47403,8123,treino
47404,28138,treino
47405,12420,validacao
47406,7685,treino
47407,6261,treino
47408,2463,teste
47409,873,validacao
47410,26546,validacao
47411,7508,teste
47412,12212,validacao
47413,1074,validacao
47414,11055,treino
47415,9488,treino
47416,7071,treino
47417,8033,treino
47418,27844,treino
47419,28212,validacao
47420,9275,teste
47421,7275,validacao
47422,8959,treino
47423,28035,teste
47424,7295,teste
47425,1296,treino
47426,4941,treino
47427,3919,teste
47428,27555,treino
47429,27806,treino
47430,2393,validacao
47431,6890,teste
47432,103,treino
47433,26447,teste
47434,9341,teste
47435,6247,treino
47436,5540,validacao
47437,2196,treino
47438,2645,treino
47439,11549,treino
47440,22955,treino
47441,11020,treino
47442,8335,treino
47443,1771,treino
47444,26199,teste
47445,25601,teste
47446,26578,treino
47447,24295,validacao
47448,8686,validacao
47449,2460,teste
47450,27927,treino
47451,26750,treino
47452,22732,treino
47453,27246,treino
47454,6978,treino
47455,7971,teste
47456,25217,treino
47457,941,treino
47458,27792,validacao
47459,6727,validacao
47460,46,teste
47461,963,teste
47462,2176,treino
47463,150,validacao
47464,7877,treino
47465,27825,validacao
47466,3435,treino
47467,23430,validacao
47468,26883,validacao
47469,24641,treino
47470,8558,validacao
47471,3839,treino
47472,4522,treino
47473,2476,treino
47474,747,treino
47475,1923,treino
47476,26205,treino
47477,27691,treino
47478,28117,treino
47479,25817,treino
47480,2968,treino
47481,8495,treino
47482,8386,validacao
47483,4724,teste
47484,1822,treino
47485,27800,treino
47486,25639,validacao
47487,27742,validacao
47488,26893,treino
47489,27045,validacao
47490,23266,teste
47491,6076,treino
47492,5026,treino
47493,27109,validacao
47494,23745,treino
47495,5826,treino
47496,22736,validacao
47497,3086,treino
47498,10267,treino
47499,11117,teste
47500,26627,treino
47501,25323,treino
47502,27194,teste
47503,26024,treino
47504,25945,treino
47505,24826,teste
47506,9587,treino
47507,25023,treino
47508,7707,treino
47509,7014,validacao
47510,9860,treino
47511,3743,teste
47512,11006,treino
47513,6227,teste
47514,26740,treino
47515,24885,treino
47516,5328,treino
47517,501,validacao
47518,23708,treino
47519,22974,validacao
47520,3600,teste
47521,9831,teste
47522,25809,teste
47523,794,treino
47524,26197,treino
47525,26382,validacao
47526,27948,treino
47527,7254,treino
47528,25790,validacao
47529,25881,teste
47530,1228,treino
47531,10923,treino
47532,12375,teste
47533,377,teste
47534,4193,teste
47535,1055,treino
47536,4450,treino
47537,27017,treino
47538,3615,treino
47539,25367,validacao
47540,27987,treino
47541,25614,treino
47542,24255,teste
47543,329,validacao
47544,22759,teste
47545,296,treino
47546,11504,treino
47547,27909,treino
47548,12295,teste
47549,10943,treino
47550,1033,treino
47551,7440,treino
47552,6335,treino
47553,28236,treino
47554,6264,teste
47555,7583,validacao
47556,7050,treino
47557,2643,teste
47558,3427,treino
47559,12430,validacao
47560,11546,treino
47561,2689,treino
47562,7520,treino
47563,12536,treino
47564,830,treino
47565,1217,treino
47566,6043,treino
47567,950,treino
47568,221,validacao
47569,8494,treino
47570,2611,teste
47571,28220,treino
47572,902,treino
47573,26795,teste
47574,27313,treino
47575,26917,treino
47576,10714,treino
47577,144,teste
47578,2913,treino
47579,3758,treino
47580,5228,validacao
47581,27245,teste
47582,654,validacao
47583,9601,validacao
47584,12548,treino
47585,27656,teste
47586,27077,teste
47587,40,treino
47588,6884,treino
47589,825,treino
47590,5743,treino
47591,2073,validacao
47592,27451,treino
47593,7579,validacao
47594,8845,treino
47595,8545,teste
47596,26654,teste
47597,9069,teste
47598,5738,treino
47599,8585,validacao
47600,8296,treino
47601,7474,teste
47602,1784,teste
47603,26723,validacao
47604,778,teste
47605,6508,validacao
47606,10239,treino
47607,673,treino
47608,6790,teste
47609,9329,validacao
47610,27998,treino
47611,4882,treino
47612,3845,teste
47613,11713,treino
47614,27148,treino
47615,7795,treino
47616,173,treino
47617,11256,treino
47618,4616,treino
47619,12626,teste
47620,3015,teste
47621,4316,treino
47622,7350,treino
47623,11814,treino
47624,28090,teste
47625,27776,treino
47626,6796,treino
47627,27849,treino
47628,7577,treino
47629,9013,validacao
47630,28221,validacao
47631,210,treino
47632,2774,validacao
47633,28099,teste
47634,26906,treino
47635,12048,treino
47636,27099,teste
47637,8062,treino
47638,11031,treino
47639,9168,teste
47640,334,validacao
47641,27633,treino
47642,155,treino
47643,4628,treino
47644,1378,treino
47645,78,treino
47646,27777,treino
47647,28084,treino
47648,27242,treino
47649,5554,treino
47650,4585,validacao
47651,6560,treino
47652,26941,treino
47653,27546,treino
47654,27924,teste
47655,1123,teste
47656,6850,validacao
47657,7490,validacao
47658,10213,teste
47659,4793,treino
47660,5706,treino
47661,9209,treino
47662,2436,treino
47663,5254,validacao
47664,11806,validacao
47665,10668,treino
47666,5639,teste
47667,3311,treino
47668,8740,treino
47669,7131,treino
47670,5622,validacao
47671,9964,treino
47672,9872,treino
47673,7868,treino
47674,2219,treino
47675,10229,validacao
47676,5582,validacao
47677,8906,treino
47678,2559,treino
47679,8206,validacao
47680,2314,validacao
47681,3706,validacao
47682,7331,treino
47683,2876,treino
47684,2488,treino
47685,5090,treino
47686,7191,treino
47687,1087,treino
47688,2356,validacao
47689,9264,teste
47690,66,teste
47691,12090,teste
47692,3416,treino
47693,27836,treino
47694,27331,teste
47695,7719,treino
47696,27551,validacao
47697,9295,teste
47698,1708,treino
47699,4495,treino
47700,369,teste
47701,8732,treino
47702,26870,teste
47703,6875,validacao
47704,26680,teste
47705,1979,treino
47706,28052,treino
47707,9271,teste
47708,27080,treino
47709,4365,treino
47710,8951,teste
47711,836,treino
47712,27646,teste
47713,1118,teste
47714,5882,treino
47715,1680,treino
47716,3504,validacao
47717,5689,treino
47718,2144,teste
47719,9921,teste
47720,6503,validacao
47721,9020,treino
47722,27623,teste
47723,9759,validacao
47724,27019,treino
47725,10673,treino
47726,8352,treino
47727,27324,treino
47728,1363,validacao
47729,11986,treino
47730,26846,validacao
47731,26513,treino
47732,26820,treino
47733,7671,treino
47734,27843,treino
47735,10607,treino
47736,2478,teste
47737,6638,treino
47738,28064,treino
47739,1595,teste
47740,12422,teste
47741,26843,treino
47742,5495,teste
47743,1181,treino
47744,8734,teste
47745,2318,treino
47746,6386,treino
47747,869,treino
47748,26670,teste
47749,2542,treino
47750,12250,treino
47751,5280,treino
47752,27350,treino
47753,1169,teste
47754,318,validacao
47755,3377,treino
47756,8525,treino
47757,27102,teste
47758,1697,treino
47759,7111,treino
47760,9140,teste
47761,5967,treino
47762,11282,treino
47763,5769,teste
47764,3576,treino
47765,2495,teste
47766,7188,treino
47767,28038,teste
47768,9875,validacao
47769,26512,treino
47770,1997,treino
47771,12618,treino
47772,26453,treino
47773,27889,treino
47774,26556,teste
47775,2576,treino
47776,4459,treino
47777,9454,treino
47778,28082,teste
47779,12365,treino
47780,26700,validacao
47781,8813,treino
47782,11028,teste
47783,2433,treino
47784,8683,treino
47785,11563,treino
47786,4108,teste
47787,6773,treino
47788,11590,treino
47789,6702,validacao
47790,26462,treino
47791,9460,treino
47792,9367,validacao
47793,5950,treino
47794,412,treino
47795,8875,teste
47796,454,validacao
47797,5436,treino
47798,26965,treino
47799,10275,teste
47800,27372,treino
47801,3648,treino
47802,9999,treino
47803,10255,teste
47804,26891,validacao
47805,5078,treino
47806,56,validacao
47807,8481,treino
47808,8258,treino
47809,10429,treino
47810,26969,treino
47811,3036,treino
47812,5831,validacao
47813,10285,treino
47814,2826,teste
47815,7424,treino
47816,11912,treino
47817,12304,treino
47818,5913,treino
47819,3914,validacao
47820,3836,treino
47821,5863,validacao
47822,26876,validacao
47823,6847,treino
47824,798,treino
47825,6049,teste
47826,1343,treino
47827,3605,teste
47828,8646,treino
47829,2346,treino
47830,27143,treino
47831,5508,treino
47832,27163,teste
47833,3278,treino
47834,9524,teste
47835,10116,treino
47836,27773,validacao
47837,28028,treino
47838,27166,treino
47839,12060,validacao
47840,3310,teste
47841,26936,treino
47842,10487,treino
47843,623,treino
47844,2724,teste
47845,3061,validacao
47846,27254,treino
47847,2533,validacao
47848,8997,treino
47849,12356,treino
47850,4933,validacao
47851,2919,treino
47852,27087,treino
47853,9212,teste
47854,26702,treino
47855,26610,treino
47856,4092,validacao
47857,28205,validacao
47858,4899,teste
47859,9215,teste
47860,2047,treino
47861,10835,treino
47862,27196,treino
47863,8058,validacao
47864,99,validacao
47865,7001,treino
47866,3161,validacao
47867,616,teste
47868,113,treino
47869,6387,treino
47870,1445,treino
47871,10290,validacao
47872,27881,treino
47873,4468,treino
47874,8777,treino
47875,5447,treino
47876,4260,treino
47877,26577,teste
47878,9265,teste
47879,521,teste
47880,3627,treino
47881,27864,teste
47882,9445,treino
47883,7730,treino
47884,27875,treino
47885,2952,treino
47886,27414,treino
47887,2840,validacao
47888,5382,teste
47889,8137,treino
47890,269,validacao
47891,2258,treino
47892,8307,treino
47893,10071,treino
47894,7120,teste
47895,6159,treino
47896,3993,validacao
47897,10948,treino
47898,10753,treino
47899,3443,treino
47900,7054,teste
47901,5054,treino
47902,4950,treino
47903,2483,treino
47904,7256,treino
47905,4024,treino
47906,27887,treino
47907,7927,treino
47908,8796,teste
47909,28208,treino
47910,10531,treino
47911,6010,treino
47912,7217,teste
47913,4304,treino
47914,1170,treino
47915,27319,treino
47916,4706,treino
47917,26869,treino
47918,381,treino
47919,27204,treino
47920,9826,validacao
47921,27580,treino
47922,7061,teste
47923,2385,treino
47924,5337,treino
47925,4055,treino
47926,8368,treino
47927,11683,validacao
47928,6258,treino
47929,10722,validacao
47930,6646,treino
47931,2344,treino
47932,6372,teste
47933,11618,validacao
47934,919,treino
47935,26895,treino
47936,28235,validacao
47937,27177,teste
47938,8434,treino
47939,27441,treino
47940,27579,treino
47941,26720,validacao
47942,7988,validacao
47943,27123,validacao
47944,27125,teste
47945,713,treino
47946,27919,teste
47947,1806,treino
47948,3240,teste
47949,1508,treino
47950,1058,treino
47951,5658,treino
47952,11231,treino
47953,109,treino
47954,4183,validacao
47955,4163,teste
47956,3079,treino
47957,261,validacao
47958,4173,teste
47959,27184,teste
47960,27382,treino
47961,6014,treino
47962,4879,treino
47963,6391,teste
47964,7286,treino
47965,5930,treino
47966,6440,treino
47967,1917,treino
47968,1541,treino
47969,26714,treino
47970,9297,treino
47971,2934,treino
47972,11125,validacao
47973,6813,treino
47974,27621,treino
47975,11995,validacao
47976,27554,teste
47977,6167,validacao
47978,27169,treino
47979,4486,treino
47980,10652,treino
47981,2817,treino
47982,5709,treino
47983,9549,treino
47984,2675,treino
47985,8511,treino
47986,2606,validacao
47987,9369,validacao
47988,11606,treino
47989,12222,treino
47990,7079,treino
47991,2649,treino
47992,8672,teste
47993,10971,treino
47994,10327,validacao
47995,3564,treino
47996,7426,teste
47997,12188,validacao
47998,10951,validacao
47999,7144,treino
48000,12468,validacao
48001,11542,treino
48002,11329,treino
48003,3215,treino
48004,2809,teste
48005,4419,treino
48006,26931,teste
48007,9257,treino
48008,9355,treino
48009,3057,treino
48010,8088,teste
48011,7010,treino
48012,2797,treino
48013,11394,treino
48014,28244,teste
48015,3242,treino
48016,770,treino
48017,26515,treino
48018,27268,validacao
48019,1719,treino
48020,27634,treino
48021,27234,treino
48022,7408,treino
48023,10082,treino
48024,8316,treino
48025,993,treino
48026,26663,validacao
48027,27607,treino
48028,6238,teste
48029,467,treino
48030,27690,treino
48031,6878,treino
48032,27114,treino
48033,11009,teste
48034,12272,teste
48035,7821,treino
48036,237,validacao
48037,27136,validacao
48038,6776,treino
48039,11430,treino
48040,4565,validacao
48041,27537,treino
48042,4664,teste
48043,172,treino
48044,27215,treino
48045,721,treino
48046,4006,treino
48047,2312,treino
48048,4233,validacao
48049,27862,treino
48050,6241,treino
48051,26832,validacao
48052,1085,treino
48053,10305,teste
48054,27802,validacao
48055,8858,treino
48056,5430,treino
48057,27006,teste
48058,26476,treino
48059,9017,treino
48060,3875,treino
48061,26481,treino
48062,750,teste
48063,1961,treino
48064,6736,treino
48065,11982,treino
48066,28066,treino
48067,10929,treino
48068,27416,treino
48069,567,treino
48070,10572,treino
48071,12215,teste
48072,3324,treino
48073,27575,treino
48074,803,treino
48075,8176,teste
48076,1071,treino
48077,26480,teste
48078,1636,validacao
48079,26589,treino
48080,2279,treino
48081,5777,teste
48082,8158,treino
48083,3012,treino
48084,3437,treino
48085,5594,treino
48086,4390,teste
48087,4238,validacao
48088,3468,teste
48089,8374,treino
48090,3405,treino
48091,4558,teste
48092,8488,treino
48093,8310,treino
48094,6148,validacao
48095,11679,treino
48096,2351,treino
48097,8973,treino
48098,5312,teste
48099,8521,treino
48100,8134,treino
48101,4963,treino
48102,8400,treino
48103,8745,validacao
48104,3202,treino
48105,4235,treino
48106,4344,treino
48107,4369,treino
48108,6069,treino
48109,2428,teste
48110,12533,validacao
48111,11958,treino
48112,6422,validacao
48113,3148,teste
48114,27521,treino
48115,27540,treino
48116,985,validacao
48117,3887,treino
48118,8717,teste
48119,9944,validacao
48120,795,treino
48121,4103,teste
48122,26455,validacao
48123,2248,treino
48124,11860,treino
48125,5272,teste
48126,420,treino
48127,5023,treino
48128,3510,treino
48129,8293,treino
48130,9435,treino
48131,3612,treino
48132,7451,treino
48133,7089,treino
48134,11377,treino
48135,4884,treino
48136,8999,treino
48137,3587,treino
48138,629,teste
48139,27757,treino
48140,1202,teste
48141,2486,treino
48142,2668,validacao
48143,27278,treino
48144,11537,treino
48145,27345,validacao
48146,7597,treino
48147,10244,treino
48148,357,treino
48149,483,teste
48150,12086,treino
48151,4593,treino
48152,1247,treino
48153,8630,teste
48154,6055,treino
48155,7073,treino
48156,6861,validacao
48157,5745,treino
48158,28233,teste
48159,12194,treino
48160,5402,treino
48161,5393,treino
48162,2962,treino
48163,9480,teste
48164,3822,treino
48165,460,validacao
48166,12411,treino
48167,27675,treino
48168,6499,treino
48169,9895,validacao
48170,10818,treino
48171,27367,treino
48172,254,treino
48173,27602,teste
48174,9591,treino
48175,6035,teste
48176,11772,treino
48177,26974,teste
48178,27966,treino
48179,1404,treino
48180,26561,treino
48181,26477,treino
48182,8474,treino
48183,741,treino
48184,8230,teste
48185,2955,treino
48186,5603,treino
48187,2938,treino
48188,11062,teste
48189,2613,validacao
48190,8072,teste
48191,9802,treino
48192,3500,treino
48193,9712,treino
48194,11482,teste
48195,8276,treino
48196,2739,teste
48197,4695,treino
48198,5857,teste
48199,9404,treino
48200,6321,treino
48201,10126,treino
48202,3372,teste
48203,4107,treino
48204,6349,treino
48205,4219,validacao
48206,26978,treino
48207,27538,teste
48208,6504,treino
48209,27733,treino
48210,971,treino
48211,1067,teste
48212,28239,validacao
48213,26583,treino
48214,10900,treino
48215,27459,treino
48216,1513,validacao
48217,26908,treino
48218,28199,teste
48219,7048,treino
48220,11177,teste
48221,10425,teste
48222,7344,validacao
48223,3606,validacao
48224,26722,treino
48225,27474,treino
48226,833,treino
48227,5936,treino
48228,8079,teste
48229,1713,treino
48230,10158,treino
48231,3205,treino
48232,9171,treino
48233,4291,treino
48234,9458,treino
48235,2068,treino
48236,27475,treino
48237,6004,treino
48238,3158,treino
48239,8163,teste
48240,28162,treino
48241,3308,treino
48242,5461,treino
48243,11475,validacao
48244,814,treino
48245,27185,treino
48246,723,treino
48247,12009,treino
48248,28192,teste
48249,1925,treino
48250,26482,treino
48251,3476,treino
48252,26592,treino
48253,1432,treino
48254,9025,treino
48255,195,treino
48256,26624,treino
48257,2928,treino
48258,9497,treino
48259,9122,teste
48260,5125,teste
48261,711,treino
48262,304,treino
48263,5244,treino
48264,6432,teste
48265,6810,treino
48266,121,treino
48267,2698,treino
48268,3749,validacao
48269,27042,treino
48270,11594,treino
48271,27448,validacao
48272,6382,treino
48273,1616,treino
48274,9283,treino
48275,4678,treino
48276,1311,treino
48277,7775,treino
48278,10619,validacao
48279,27884,teste
48280,6118,validacao
48281,3931,treino
48282,7912,treino
48283,11152,validacao
48284,8742,treino
48285,10905,treino
48286,7101,validacao
48287,3485,teste
48288,7552,treino
48289,9545,teste
48290,7390,validacao
48291,6999,treino
48292,6396,treino
48293,7147,treino
48294,3656,treino
48295,7840,treino
48296,4875,teste
48297,1833,treino
48298,730,treino
48299,1440,treino
48300,4349,validacao
48301,7310,teste
48302,5111,treino
48303,3617,treino
48304,117,teste
48305,50,treino
48306,8621,teste
48307,1890,treino
48308,11706,validacao
48309,4286,teste
48310,583,teste
48311,28127,validacao
48312,6375,treino
48313,12486,treino
48314,4862,validacao
48315,2238,treino
48316,5177,treino
48317,10522,treino
48318,28103,teste
48319,5698,teste
48320,8516,teste
48321,7680,treino
48322,1162,validacao
48323,3945,validacao
48324,9248,treino
48325,6438,treino
48326,27494,treino
48327,7165,treino
48328,6414,treino
48329,823,teste
48330,11971,treino
48331,3970,treino
48332,10323,teste
48333,2253,treino
48334,2655,treino
48335,12137,validacao
48336,27816,treino
48337,10537,treino
48338,27562,treino
48339,4632,teste
48340,9332,treino
48341,679,treino
48342,28224,treino
48343,27457,treino
48344,3622,treino
48345,26982,treino
48346,3115,treino
48347,763,teste
48348,12149,teste
48349,3735,teste
48350,3321,teste
48351,9347,treino
48352,28160,validacao
48353,6661,treino
48354,2874,teste
48355,27373,treino
48356,8372,treino
48357,1104,teste
48358,5051,treino
48359,10388,treino
48360,7151,teste
48361,5729,validacao
48362,7136,teste
48363,6155,treino
48364,6974,validacao
48365,6187,treino
48366,28113,teste
48367,9929,teste
48368,26797,treino
48369,6565,treino
48370,6680,teste
48371,7903,teste
48372,8462,treino
48373,5814,treino
48374,8263,treino
48375,8748,treino
48376,11554,treino
48377,3783,treino
48378,10123,validacao
48379,10079,treino
48380,6597,teste
48381,8141,teste
48382,6893,treino
48383,3882,teste
48384,6086,treino
48385,7632,validacao
48386,3410,treino
48387,5088,teste
48388,6836,teste
48389,9748,treino
48390,6985,treino
48391,4629,teste
48392,2945,validacao
48393,2372,treino
48394,8807,treino
48395,7219,teste
48396,5013,treino
48397,4669,treino
48398,11798,treino
48399,5454,treino
48400,2625,treino
48401,11217,treino
48402,11584,teste
48403,4913,treino
48404,5982,treino
48405,11387,treino
48406,9685,teste
48407,5537,treino
48408,8801,treino
48409,8915,treino
48410,10866,treino
48411,7199,validacao
48412,8403,treino
48413,10453,treino
48414,8513,treino
48415,6410,teste
48416,12132,treino
48417,4180,treino
48418,8882,validacao
48419,4661,treino
48420,10041,teste
48421,5478,treino
48422,3574,treino
48423,8047,teste
48424,3721,teste
48425,4206,validacao
48426,5959,treino
48427,11263,teste
48428,7134,teste
48429,3712,treino
48430,6766,treino
48431,6304,teste
48432,11436,treino
48433,5174,teste
48434,27865,treino
48435,7915,treino
48436,8948,treino
48437,10200,teste
48438,7327,treino
48439,7741,validacao
48440,3981,treino
48441,11059,treino
48442,12242,validacao
48443,10313,teste
48444,9344,validacao
48445,9074,treino
48446,9037,teste
48447,11456,validacao
48448,9432,treino
48449,27885,treino
48450,11043,treino
48451,11492,treino
48452,9301,validacao
48453,7563,validacao
48454,9203,treino
48455,10300,treino
48456,3665,validacao
48457,6072,treino
48458,4408,treino
48459,3502,treino
48460,2909,validacao
48461,7017,teste
48462,11445,treino
48463,12397,treino
48464,6634,treino
48465,6831,treino
48466,3081,treino
48467,7358,validacao
48468,2455,treino
48469,2988,validacao
48470,8244,treino
48471,3668,validacao
48472,2470,treino
48473,6419,teste
48474,7875,teste
48475,2535,treino
48476,5261,teste
48477,2194,treino
48478,11928,treino
48479,6568,treino
48480,4978,treino
48481,6456,treino
48482,6175,treino
48483,10506,validacao
48484,7034,teste
48485,6961,treino
48486,6229,treino
48487,7528,treino
48488,27870,treino
48489,12472,treino
48490,12033,teste
48491,9034,treino
48492,9175,treino
48493,12594,treino
48494,11961,teste
48495,6223,treino
48496,6278,treino
48497,9148,teste
48498,2812,validacao
48499,9192,treino
48500,6337,teste
48501,2587,teste
48502,5323,treino
48503,3019,teste
48504,4313,treino
48505,10569,treino
48506,12527,treino
48507,7184,validacao
48508,9189,treino
48509,5342,treino
48510,5395,validacao
48511,2191,treino
48512,10208,treino
48513,5178,treino
48514,8089,treino
48515,5591,validacao
48516,4708,treino
48517,8652,treino
48518,4866,validacao
48519,6929,treino
48520,8304,treino
48521,8378,treino
48522,7688,treino
48523,5363,validacao
48524,8468,teste
48525,12095,validacao
48526,6620,teste
48527,8212,treino
48528,5131,validacao
48529,2745,validacao
48530,7962,treino
48531,4959,treino
48532,10746,validacao
48533,9410,treino
48534,12491,teste
48535,6204,treino
48536,8215,teste
48537,8759,validacao
48538,3273,validacao
48539,10598,treino
48540,4955,treino
48541,10385,treino
48542,2726,treino
48543,10956,treino
48544,11520,treino
48545,12403,treino
48546,10500,treino
48547,9364,treino
48548,2771,validacao
48549,4785,treino
48550,7116,treino
48551,8355,teste
48552,7909,treino
48553,3234,treino
48554,11472,treino
48555,5578,treino
48556,5828,treino
48557,4341,treino
48558,11671,treino
48559,2802,teste
48560,9361,treino
48561,10421,validacao
48562,5285,teste
48563,2395,validacao
48564,4475,treino
48565,6046,treino
48566,7842,treino
48567,4436,treino
48568,9452,treino
48569,9494,treino
48570,3859,treino
48571,3270,treino
48572,4648,treino
48573,3145,teste
48574,11998,teste
48575,10930,teste
48576,11046,validacao
48577,5464,treino
48578,3695,treino
48579,8823,validacao
48580,7944,teste
48581,4610,validacao
48582,11451,validacao
48583,10595,treino
48584,2181,teste
48585,12117,treino
48586,7201,treino
48587,9236,validacao
48588,4625,treino
48589,10855,teste
48590,4976,treino
48591,10510,treino
48592,3805,treino
48593,12022,teste
48594,5488,validacao
48595,2861,teste
48596,11659,treino
48597,4596,treino
48598,10881,treino
48599,3069,treino
48600,8644,treino
48601,4053,treino
48602,2269,teste
48603,8144,treino
48604,7656,treino
48605,7769,teste
48606,10025,treino
48607,10138,treino
48608,5741,treino
48609,8764,treino
48610,27880,treino
48611,9756,treino
48612,5904,validacao
48613,10584,validacao
48614,2593,treino
48615,5953,treino
48616,2430,treino
48617,2525,treino
48618,10780,treino
48619,3122,treino
48620,7835,treino
48621,7637,treino
48622,7814,treino
48623,9910,treino
48624,7532,treino
48625,3551,treino
48626,5641,treino
48627,2583,treino
48628,9662,treino
48629,8075,validacao
48630,4264,treino
48631,11433,treino
48632,11967,validacao
48633,3418,teste
48634,5775,treino
48635,8791,treino
48636,4570,teste
48637,4515,validacao
48638,12615,treino
48639,9291,teste
48640,8968,treino
48641,12415,treino
48642,11322,treino
48643,10113,treino
48644,10479,treino
48645,2328,treino
48646,3690,treino
48647,3899,treino
48648,3853,treino
48649,6821,treino
48650,5142,treino
48651,6746,treino
48652,4842,treino
48653,10885,validacao
48654,11740,validacao
48655,7171,treino
48656,3152,treino
48657,3765,treino
48658,3252,validacao
48659,4148,treino
48660,9440,treino
48661,9416,treino
48662,6380,validacao
48663,10706,teste
48664,2663,treino
48665,2522,treino
48666,2379,treino
48667,12576,treino
48668,11510,teste
48669,7852,treino
48670,5791,treino
48671,6511,treino
48672,4169,treino
48673,5531,treino
48674,9658,treino
48675,7549,treino
48676,2362,treino
48677,7107,teste
48678,3450,treino
48679,5692,treino
48680,5309,treino
48681,3792,validacao
48682,7785,teste
48683,6251,treino
48684,9206,validacao
48685,11415,treino
48686,5185,treino
48687,10058,treino
48688,3431,treino
48689,11872,treino
48690,3095,treino
48691,11288,treino
48692,2586,treino
48693,6587,treino
48694,3907,treino
48695,7956,validacao
48696,12002,teste
48697,12619,teste
48698,12386,treino
48699,9377,validacao
48700,11489,validacao
48701,11733,treino
48702,10350,treino
48703,10176,validacao
48704,12203,teste
48705,5942,treino
48706,2453,treino
48707,9880,treino
48708,11023,validacao
48709,3440,teste
48710,9079,teste
48711,11213,teste
48712,9089,treino
48713,4066,treino
48714,7818,treino
48715,2855,treino
48716,7764,treino
48717,9029,teste
48718,8835,teste
48719,3220,treino
48720,11848,treino
48721,8547,treino
48722,3544,validacao
48723,6104,teste
48724,12545,treino
48725,12514,treino
48726,7173,treino
48727,6793,treino
48728,7043,treino
48729,7355,treino
48730,8593,treino
48731,10181,teste
48732,2603,teste
48733,9051,treino
48734,12230,treino
48735,4718,treino
48736,7194,treino
48737,2441,treino
48738,4101,treino
48739,10897,treino
48740,5367,treino
48741,11307,treino
48742,6101,treino
48743,6447,treino
48744,4428,treino
48745,3693,treino
48746,6361,validacao
48747,11857,treino
48748,11383,validacao
48749,9837,validacao
48750,11803,validacao
48751,9255,teste
48752,10636,treino
48753,5307,treino
48754,11611,teste
48755,2743,validacao
48756,12457,treino
48757,3595,treino
48758,3492,treino
48759,7674,treino
48760,4999,teste
48761,5720,treino
48762,8843,treino
48763,2359,treino
48764,4425,treino
48765,2617,validacao
48766,11947,validacao
48767,4382,treino
48768,4118,treino
48769,3351,treino
48770,8817,treino
48771,5104,treino
48772,3781,teste
48773,8070,teste
48774,4266,teste
48775,7307,treino
48776,6950,treino
48777,2566,validacao
48778,4271,teste
48779,9938,treino
48780,10821,treino
48781,4850,validacao
48782,12183,teste
48783,7823,treino
48784,2912,treino
48785,9327,treino
48786,3800,validacao
48787,3943,treino
48788,5277,treino
48789,12190,treino
48790,7324,teste
48791,10331,treino
48792,6594,treino
48793,4667,treino
48794,8261,treino
48795,11822,treino
48796,4499,teste
48797,12494,treino
48798,8152,teste
48799,5839,treino
48800,5296,treino
48801,6012,treino
48802,9583,treino
48803,8697,treino
48804,5352,teste
48805,5068,validacao
48806,5484,validacao
48807,3176,treino
48808,4275,validacao
48809,11411,treino
48810,10095,treino
48811,9604,validacao
48812,10146,treino
48813,9720,treino
48814,10490,teste
48815,12075,treino
48816,9882,treino
48817,11486,treino
48818,11346,treino
48819,9535,validacao
48820,6980,treino
48821,9181,validacao
48822,11781,validacao
48823,10610,treino
48824,12589,treino
48825,11746,treino
48826,12308,treino
48827,10737,treino
48828,10711,teste
48829,9540,treino
48830,12481,teste
48831,12520,treino
48832,12628,validacao
48833,11222,treino
48834,12424,treino
48835,10143,treino
48836,10281,treino
48837,12253,treino
48838,9855,treino
48839,12053,teste
48840,9917,teste
48841,9783,validacao
48842,9907,treino
48843,11894,treino
48844,9085,validacao
48845,10870,treino
48846,11810,treino
48847,2600,teste
48848,9261,treino
48849,11236,validacao
48850,12200,treino
48851,11571,treino
48852,10761,teste
48853,11334,treino
48854,4721,treino
48855,10022,validacao
48856,9501,treino
48857,9526,treino
48858,12219,validacao
48859,27878,treino
48860,12146,treino
48861,27977,treino
48862,11073,teste
48863,8979,treino
48864,11877,treino
48865,9791,validacao
48866,12099,treino
48867,11751,treino
48868,11507,treino
48869,10831,validacao
48870,9186,treino
48871,12063,treino
48872,11401,treino
48873,10587,treino
48874,9223,treino
48875,9429,teste
48876,960,validacao
48877,10718,validacao
48878,2539,treino
48879,10764,treino
48880,11416,teste
48881,9957,validacao
48882,6093,validacao
48883,10029,teste
48884,9646,treino
48885,10994,treino
48886,12596,treino
48887,11205,teste
48888,9471,treino
48889,9982,teste
48890,10963,treino
48891,11674,teste
48892,12586,treino
48893,9076,treino
48894,10098,treino
48895,9942,treino
48896,12341,treino
48897,11369,treino
48898,12408,treino
48899,10874,treino
48900,9797,teste
48901,10477,treino
48902,12459,treino
48903,11097,teste
48904,12013,treino
48905,11141,treino
48906,10987,treino
48907,10940,treino
48908,9310,treino
48909,10055,treino
48910,10699,treino
48911,11081,validacao
48912,9814,treino
48913,10687,treino
48914,3190,treino
48915,9389,treino
48916,27654,teste
48917,25288,treino
48918,5969,treino
48919,10250,treino
48921,30566,teste
48922,0,treino
48923,18,teste
48924,13,validacao
48926,30557,treino
48928,6,validacao
48929,30557,treino
48930,21,treino
48931,31103,treino
48932,3,treino
48933,23,treino
48934,31276,validacao
48935,30843,treino
48936,30985,treino
48937,31395,treino
48938,31376,teste
48939,30813,treino
48940,31254,validacao
48941,30961,teste
48942,19,teste
48944,30983,teste
48945,31168,treino
48946,31393,treino
48947,30557,treino
48949,30700,treino
48950,31138,teste
48951,30662,treino
48952,31007,treino
48953,31407,teste
48954,30786,treino
48955,30938,treino
48956,31236,treino
48957,31355,treino
48958,31103,treino
48959,3,treino
48960,6,validacao
48961,30557,treino
48962,30750,treino
48963,31469,treino
48964,21,treino
48965,30653,teste
48966,31085,treino
48967,31209,treino
48968,31131,treino
48969,30632,treino
48970,18,teste
48971,13,validacao
48972,27930,teste
48973,27930,teste
48974,23,treino
48975,30675,treino
48976,31147,validacao
48977,31209,treino
48978,30632,treino
48979,31246,treino
48980,30750,treino
48981,30805,treino
48982,23,treino
48984,31107,treino
48985,12726,treino
48986,13022,treino
48987,13016,teste
48988,15129,treino
48989,12687,treino
48990,12933,treino
48991,15037,treino
48992,12825,treino
48993,9890,treino
48994,12710,validacao
48995,14380,treino
48996,12634,treino
48997,15139,treino
48998,27283,treino
48999,14282,validacao
49000,15251,treino
49001,15133,validacao
49002,14024,treino
49003,14474,teste
49004,25297,treino
49005,12720,treino
49006,12860,treino
49007,15278,teste
49008,12849,teste
49009,12802,validacao
49010,14109,treino
49011,13013,treino
49012,15120,treino
49013,14268,teste
49014,14034,treino
49015,12688,treino
49016,25237,teste
49017,12936,teste
49018,14266,treino
49019,14028,treino
49020,12845,treino
49021,15237,teste
49022,12714,treino
49023,12732,validacao
49024,12645,treino
49025,12661,treino
49026,14074,validacao
49027,15267,treino
49028,12881,treino
49029,12755,teste
49030,13828,teste
49031,15145,validacao
49032,14105,treino
49033,12750,treino
49034,14183,teste
49035,12835,treino
49036,14085,treino
49037,14026,treino
49038,13839,validacao
49039,12852,treino
49040,12782,teste
49041,12730,treino
49042,15246,validacao
49043,12816,treino
49044,12830,validacao
49045,25233,treino
49046,14288,treino
49047,12806,validacao
49048,13465,treino
49049,12643,validacao
49050,12671,treino
49051,12839,validacao
49052,13019,treino
49053,15123,validacao
49054,12741,teste
49055,12767,teste
49056,14925,treino
49057,13005,treino
49058,27473,treino
49059,14040,teste
49060,14478,treino
49061,12698,treino
49062,14022,treino
49063,13835,treino
49064,14164,treino
49065,12666,treino
49066,12922,teste
49067,14480,treino
49068,14386,teste
49069,12786,treino
49070,13964,treino
49071,12864,treino
49072,15274,treino
49073,15152,treino
49074,15163,teste
49075,14103,treino
49076,12796,treino
49077,13008,treino
49078,12847,treino
49079,15268,validacao
49080,14080,treino
49081,12704,treino
49082,12761,validacao
49083,14173,teste
49084,15255,treino
49085,12695,validacao
49086,15281,teste
49087,14274,treino
49088,14089,treino
49089,12669,validacao
49090,15114,validacao
49091,12927,treino
49092,12871,treino
49093,14170,treino
49094,27749,treino
49095,13011,teste
49096,12770,treino
49097,12678,treino
49098,12663,treino
49099,15143,validacao
49100,12649,validacao
49101,12747,teste
49102,12640,validacao
49103,12638,teste
49104,12793,validacao
49105,14186,treino
49106,27460,treino
49107,14158,treino
49108,13809,treino
49109,14112,treino
49110,12878,teste
49111,14076,treino
49112,14176,treino
49113,31100,teste
49114,2,treino
49115,1,treino
49116,31099,treino
49117,30585,teste
49118,19,teste
49119,23,treino
49121,19,teste
49123,31101,treino
49125,30942,treino
49126,10,treino
49127,30703,treino
49128,18,teste
49129,30684,validacao
49130,31171,treino
49131,30956,treino
49132,30916,treino
49133,13,validacao
49134,30681,treino
49135,31372,treino
49136,31155,treino
49137,31411,treino
49138,31269,treino
49139,31337,treino
49140,31011,treino
49141,31092,validacao
49142,31474,treino
49143,31152,treino
49144,30835,treino
49145,30781,treino
49146,31221,treino
49147,30768,teste
49148,31233,treino
49149,31043,treino
49150,31430,teste
49151,31035,treino
49152,31436,validacao
49153,31272,treino
49154,31380,validacao
49155,30967,treino
49156,31302,validacao
49157,31292,treino
49158,30875,validacao
49159,31115,treino
49160,30635,treino
49161,30676,treino
49162,30865,treino
49163,30838,treino
49164,31148,validacao
49165,31140,teste
49166,31196,treino
49167,11,validacao
49168,30947,treino
49169,30776,treino
49170,31227,teste
49171,30734,treino
49172,30664,treino
49173,31363,teste
49174,31079,treino
49175,30854,treino
49176,30572,treino
49177,31464,treino
49178,31285,validacao
49179,31399,treino
49180,31170,treino
49181,30702,treino
49182,30994,treino
49183,31069,teste
49184,31042,treino
49185,31435,treino
49186,31128,treino
49187,31457,treino
49188,31245,treino
49189,30650,teste
49190,30803,treino
49191,30820,treino
49192,31260,validacao
49193,31475,treino
49194,31095,validacao
49195,31452,treino
49196,31078,treino
49197,31062,treino
49198,31463,treino
49199,31394,treino
49200,31359,treino
49201,30876,treino
49202,30933,treino
49203,30757,validacao
49204,31410,validacao
49205,30984,treino
49206,31351,teste
49207,31229,treino
49208,31215,treino
49209,30691,treino
49210,31338,treino
49211,30943,treino
49212,31010,treino
49213,10,treino
49214,31162,treino
49215,30847,treino
49216,30778,treino
49217,31158,treino
49218,31279,treino
49219,30917,validacao
49220,30891,treino
49221,30687,treino
49222,31316,treino
49223,30818,treino
49224,30811,teste
49225,31258,treino
49226,31252,treino
49228,30925,treino
49229,31345,validacao
49230,31315,treino
49231,30889,treino
49232,30876,treino
49233,31107,treino
49234,30593,treino
49235,30611,treino
49238,29,treino
49239,31107,treino
49240,19,teste
49243,29,treino
49244,31107,treino
49245,31106,treino
49246,30590,treino
49247,249,validacao
49248,18,teste
49249,13,validacao
49250,260,treino
49251,264,treino
49252,262,treino
49253,266,teste
49278,272,validacao
49279,274,treino
49280,276,validacao
49281,278,treino
49306,283,teste
49307,285,treino
49308,287,treino
49309,290,treino
49335,299,treino
49336,297,validacao
49337,301,teste
49338,303,validacao
49343,19,teste
49364,307,treino
49365,309,treino
49366,311,treino
49367,313,teste
49372,249,validacao
49393,320,teste
49394,322,treino
49395,324,treino
49396,326,validacao
49421,333,treino
49422,337,treino
49423,335,treino
49424,339,treino
49429,30611,treino
49438,30593,treino
49451,345,treino
49452,347,treino
49453,349,treino
49454,351,treino
49467,30621,teste
49477,264,treino
49482,359,treino
49483,361,validacao
49484,365,treino
49485,363,treino
49491,266,teste
49493,262,treino
49495,260,treino
49505,276,validacao
49507,274,treino
49517,278,treino
49519,272,validacao
49524,372,treino
49525,374,treino
49526,376,treino
49527,378,treino
49541,285,treino
49543,283,teste
49553,287,treino
49556,383,treino
49557,385,treino
49562,391,validacao
49563,389,treino
49567,290,treino
49581,297,validacao
49587,301,teste
49590,395,teste
49591,397,treino
49596,400,treino
49597,402,treino
49599,303,validacao
49601,299,treino
49613,309,treino
49620,307,treino
49622,311,treino
49629,406,treino
49630,408,treino
49634,313,teste
49637,411,treino
49638,413,validacao
49651,326,validacao
49657,320,teste
49659,322,treino
49666,417,treino
49667,419,treino
49669,324,treino
49673,422,teste
49675,425,validacao
49691,337,treino
49697,335,treino
49699,339,treino
49702,432,teste
49703,434,treino
49707,333,treino
49710,436,teste
49711,438,treino
49734,349,treino
49735,351,treino
49737,345,treino
49738,446,treino
49740,347,treino
49741,449,teste
49745,456,treino
49748,459,teste
49763,359,treino
49769,363,treino
49772,466,teste
49773,469,treino
49775,361,validacao
49779,472,treino
49781,365,treino
49784,474,treino
49795,378,treino
49797,374,treino
49807,376,treino
49809,372,treino
49812,478,teste
49813,481,treino
49818,484,treino
49819,486,treino
49831,389,treino
49837,391,validacao
49844,492,treino
49845,494,teste
49847,383,treino
49851,385,treino
49854,497,treino
49855,499,validacao
49864,31107,treino
49865,31527,treino
49869,402,treino
49874,31524,teste
49876,397,treino
49877,30750,treino
49878,31496,treino
49880,400,treino
49885,30632,treino
49886,30926,treino
49889,504,teste
49890,506,teste
49894,395,teste
49897,508,treino
49898,510,treino
49901,30895,treino
49907,406,treino
49909,408,treino
49915,411,treino
49926,515,treino
49927,517,validacao
49929,413,validacao
49933,520,treino
49936,522,treino
49939,419,treino
49949,422,teste
49955,425,validacao
49959,417,treino
49964,526,treino
49965,529,treino
49969,532,validacao
49972,534,treino
49980,438,treino
49983,432,teste
49986,434,treino
49995,436,teste
49999,539,treino
50001,541,validacao
50005,543,treino
50008,449,teste
50010,446,treino
50012,456,treino
50014,546,treino
50021,459,teste
50036,550,teste
50037,552,treino
50041,555,teste
50044,466,teste
50046,474,treino
50048,557,treino
50058,469,treino
50065,472,treino
50071,481,treino
50074,562,treino
50075,564,treino
50079,566,teste
50082,486,treino
50084,569,validacao
50091,478,teste
50101,484,treino
50108,574,treino
50109,576,teste
50112,494,teste
50115,580,treino
50117,499,validacao
50119,497,treino
50122,492,treino
50124,582,treino
50138,510,treino
50140,506,teste
50142,504,teste
50144,508,treino
50146,520,treino
50148,517,validacao
50150,522,treino
50152,515,treino
50154,526,treino
50156,529,treino
50158,534,treino
50160,532,validacao
50162,543,treino
50164,541,validacao
50166,539,treino
50168,546,treino
50170,557,treino
50172,552,treino
50174,555,teste
50176,550,teste
50178,566,teste
50180,564,treino
50182,569,validacao
50184,562,treino
50185,574,treino
50187,580,treino
50189,582,treino
50191,576,teste
50192,30631,teste
50195,13,validacao
50196,18,teste
50197,31107,treino
50198,30557,treino
50200,30557,treino
50202,19,teste
50203,30557,treino
50205,30557,treino
50206,31103,treino
50207,3,treino
50208,23,treino
50209,21,treino
50210,6,validacao
50213,30557,treino
50215,31103,treino
50216,3,treino
50217,21,treino
50218,6,validacao
50219,30557,treino
50220,28953,treino
50221,28954,validacao
50222,28955,treino
50223,28956,teste
50248,28971,treino
50249,28972,treino
50250,28973,teste
50251,28974,treino
50276,28975,treino
50277,28976,treino
50278,28977,treino
50279,28978,treino
50284,31553,treino
50293,31049,treino
50302,30750,treino
50303,31496,treino
50304,30632,treino
50305,18,teste
50306,31521,treino
50307,30855,teste
50312,28957,treino
50313,28958,treino
50314,28959,treino
50315,28960,treino
50320,13,validacao
50341,28985,treino
50342,28986,treino
50343,28987,treino
50344,28988,treino
50363,23,treino
50370,28979,validacao
50371,28980,teste
50372,28981,treino
50373,28982,treino
50398,28949,treino
50399,28950,treino
50400,28951,validacao
50401,28952,validacao
50415,28953,treino
50417,28955,treino
50419,28954,validacao
50421,28956,teste
50423,28974,treino
50425,28973,teste
50427,28972,treino
50429,28971,treino
50430,31107,treino
50431,30595,treino
50433,28976,treino
50435,28978,treino
50437,28977,treino
50439,28975,treino
50441,28957,treino
50443,28958,treino
50444,23,treino
50446,28960,treino
50448,28959,treino
50450,28988,treino
50452,28985,treino
50454,28987,treino
50456,28986,treino
50458,28980,teste
50460,28979,validacao
50463,28981,treino
50465,28982,treino
50467,28950,treino
50469,28952,validacao
50471,28949,treino
50473,28951,validacao
50474,30249,validacao
50475,30545,treino
50476,29416,treino
50477,30060,treino
50478,29737,treino
50479,29340,teste
50480,30084,treino
50481,30367,teste
50482,29787,treino
50483,28321,teste
50484,29249,treino
50485,28924,teste
50486,28595,treino
50487,29479,validacao
50488,29443,treino
50489,28728,treino
50490,28677,treino
50491,30028,treino
50492,30058,teste
50493,28754,treino
50494,28778,treino
50495,29223,treino
50496,30044,teste
50497,30455,treino
50498,29773,treino
50499,28661,teste
50500,29310,treino
50501,30419,teste
50502,30391,treino
50503,29119,treino
50504,28746,treino
50505,28736,teste
50506,29171,treino
50507,29763,treino
50508,28535,treino
50509,28854,teste
50510,28653,treino
50511,28493,treino
50512,29610,validacao
50513,29922,validacao
50514,29452,treino
50515,29600,teste
50516,29522,validacao
50517,28343,teste
50518,29791,treino
50519,29570,teste
50520,29743,treino
50521,29733,treino
50522,30052,teste
50523,28455,treino
50524,29129,treino
50525,28307,treino
50526,30517,treino
50527,28511,treino
50528,28748,treino
50529,28916,treino
50530,30064,treino
50531,29300,treino
50532,30233,treino
50533,28339,treino
50534,29431,treino
50535,29877,treino
50536,29390,treino
50537,29302,teste
50538,29911,treino
50539,28918,teste
50540,29881,treino
50541,29745,validacao
50542,30485,teste
50543,30407,teste
50544,29103,treino
50545,30217,treino
50546,30491,treino
50547,30347,validacao
50548,28527,treino
50549,28878,teste
50550,30519,treino
50551,29781,treino
50552,28383,teste
50553,28303,teste
50554,28575,treino
50555,28756,teste
50556,29747,treino
50557,28411,treino
50558,28359,treino
50559,28689,validacao
50560,29879,treino
50561,28876,teste
50562,28491,teste
50563,28293,teste
50564,29197,validacao
50565,29468,teste
50566,29063,validacao
50567,30046,treino
50568,28557,treino
50569,28659,treino
50570,30124,treino
50571,28477,treino
50572,28337,treino
50573,29633,treino
50574,29728,treino
50575,29628,treino
50576,29821,validacao
50577,29061,teste
50578,29163,teste
50579,29496,treino
50580,29976,treino
50581,29514,teste
50582,30483,treino
50583,29958,treino
50584,28800,treino
50585,30128,treino
50586,29576,treino
50587,29831,treino
50588,29775,teste
50589,30365,treino
50590,29241,teste
50591,29867,treino
50592,30411,teste
50593,29608,treino
50594,28361,teste
50595,30050,treino
50596,29645,validacao
50597,28828,treino
50598,28808,treino
50599,30361,treino
50600,28649,treino
50601,28425,treino
50602,29724,treino
50603,28675,validacao
50604,30445,treino
50605,28840,teste
50606,29852,treino
50607,29418,treino
50608,28331,treino
50609,28603,validacao
50610,30481,treino
50611,29093,teste
50612,28814,treino
50613,29805,validacao
50614,29635,teste
50615,29087,treino
50616,30251,treino
50617,30018,teste
50618,28617,teste
50619,30415,treino
50620,28379,treino
50621,30056,validacao
50622,30038,validacao
50623,29099,treino
50624,30521,treino
50625,29272,treino
50626,30257,teste
50627,29907,treino
50628,29974,treino
50629,29751,treino
50630,28259,validacao
50631,29841,teste
50632,28551,treino
50633,30493,teste
50634,28734,validacao
50635,30435,treino
50636,30255,treino
50637,30371,teste
50638,29998,treino
50639,28786,treino
50640,30032,treino
50641,29984,teste
50642,29793,treino
50643,29298,teste
50644,30221,treino
50645,29875,treino
50646,28317,treino
50647,29492,validacao
50648,28609,teste
50649,29669,treino
50650,28555,treino
50651,28719,treino
50652,30441,teste
50653,30066,treino
50654,28914,teste
50655,29578,validacao
50656,29270,treino
50657,28565,treino
50658,29720,treino
50659,28894,treino
50660,30397,validacao
50661,29671,teste
50662,30188,treino
50663,30116,treino
50664,29612,teste
50665,29439,treino
50666,28635,treino
50667,28419,validacao
50668,30223,treino
50669,30243,treino
50670,28663,validacao
50671,29934,treino
50672,28999,treino
50673,29025,treino
50674,29582,treino
50675,30425,treino
50676,29643,treino
50677,28886,treino
50678,29187,treino
50679,28872,treino
50680,29825,validacao
50681,30000,treino
50682,28842,treino
50683,28521,treino
50684,29506,treino
50685,28591,teste
50686,29722,treino
50687,30132,teste
50688,30104,treino
50689,29059,teste
50690,29456,treino
50691,29141,treino
50692,30431,treino
50693,28633,teste
50694,29458,teste
50695,29920,validacao
50696,30040,treino
50697,28717,treino
50698,29697,treino
50699,29410,treino
50700,28297,treino
50701,28850,treino
50702,28796,treino
50703,29071,treino
50704,28254,teste
50705,29863,treino
50706,29450,validacao
50707,29843,treino
50708,29588,treino
50709,28489,treino
50710,29406,teste
50711,29441,teste
50712,29799,teste
50713,30034,teste
50714,30489,treino
50715,29641,treino
50716,29494,treino
50717,30429,treino
50718,28882,treino
50719,30247,teste
50720,29382,validacao
50721,29992,teste
50722,29526,treino
50723,30235,teste
50724,28271,teste
50725,28581,treino
50726,29278,teste
50727,30130,treino
50728,28471,validacao
50729,28621,treino
50730,28830,teste
50731,28631,teste
50732,28900,treino
50733,28764,validacao
50734,30138,validacao
50735,28395,treino
50736,28469,treino
50737,29859,treino
50738,29035,treino
50739,30054,validacao
50740,29117,treino
50741,29370,treino
50742,28989,teste
50743,28525,treino
50744,30229,teste
50745,29676,treino
50746,29143,treino
50747,29564,treino
50748,29151,treino
50749,28832,treino
50750,28357,treino
50751,30120,teste
50752,29604,treino
50753,29157,treino
50754,29207,teste
50755,30539,validacao
50756,28722,treino
50757,28818,validacao
50758,28561,validacao
50759,28373,validacao
50760,28285,treino
50761,29930,treino
50762,28641,treino
50763,29193,treino
50764,29031,teste
50765,28870,treino
50766,29173,treino
50767,29227,teste
50768,29502,teste
50769,28860,teste
50770,28643,teste
50771,28874,validacao
50772,30184,validacao
50773,30511,treino
50774,29179,treino
50775,30006,teste
50776,29069,teste
50777,28816,teste
50778,29003,treino
50779,28695,treino
50780,29986,treino
50781,29329,treino
50782,28937,treino
50783,29530,validacao
50784,30259,teste
50785,29936,treino
50786,28730,treino
50787,28485,validacao
50788,30395,treino
50789,29510,treino
50790,28715,treino
50791,30469,treino
50792,30393,treino
50793,29352,treino
50794,28263,validacao
50795,28705,treino
50796,28744,teste
50797,28928,validacao
50798,29783,teste
50799,29017,treino
50800,29470,treino
50801,30495,treino
50802,28846,treino
50803,30471,treino
50804,28697,validacao
50805,28607,teste
50806,29075,treino
50807,28991,treino
50808,29460,treino
50809,29398,validacao
50810,29474,teste
50811,30375,treino
50812,29292,treino
50813,30094,treino
50814,29926,treino
50815,28515,validacao
50816,28365,treino
50817,29767,validacao
50818,29091,treino
50819,29221,treino
50820,30355,treino
50821,29159,teste
50822,29153,teste
50823,29336,validacao
50824,29464,teste
50825,28890,validacao
50826,30118,treino
50827,28838,validacao
50828,29952,treino
50829,28453,treino
50830,30345,treino
50831,29885,validacao
50832,29199,treino
50833,29956,treino
50834,30377,treino
50835,30449,treino
50836,29819,teste
50837,28812,validacao
50838,29121,treino
50839,30024,teste
50840,28651,treino
50841,30499,treino
50842,29005,treino
50843,28605,treino
50844,28770,validacao
50845,29280,treino
50846,30092,treino
50847,29123,validacao
50848,28844,treino
50849,28906,treino
50850,29235,teste
50851,29175,treino
50852,30529,validacao
50853,28836,treino
50854,28277,treino
50855,28385,teste
50856,28567,teste
50857,29504,treino
50858,29427,treino
50859,29954,treino
50860,28701,treino
50861,29027,treino
50862,30008,treino
50863,28766,teste
50864,28433,treino
50865,29334,validacao
50866,28435,teste
50867,29229,treino
50868,30451,treino
50869,30078,treino
50870,29219,treino
50871,29314,treino
50872,28862,teste
50873,29408,treino
50874,29454,teste
50875,29185,treino
50876,29592,teste
50877,30108,treino
50878,28327,teste
50879,30443,teste
50880,29572,treino
50881,28403,treino
50882,28349,teste
50883,29944,validacao
50884,30237,validacao
50885,30509,treino
50886,29067,treino
50887,30136,validacao
50888,29306,treino
50889,29011,validacao
50890,30098,validacao
50891,29865,treino
50892,28629,treino
50893,28543,treino
50894,29847,treino
50895,30357,treino
50896,29918,treino
50897,28295,validacao
50898,28780,treino
50899,30096,treino
50900,28289,teste
50901,29149,validacao
50902,28798,treino
50903,29097,treino
50904,29586,treino
50905,28933,teste
50906,30227,treino
50907,29598,treino
50908,28623,teste
50909,28397,validacao
50910,29195,treino
50911,29472,treino
50912,28465,treino
50913,28788,treino
50914,30541,validacao
50915,28519,treino
50916,28569,treino
50917,29649,treino
50918,29622,treino
50919,30068,treino
50920,30359,treino
50921,28467,treino
50922,28353,treino
50923,28711,teste
50924,29356,treino
50925,28533,teste
50926,28405,treino
50927,28539,treino
50928,29462,treino
50929,28699,validacao
50930,29543,validacao
50931,29829,teste
50932,28866,teste
50933,29560,treino
50934,29237,treino
50935,30403,treino
50936,29982,treino
50937,28637,teste
50938,28283,validacao
50939,28647,treino
50940,28529,treino
50941,29968,treino
50942,29181,treino
50943,28947,treino
50944,28347,teste
50945,28531,treino
50946,29251,validacao
50947,29147,validacao
50948,28810,teste
50949,29966,treino
50950,30457,teste
50951,29360,treino
50952,29887,treino
50953,29368,teste
50954,29714,treino
50955,29209,teste
50956,29145,validacao
50957,28802,teste
50958,28371,treino
50959,28369,treino
50960,28391,treino
50961,28267,teste
50962,28790,treino
50963,28880,teste
50964,28691,treino
50965,28461,validacao
50966,29512,teste
50967,30080,validacao
50968,28834,teste
50969,28345,validacao
50970,29647,teste
50971,28740,validacao
50972,28367,treino
50973,30503,treino
50974,30507,treino
50975,29811,treino
50976,30531,teste
50977,30473,validacao
50978,29477,treino
50979,29533,treino
50980,30142,teste
50981,30389,teste
50982,30088,validacao
50983,29716,treino
50984,28625,validacao
50985,28311,treino
50986,29490,validacao
50987,28922,treino
50988,29366,teste
50989,29165,treino
50990,30276,validacao
50991,28655,treino
50992,30401,treino
50993,28449,teste
50994,29107,validacao
50995,29425,treino
50996,29215,teste
50997,29239,treino
50998,29657,teste
50999,29089,treino
51000,30122,teste
51001,29624,validacao
51002,28613,treino
51003,30070,treino
51004,30022,teste
51005,28409,teste
51006,29362,treino
51007,29708,treino
51008,28547,validacao
51009,30112,treino
51010,28858,validacao
51011,29296,validacao
51012,28713,teste
51013,29653,validacao
51014,29312,treino
51015,30513,treino
51016,28287,treino
51017,29655,teste
51018,29378,validacao
51019,29201,treino
51020,29133,treino
51021,28597,treino
51022,29040,teste
51023,28820,treino
51024,28523,validacao
51025,28768,teste
51026,29400,validacao
51027,28665,treino
51028,28639,treino
51029,29261,teste
51030,30134,treino
51031,28413,treino
51032,29247,treino
51033,28589,treino
51034,29596,treino
51035,29095,treino
51036,28902,teste
51037,29429,teste
51038,29665,teste
51039,28457,treino
51040,29374,treino
51041,29446,treino
51042,28459,teste
51043,28545,treino
51044,29288,validacao
51045,28782,treino
51046,30263,validacao
51047,30543,treino
51048,29978,teste
51049,29950,teste
51050,30231,validacao
51051,30505,treino
51052,29827,validacao
51053,28898,teste
51054,28774,treino
51055,29518,treino
51056,30387,treino
51057,28315,treino
51058,29823,treino
51059,30186,validacao
51060,30453,treino
51061,29437,treino
51062,30369,treino
51063,29883,treino
51064,29580,treino
51065,28261,teste
51066,29402,treino
51067,29420,treino
51068,29550,treino
51069,28355,treino
51070,28852,validacao
51071,28579,validacao
51072,28423,treino
51073,28587,treino
51074,29276,treino
51075,28732,treino
51076,28437,treino
51077,28291,validacao
51078,29372,treino
51079,30497,treino
51080,28685,treino
51081,28431,treino
51082,29637,treino
51083,29938,treino
51084,29891,teste
51085,28794,teste
51086,30523,treino
51087,29552,treino
51088,29813,treino
51089,29797,teste
51090,28553,treino
51091,28822,treino
51092,28868,treino
51093,30144,treino
51094,28784,treino
51095,29618,treino
51096,29354,teste
51097,29346,treino
51098,29554,treino
51099,28760,teste
51100,29342,treino
51101,29243,treino
51102,28577,treino
51103,29970,teste
51104,30030,treino
51105,29558,treino
51106,30427,treino
51107,30126,treino
51108,30421,validacao
51109,30239,treino
51110,29023,teste
51111,28417,treino
51112,29566,treino
51113,29481,validacao
51114,29344,treino
51115,29364,teste
51116,30026,teste
51117,28683,validacao
51118,28497,treino
51119,29905,teste
51120,29706,treino
51121,30533,treino
51122,29996,treino
51123,29761,treino
51124,29396,teste
51125,28792,treino
51126,30477,treino
51127,29833,validacao
51128,28671,treino
51129,30012,teste
51130,29217,treino
51131,28611,treino
51132,28910,teste
51133,29233,teste
51134,29620,treino
51135,28309,validacao
51136,29282,treino
51137,28407,teste
51138,28864,teste
51139,29803,teste
51140,29948,validacao
51141,28305,teste
51142,28513,treino
51143,28585,treino
51144,29857,treino
51145,29135,treino
51146,28709,validacao
51147,30042,teste
51148,28323,validacao
51149,28313,treino
51150,29274,treino
51151,29735,validacao
51152,28667,treino
51153,29137,teste
51154,29286,teste
51155,29785,validacao
51156,28848,treino
51157,29384,validacao
51158,28427,treino
51159,30072,teste
51160,29388,validacao
51161,30062,treino
51162,30253,treino
51163,29994,treino
51164,28483,treino
51165,29386,treino
51166,30535,treino
51167,29932,validacao
51168,29928,teste
51169,28762,treino
51170,28393,treino
51171,29331,treino
51172,29376,treino
51173,30100,treino
51174,28401,treino
51175,29940,validacao
51176,28920,teste
51177,29990,treino
51178,28265,treino
51179,29909,treino
51180,30385,treino
51181,28301,treino
51182,28537,validacao
51183,29916,treino
51184,28826,teste
51185,28415,treino
51186,30549,teste
51187,28487,validacao
51188,28325,teste
51189,29899,treino
51190,28517,treino
51191,28499,validacao
51192,29704,teste
51193,30261,treino
51194,30074,validacao
51195,29777,treino
51196,28549,treino
51197,28724,treino
51198,30010,teste
51199,29893,treino
51200,29903,treino
51201,29284,validacao
51202,28475,treino
51203,28275,treino
51204,29801,validacao
51205,29574,treino
51206,29712,treino
51207,29259,treino
51208,29562,validacao
51209,28571,treino
51210,30381,teste
51211,29487,teste
51212,30487,teste
51213,29167,treino
51214,30383,treino
51215,28479,treino
51216,28908,treino
51217,30525,treino
51218,30515,treino
51219,29414,teste
51220,29231,validacao
51221,28439,validacao
51222,29085,treino
51223,28399,validacao
51224,30373,treino
51225,29616,validacao
51226,30002,treino
51227,28329,validacao
51228,28447,validacao
51229,29266,validacao
51230,29380,treino
51231,28421,teste
51232,29590,teste
51233,28341,treino
51234,28645,teste
51235,29614,treino
51236,29584,treino
51237,29869,treino
51238,29674,teste
51239,29498,validacao
51240,30417,treino
51241,28627,treino
51242,29125,treino
51243,29466,treino
51244,29924,validacao
51245,29568,treino
51246,29845,treino
51247,28381,treino
51248,28495,treino
51249,29726,teste
51250,30527,treino
51251,28758,treino
51252,29667,teste
51253,29606,treino
51254,29964,treino
51255,30086,treino
51256,28363,treino
51257,29338,validacao
51258,29348,treino
51259,28752,teste
51260,29700,validacao
51261,29308,validacao
51262,28473,validacao
51263,30475,teste
51264,30349,teste
51265,30447,validacao
51266,29651,teste
51267,29290,treino
51268,30102,treino
51269,29741,teste
51270,29131,treino
51271,30020,teste
51272,28593,treino
51273,28299,validacao
51274,30467,teste
51275,29350,teste
51276,29189,treino
51277,29327,treino
51278,29528,teste
51279,29759,treino
51280,29155,treino
51281,29079,treino
51282,28703,teste
51283,30194,treino
51284,28884,teste
51285,29083,teste
51286,29139,treino
51287,28935,treino
51288,29257,treino
51289,28583,validacao
51290,29779,teste
51291,30082,treino
51292,29253,treino
51293,30463,treino
51294,29972,treino
51295,29019,validacao
51296,29358,treino
51297,28335,validacao
51298,29508,teste
51299,29255,treino
51300,28319,treino
51301,30140,treino
51302,29001,treino
51303,30076,treino
51304,28375,validacao
51305,29789,treino
51306,28387,treino
51307,29548,treino
51308,29809,treino
51309,29718,treino
51310,29520,treino
51311,29988,teste
51312,29037,treino
51313,30399,treino
51314,28443,treino
51315,28904,treino
51316,29626,validacao
51317,28669,teste
51318,29021,treino
51319,28892,treino
51320,29065,treino
51321,29546,treino
51322,30423,validacao
51323,28441,treino
51324,28856,validacao
51325,28742,treino
51326,30379,treino
51327,28445,treino
51328,28281,treino
51329,30433,treino
51330,29769,treino
51331,29029,treino
51332,29516,validacao
51333,28681,treino
51334,28995,treino
51335,29500,treino
51336,29205,treino
51337,29524,teste
51338,28776,teste
51339,28559,validacao
51340,29659,treino
51341,29556,treino
51342,29710,treino
51343,29946,treino
51344,28750,treino
51345,29795,validacao
51346,28509,treino
51347,29895,treino
51348,29871,validacao
51349,30413,treino
51350,30016,treino
51351,29294,teste
51352,29835,treino
51353,28993,treino
51354,30241,treino
51355,29101,validacao
51356,29695,treino
51357,28679,treino
51358,30409,treino
51359,29815,treino
51360,29392,treino
51361,28738,validacao
51362,29412,treino
51363,30459,treino
51364,29161,treino
51365,29839,treino
51366,29105,validacao
51367,29245,teste
51368,30363,treino
51369,29807,treino
51370,29702,treino
51371,29169,teste
51372,30465,treino
51373,29404,validacao
51374,29639,validacao
51375,28997,treino
51376,29960,treino
51377,28619,treino
51378,29661,teste
51379,29861,treino
51380,29765,treino
51381,29962,validacao
51382,29203,treino
51383,29225,validacao
51384,30501,validacao
51385,28687,treino
51386,28389,treino
51387,29897,teste
51388,30090,teste
51389,29191,treino
51390,29873,treino
51391,29263,validacao
51392,28912,treino
51393,29325,treino
51394,29594,treino
51395,29483,treino
51396,29435,teste
51397,28333,treino
51398,28657,treino
51399,29213,treino
51400,28824,treino
51401,30225,treino
51402,30461,treino
51403,30182,treino
51404,30553,treino
51405,28601,treino
51406,28806,treino
51407,29423,treino
51408,30106,teste
51409,30479,treino
51410,30190,treino
51411,28615,teste
51412,30114,treino
51413,28707,treino
51414,29433,treino
51415,29739,validacao
51416,28563,validacao
51417,28804,treino
51418,28599,treino
51419,28926,teste
51420,30353,treino
51421,29177,treino
51422,28896,teste
51423,29304,treino
51424,29901,treino
51425,30439,validacao
51426,28279,treino
51427,28931,treino
51428,28939,teste
51429,29394,validacao
51430,28273,treino
51431,28377,treino
51432,28772,treino
51433,30405,treino
51434,30219,teste
51435,28463,treino
51436,30437,validacao
51437,30351,validacao
51438,30547,treino
51439,29602,treino
51440,30180,validacao
51441,29837,treino
51442,29485,treino
51443,29033,treino
51444,28726,treino
51445,30245,teste
51446,28429,teste
51447,29889,treino
51448,30551,validacao
51449,28351,treino
51450,30537,treino
51451,28451,treino
51452,29268,treino
51453,29771,teste
51454,30004,validacao
51455,29081,treino
51456,30036,treino
51457,28269,treino
51458,29691,teste
51459,29211,treino
51460,28541,treino
51461,29448,treino
51462,29980,teste
51463,30110,teste
51464,29077,treino
51465,29942,treino
51466,29663,validacao
51467,29630,teste
51468,29183,treino
51469,28573,treino
51470,28693,treino
51471,28888,teste
51472,29127,treino
51473,30048,teste
51474,28983,validacao
51475,29730,treino
51477,29532,validacao
51478,29750,treino
51479,29750,treino
51480,30145,teste
51481,30145,teste
51482,28672,treino
51483,30290,validacao
51484,23,treino
51485,29000,teste
51486,30226,treino
51487,30392,teste
51488,29328,treino
51489,29166,treino
51490,28428,teste
51491,28905,validacao
51492,28805,teste
51493,28408,teste
51494,30452,teste
51495,30358,teste
51496,28883,treino
51497,29856,teste
51498,29148,treino
51499,28586,treino
51500,28610,teste
51501,29553,treino
51502,29971,treino
51503,30456,treino
51504,28612,treino
51505,29389,treino
51506,30137,treino
51507,29471,teste
51508,29593,treino
51509,29627,treino
51510,30125,treino
51511,28984,teste
51512,29355,validacao
51513,30494,treino
51514,29377,treino
51515,30014,validacao
51516,29028,treino
51517,30530,treino
51518,30087,treino
51519,30065,treino
51520,28590,teste
51521,29985,treino
51522,28767,teste
51523,29689,treino
51524,28630,validacao
51525,29022,treino
51526,29134,teste
51527,29383,treino
51528,30250,treino
51529,28604,teste
51530,28640,treino
51531,28290,treino
51532,28444,validacao
51533,28739,teste
51534,28783,teste
51535,28322,validacao
51536,28346,teste
51537,28678,validacao
51538,28628,teste
51539,28725,validacao
51540,29106,treino
51541,29132,treino
51542,30516,treino
51543,29768,treino
51544,29122,validacao
51545,29772,teste
51546,29559,validacao
51547,29917,treino
51548,28344,teste
51549,29925,validacao
51550,30218,teste
51551,29719,treino
51552,29421,validacao
51553,29961,treino
51554,29128,teste
51555,29555,treino
51556,29864,treino
51557,30380,validacao
51558,29525,treino
51559,30470,teste
51560,29154,teste
51561,28452,treino
51562,29611,treino
51563,29577,treino
51564,30506,teste
51565,29158,treino
51566,29387,treino
51567,30228,treino
51568,29395,teste
51569,29385,treino
51570,29287,treino
51571,29967,teste
51572,30119,treino
51573,28799,treino
51574,29595,teste
51575,29409,treino
51576,30073,teste
51577,30264,teste
51578,29838,treino
51579,28272,treino
51580,28664,treino
51581,28998,teste
51582,28462,treino
51583,29912,treino
51584,30067,treino
51585,29283,teste
51586,29379,treino
51587,30450,treino
51588,30079,teste
51589,29705,treino
51590,28907,validacao
51591,30480,validacao
51592,30462,treino
51593,29164,treino
51594,28448,treino
51595,29862,treino
51596,30055,treino
51597,28374,treino
51598,29872,treino
51599,29784,teste
51600,29527,treino
51601,29204,treino
51602,28733,validacao
51603,30498,validacao
51604,29176,teste
51605,30402,treino
51606,28540,teste
51607,29088,treino
51608,29603,validacao
51609,29579,treino
51610,28446,validacao
51611,28731,teste
51612,29640,validacao
51613,30538,teste
51614,30232,treino
51615,29417,treino
51616,29363,treino
51617,30520,teste
51618,30540,treino
51619,30011,validacao
51620,29281,teste
51621,29876,teste
51622,30408,treino
51623,29198,teste
51624,29232,treino
51625,29049,teste
51626,29937,validacao
51627,30552,validacao
51628,30085,treino
51629,28574,validacao
51630,28390,teste
51631,29744,teste
51632,29467,treino
51633,28350,treino
51634,29442,treino
51635,28654,treino
51636,29842,treino
51637,28614,treino
51638,29301,teste
51639,28512,treino
51640,29397,teste
51641,29734,treino
51642,28258,treino
51643,28318,treino
51644,29032,treino
51645,29120,treino
51646,29039,validacao
51647,29039,validacao
51648,28771,validacao
51649,30220,treino
51650,29361,treino
51651,30518,treino
51652,28745,treino
51653,30206,treino
51654,29939,teste
51655,29654,treino
51656,28414,treino
51657,29501,treino
51658,28436,teste
51659,29260,teste
51660,28418,treino
51661,29957,treino
51662,29264,treino
51663,30364,treino
51664,28538,teste
51665,28334,treino
51666,29906,teste
51667,30528,teste
51668,28777,treino
51669,30242,treino
51670,30544,validacao
51671,29242,treino
51672,28282,treino
51673,29124,treino
51674,29271,treino
51675,28765,treino
51676,29375,treino
51677,28660,treino
51678,29812,teste
51679,28494,teste
51680,29240,treino
51681,28352,treino
51682,28524,treino
51683,29921,treino
51684,28646,treino
51685,28558,treino
51686,30460,treino
51687,29034,treino
51688,29104,treino
51689,28897,treino
51690,28358,teste
51691,29509,treino
51692,28813,teste
51693,28708,treino
51694,29190,treino
51695,29613,validacao
51696,30346,treino
51697,30512,treino
51698,29727,treino
51699,29959,validacao
51700,29275,treino
51701,29349,validacao
51702,28795,treino
51703,28861,treino
51704,28652,treino
51705,29084,teste
51706,29886,treino
51707,28656,treino
51708,30238,treino
51709,29228,teste
51710,30448,teste
51711,29589,treino
51712,29070,treino
51713,29703,treino
51714,30522,treino
51715,28668,treino
51716,28853,treino
51717,28458,teste
51718,28600,treino
51719,30183,teste
51720,29062,treino
51721,29760,treino
51722,28753,validacao
51723,28510,treino
51724,30224,teste
51725,28648,treino
51726,29413,treino
51727,28835,teste
51728,28566,treino
51729,29511,treino
51730,28426,validacao
51731,29951,treino
51732,28694,teste
51733,29279,validacao
51734,29178,validacao
51735,30464,treino
51736,30446,treino
51737,28378,validacao
51738,28632,treino
51739,28849,teste
51740,29426,teste
51741,30548,treino
51742,28402,treino
51743,29943,treino
51744,29884,treino
51745,29544,treino
51746,28338,validacao
51747,30420,teste
51748,29335,validacao
51749,29513,teste
51750,28673,treino
51751,28913,treino
51752,30236,treino
51753,29499,treino
51754,29495,validacao
51755,29138,validacao
51756,29923,treino
51757,29866,teste
51758,30482,treino
51759,30133,teste
51760,29074,treino
51761,29428,treino
51762,30115,treino
51763,29004,treino
51764,29826,treino
51765,28490,treino
51766,29066,treino
51767,28769,treino
51768,30438,treino
51769,29900,validacao
51770,28476,treino
51771,30354,treino
51772,29078,teste
51773,28460,teste
51774,30113,treino
51775,29725,teste
51776,29715,treino
51777,29764,treino
51778,28280,teste
51779,29694,treino
51780,29515,treino
51781,28320,treino
51782,28755,validacao
51783,28268,treino
51784,29646,treino
51785,30097,teste
51786,29707,validacao
51787,28737,treino
51788,28592,teste
51789,28266,treino
51790,29307,teste
51791,29503,treino
51792,30129,treino
51793,28298,teste
51794,28899,treino
51795,30089,treino
51796,30057,treino
51797,28598,validacao
51798,28859,validacao
51799,29100,teste
51800,29174,teste
51801,28867,treino
51802,28741,treino
51803,30410,treino
51804,28863,teste
51805,28759,validacao
51806,28288,teste
51807,29658,treino
51808,29778,teste
51809,28809,treino
51810,29816,validacao
51811,29549,treino
51812,29262,treino
51813,30426,treino
51814,29244,treino
51815,28807,validacao
51816,30041,teste
51817,29832,treino
51818,29359,treino
51819,28284,validacao
51820,29438,teste
51821,30534,treino
51822,30412,validacao
51823,29341,validacao
51824,29802,treino
51825,29820,treino
51826,29796,teste
51827,29212,validacao
51828,28546,teste
51829,28544,treino
51830,30001,treino
51831,29160,validacao
51832,28516,treino
51833,29874,treino
51834,29995,treino
51835,29963,treino
51836,28700,treino
51837,28550,teste
51838,29860,treino
51839,30093,treino
51840,29817,validacao
51841,29401,treino
51842,28274,treino
51843,29180,treino
51844,29381,treino
51845,29822,treino
51846,30476,treino
51847,28300,validacao
51848,29748,treino
51849,30003,validacao
51850,30492,teste
51851,29076,teste
51852,30376,treino
51853,29136,treino
51854,28468,teste
51855,29497,teste
51856,29246,validacao
51857,28502,treino
51858,28380,treino
51859,28789,teste
51860,28314,treino
51861,29451,teste
51862,28336,treino
51863,29758,validacao
51864,29309,treino
51865,29269,treino
51866,29463,treino
51867,28992,treino
51868,29675,validacao
51869,28570,treino
51870,30490,teste
51871,28474,validacao
51872,30101,teste
51873,29291,validacao
51874,29293,teste
51875,28554,treino
51876,28376,validacao
51877,30258,treino
51878,30105,treino
51879,30081,teste
51880,28480,teste
51881,29770,teste
51882,30246,treino
51883,28576,treino
51884,29896,treino
51885,28638,treino
51886,28932,validacao
51887,29453,validacao
51888,29326,validacao
51889,28909,validacao
51890,29521,teste
51891,28384,validacao
51892,29096,treino
51893,28608,treino
51894,29365,treino
51895,28308,treino
51896,29299,treino
51897,28622,treino
51898,29430,treino
51899,28552,treino
51900,29931,treino
51901,28478,treino
51902,29987,validacao
51903,30069,treino
51904,28262,treino
51905,30051,treino
51906,29571,teste
51907,28676,treino
51908,28917,teste
51909,28925,treino
51910,28887,treino
51911,30135,teste
51912,29870,treino
51913,29108,treino
51914,29690,treino
51915,28839,teste
51916,29650,treino
51917,28636,treino
51918,30187,teste
51919,29840,treino
51920,29619,treino
51921,29367,treino
51922,28530,treino
51923,28819,teste
51924,30466,treino
51925,28326,treino
51926,28666,treino
51927,28749,teste
51928,28855,treino
51929,29746,treino
51930,29636,treino
51931,29969,teste
51932,29605,validacao
51933,28851,treino
51934,28929,treino
51935,30374,treino
51936,28698,treino
51937,30488,validacao
51938,28292,treino
51939,30035,treino
51940,28773,treino
51941,29343,treino
51942,29701,treino
51943,29192,treino
51944,29629,treino
51945,29393,treino
51946,30504,validacao
51947,30099,treino
51948,30181,treino
51949,29547,teste
51950,28606,validacao
51951,29015,teste
51952,28332,treino
51953,28304,treino
51954,29277,treino
51955,28534,validacao
51956,28342,validacao
51957,30554,validacao
51958,28276,treino
51959,28877,treino
51960,30454,treino
51961,28837,treino
51962,28368,validacao
51963,29997,validacao
51964,29369,validacao
51965,29644,treino
51966,28871,treino
51967,29196,treino
51968,29142,treino
51969,30248,treino
51970,28560,treino
51971,29660,treino
51972,30240,treino
51973,29648,treino
51974,28710,treino
51975,28714,treino
51976,30109,teste
51977,28658,teste
51978,29935,treino
51979,29449,validacao
51980,29330,treino
51981,30414,teste
51982,29144,treino
51983,29575,validacao
51984,28873,treino
51985,30117,treino
51986,29910,treino
51987,29786,teste
51988,28486,teste
51989,28797,treino
51990,28312,treino
51991,28386,treino
51992,29202,teste
51993,28398,treino
51994,28721,treino
51995,29808,treino
51996,28438,treino
51997,30189,teste
51999,28983,validacao
52000,29391,validacao
52001,29130,treino
52002,30091,treino
52003,28743,validacao
52004,29090,treino
52005,30398,treino
52006,29182,validacao
52007,28406,teste
52008,30260,treino
52009,29696,teste
52010,29332,treino
52011,29844,validacao
52012,29434,treino
52013,28801,treino
52014,28723,treino
52015,28294,treino
52016,28442,treino
52017,29507,teste
52018,29094,teste
52019,29989,teste
52020,28364,treino
52021,30486,validacao
52022,29036,teste
52023,28618,validacao
52024,29587,treino
52025,29882,teste
52026,30372,treino
52027,29407,treino
52028,29848,treino
52029,30526,treino
52030,28775,teste
52031,30005,treino
52032,28370,teste
52033,30388,teste
52034,28404,treino
52035,29002,treino
52036,28264,validacao
52037,29457,treino
52038,29780,validacao
52039,28596,treino
52040,28306,treino
52041,29258,treino
52042,28934,treino
52043,28845,treino
52044,29317,treino
52045,28464,treino
52046,29210,teste
52047,29357,teste
52048,30333,teste
52049,29736,teste
52050,28616,treino
52051,29436,treino
52052,28901,treino
52053,28827,treino
52054,29585,treino
52055,29030,treino
52056,29092,validacao
52057,29904,teste
52058,29188,validacao
52059,29573,treino
52060,30428,treino
52061,28518,treino
52062,29828,treino
52063,28994,treino
52064,28316,teste
52065,28270,treino
52066,30159,treino
52067,29868,teste
52068,29927,treino
52069,29220,teste
52070,29880,validacao
52071,29118,treino
52072,29583,treino
52073,30458,treino
52074,29112,validacao
52075,29919,teste
52076,29977,teste
52077,29126,teste
52078,29698,treino
52079,29898,teste
52080,29993,treino
52081,30416,teste
52082,30406,treino
52083,29561,teste
52084,30075,treino
52085,29792,teste
52086,29979,treino
52087,30422,treino
52088,29297,treino
52089,28875,treino
52090,28940,treino
52091,29480,treino
52092,30103,treino
52093,29790,treino
52094,30366,treino
52095,29965,treino
52096,29493,treino
52097,30496,validacao
52098,28410,validacao
52099,30500,validacao
52100,28831,treino
52101,28690,teste
52102,29929,treino
52103,29567,teste
52104,28484,treino
52105,30474,validacao
52106,29447,treino
52107,29172,treino
52108,28704,validacao
52109,29038,teste
52110,28938,treino
52111,29098,treino
52112,29563,treino
52113,28310,teste
52114,28578,treino
52115,29478,treino
52116,29609,teste
52117,29162,treino
52118,29846,treino
52119,30049,teste
52120,30542,validacao
52121,30472,teste
52122,30107,treino
52123,30384,treino
52124,29082,treino
52125,29252,validacao
52126,30350,treino
52127,28536,treino
52128,28396,validacao
52129,29194,treino
52130,30230,treino
52131,28562,teste
52132,28522,treino
52133,30043,treino
52134,29080,validacao
52135,29892,teste
52136,30025,treino
52137,28278,treino
52138,30514,treino
52139,28895,validacao
52140,28716,treino
52141,30436,treino
52142,28412,treino
52143,29947,treino
52144,29311,treino
52145,30033,treino
52146,30352,treino
52147,28422,teste
52148,28580,treino
52149,28514,treino
52150,29673,treino
52151,30017,teste
52152,29888,validacao
52153,28781,treino
52154,30127,treino
52155,29738,teste
52156,28684,validacao
52157,30468,treino
52158,29465,teste
52159,29234,treino
52160,30256,treino
52161,30039,validacao
52162,30434,treino
52163,30071,treino
52164,29475,teste
52165,29440,treino
52166,29569,treino
52167,29713,treino
52168,28889,treino
52169,29200,treino
52170,29455,treino
52171,28680,treino
52172,29523,validacao
52173,29226,treino
52174,30386,treino
52175,29642,treino
52176,28450,treino
52177,29902,treino
52178,29858,treino
52179,28472,validacao
52180,29581,validacao
52181,29776,validacao
52182,29894,treino
52183,30430,treino
52184,29949,validacao
52185,29170,treino
52186,28564,validacao
52187,29740,treino
52188,29615,validacao
52189,29621,validacao
52190,28602,treino
52191,28927,treino
52192,29303,treino
52193,30396,treino
52194,28779,validacao
52195,28432,treino
52196,30432,teste
52197,28556,treino
52198,29218,validacao
52199,28706,treino
52200,30123,treino
52201,30378,validacao
52202,29313,treino
52203,30362,teste
52204,30262,treino
52205,30546,treino
52206,28286,treino
52207,28829,validacao
52208,28498,treino
52209,28388,treino
52210,30444,treino
52211,29324,validacao
52212,28572,treino
52213,29459,treino
52214,28362,validacao
52215,28919,treino
52216,30394,teste
52217,28420,treino
52218,29168,treino
52219,30404,teste
52220,28454,treino
52221,28670,treino
52222,29152,treino
52223,28434,teste
52224,30061,treino
52225,29836,treino
52226,29601,validacao
52227,29599,treino
52228,28761,teste
52229,28424,treino
52230,30478,treino
52231,28833,treino
52232,29399,validacao
52233,28785,validacao
52234,28751,treino
52235,29670,teste
52236,29024,treino
52237,29461,validacao
52238,28492,treino
52239,28394,treino
52240,28260,treino
52241,29975,treino
52242,28626,teste
52243,29273,treino
52244,29248,teste
52245,30370,treino
52246,29824,validacao
52247,28682,treino
52248,28923,treino
52249,29634,treino
52250,28354,validacao
52251,28520,treino
52252,30131,validacao
52253,29250,treino
52254,29305,treino
52255,29631,treino
52256,30143,treino
52257,28729,validacao
52258,30254,treino
52259,28712,treino
52260,29351,treino
52261,28727,validacao
52262,29953,treino
52263,28348,treino
52264,30141,treino
52265,28496,validacao
52266,28470,validacao
52267,28915,teste
52268,29016,treino
52269,29597,treino
52270,29983,treino
52271,29482,treino
52272,28936,teste
52273,29565,validacao
52274,29026,validacao
52275,29444,validacao
52276,29766,teste
52277,29295,treino
52278,29531,treino
52279,28642,validacao
52280,28582,treino
52281,30400,teste
52282,28340,teste
52283,29405,teste
52284,28893,validacao
52285,30023,treino
52286,28885,treino
52287,30368,treino
52288,29256,treino
52289,28903,teste
52290,29890,treino
52291,30442,teste
52292,29018,treino
52293,30007,teste
52294,30009,treino
52295,29662,validacao
52296,30021,treino
52297,28817,treino
52298,28847,treino
52299,28881,treino
52300,28430,treino
52301,30063,treino
52302,29214,teste
52303,29146,teste
52304,29557,treino
52305,29855,treino
52306,29855,treino
52307,29814,validacao
52308,29373,treino
52309,29156,teste
52310,29656,treino
52311,29068,treino
52312,28825,treino
52313,30047,validacao
52314,29798,teste
52315,29206,validacao
52316,29638,treino
52317,29208,treino
52318,28644,treino
52319,29484,treino
52320,30418,teste
52321,29519,treino
52322,30508,treino
52323,30536,teste
52324,28990,teste
52325,29488,treino
52326,29717,teste
52327,29415,validacao
52328,29064,treino
52329,29289,validacao
52330,28735,treino
52331,28324,teste
52332,28688,treino
52333,29419,teste
52334,29666,validacao
52335,28620,teste
52336,28803,treino
52337,28891,treino
52338,30382,teste
52339,29020,treino
52340,30550,treino
52341,28624,treino
52342,28692,treino
52343,30029,treino
52344,28440,treino
52345,29806,validacao
52346,28857,treino
52347,28702,validacao
52348,30019,validacao
52349,29505,treino
52350,28696,treino
52351,28791,treino
52352,29469,teste
52353,29617,treino
52354,29140,teste
52355,29955,treino
52356,29782,treino
52357,28815,treino
52358,28584,treino
52359,28528,treino
52360,30045,teste
52361,29236,teste
52362,29607,treino
52363,29150,treino
52364,29542,teste
52365,28594,treino
52366,29551,treino
52367,29230,validacao
52368,28763,treino
52369,28382,treino
52370,29804,teste
52371,30390,treino
52372,29517,treino
52373,28650,validacao
52374,29222,treino
52375,29981,treino
52376,30502,treino
52377,29664,treino
52378,28686,treino
52379,29973,teste
52380,29810,treino
52381,28821,validacao
52382,29623,teste
52383,30191,treino
52384,28843,validacao
52385,29403,teste
52386,30059,treino
52387,30121,treino
52388,29762,treino
52389,28526,treino
52390,28757,treino
52391,29742,treino
52392,29353,treino
52393,28356,teste
52394,30424,treino
52395,29933,treino
52396,28662,treino
52397,29345,treino
52398,29411,validacao
52399,29834,treino
52400,30234,treino
52401,29086,treino
52402,28416,treino
52403,29529,teste
52404,28296,treino
52405,29999,teste
52406,30083,treino
52407,29723,treino
52408,28720,treino
52409,29224,treino
52410,29267,treino
52411,30524,treino
52412,30027,validacao
52413,29424,treino
52414,29878,teste
52415,30037,validacao
52416,28466,treino
52417,28330,validacao
52418,29216,treino
52419,28996,validacao
52420,29711,validacao
52421,29652,teste
52422,30077,treino
52423,30053,validacao
52424,29060,treino
52425,28841,treino
52426,28823,treino
52427,29285,treino
52428,29072,treino
52429,28588,treino
52430,28793,treino
52431,29709,validacao
52432,30360,validacao
52433,30095,treino
52434,29774,treino
52435,29006,treino
52436,29788,treino
52437,29337,teste
52438,28718,treino
52439,28747,treino
52440,28869,treino
52441,29473,treino
52442,29941,treino
52443,28400,teste
52444,28392,teste
52445,28568,treino
52446,29432,validacao
52447,29729,teste
52448,30356,teste
52449,28865,validacao
52450,28879,treino
52451,29491,treino
52452,30532,treino
52453,29371,treino
52454,29339,treino
52455,28532,treino
52456,29347,teste
52457,29830,treino
52458,28930,validacao
52459,30185,treino
52460,30111,validacao
52461,28811,treino
52462,29945,treino
52463,29625,treino
52464,28787,validacao
52465,29800,validacao
52466,28542,treino
52467,29184,treino
52468,29991,teste
52469,30244,treino
52470,30348,teste
52471,30484,teste
52472,28634,validacao
52473,28488,treino
52474,29102,treino
52475,29687,treino
52476,28456,treino
52477,28911,treino
52478,28921,treino
52479,29186,treino
52480,29591,teste
52481,30252,treino
52482,29668,teste
52483,29238,validacao
52484,30139,treino
52485,28366,treino
52486,29721,teste
52487,29486,treino
52488,30510,treino
52489,28548,treino
52490,29684,treino
52491,29254,treino
52492,28302,validacao
52493,29908,treino
52494,28328,validacao
52495,30222,treino
52496,29672,validacao
52497,30031,teste
52498,28372,treino
52499,29794,teste
52500,30440,treino
52501,28360,treino
52502,29532,validacao
52503,30013,treino
52504,30145,teste
52505,29678,treino
52506,29913,treino
52507,29913,treino
52508,29686,treino
52509,29730,treino
52510,29681,validacao
52511,29681,validacao
52512,29682,teste
52513,29682,teste
52514,28500,treino
52515,29680,treino
52516,29680,treino
52517,29679,treino
52518,29683,treino
52519,29685,treino
52520,29677,treino
52521,30334,treino
52522,29749,treino
52523,29749,treino
52524,29757,treino
52525,29914,treino
52527,29750,treino
52528,28674,treino
52529,28674,treino
52530,29688,teste
52531,28672,treino
52533,30290,validacao
52534,31101,treino
52536,2,treino
52537,2,treino
52538,28944,treino
52539,28945,treino
52540,28946,treino
52544,28945,treino
52545,28945,treino
52549,30146,treino
52550,30146,treino
52554,30146,treino
52555,29044,teste
52556,29535,treino
52557,29535,treino
52558,29535,treino
52562,30147,treino
52563,30147,treino
52564,29045,treino
52569,30148,treino
52570,30148,treino
52572,30148,treino
52573,29046,treino
52576,30149,treino
52577,30149,treino
52578,30150,teste
52579,30150,teste
52580,30151,treino
52581,30151,treino
52582,30149,treino
52583,30150,teste
52584,30151,treino
52585,30153,teste
52586,30153,teste
52587,30153,teste
52588,30152,treino
52589,30152,treino
52590,30152,treino
52592,30015,validacao
52593,30015,validacao
52594,30015,validacao
52597,30154,validacao
52598,30154,validacao
52599,30154,validacao
52600,29047,treino
52602,30155,treino
52603,30155,treino
52604,30155,treino
52606,30156,treino
52607,30156,treino
52608,30156,treino
52609,30157,teste
52610,30157,teste
52612,30157,teste
52614,30158,validacao
52615,30158,validacao
52616,29048,treino
52617,29536,treino
52618,29536,treino
52619,29536,treino
52620,30158,validacao
52621,29109,treino
52622,29109,treino
52623,29853,treino
52625,30162,validacao
52626,30162,validacao
52627,30162,validacao
52628,29007,treino
52629,29007,treino
52630,29007,treino
52631,29041,treino
52633,30163,treino
52634,30163,treino
52636,30163,treino
52639,30164,treino
52640,30164,treino
52641,29537,teste
52642,29537,teste
52643,29537,teste
52644,30164,treino
52645,29042,treino
52647,30165,treino
52648,30165,treino
52649,30165,treino
52650,30166,treino
52651,30166,treino
52653,30166,treino
52654,30165,treino
52655,30167,treino
52656,30167,treino
52658,30167,treino
52659,29043,treino
52660,29538,teste
52661,29538,teste
52662,29538,teste
52663,30168,treino
52664,30168,treino
52665,30168,treino
52666,30169,treino
52667,30169,treino
52668,30169,treino
52669,30169,treino
52671,30169,treino
52672,30170,treino
52673,30170,treino
52674,29110,validacao
52675,29110,validacao
52676,29008,treino
52677,29008,treino
52678,29008,treino
52680,30171,validacao
52681,30171,validacao
52682,30170,treino
52684,30171,validacao
52685,29110,validacao
52687,30172,treino
52688,30172,treino
52693,30173,treino
52694,30173,treino
52696,30173,treino
52698,30174,teste
52699,30174,teste
52700,30174,teste
52701,30175,teste
52702,30175,teste
52703,30175,teste
52704,28948,treino
52705,30175,teste
52707,29540,teste
52708,29540,teste
52709,29540,teste
52710,30176,treino
52711,30176,treino
52712,30176,treino
52714,29731,treino
52717,30177,teste
52718,30177,teste
52720,30177,teste
52721,29111,teste
52722,29111,teste
52723,30178,treino
52724,30178,treino
52725,29541,treino
52726,30178,treino
52727,29111,teste
52728,29541,treino
52729,29541,treino
52730,29111,teste
52734,29854,teste
52736,30307,teste
52737,30307,teste
52738,30297,validacao
52739,30301,treino
52740,30306,treino
52741,30304,treino
52742,30305,validacao
52743,30303,treino
52744,30302,teste
52745,30300,treino
52746,30298,treino
52747,30298,treino
52748,30299,treino
52749,29732,treino
52751,30314,treino
52752,30319,treino
52753,30315,teste
52754,30318,validacao
52755,30316,treino
52756,30317,treino
52757,30015,validacao
52759,30320,validacao
52760,30321,treino
52761,30322,treino
52762,30323,treino
52763,30324,treino
52764,30325,treino
52765,30326,teste
52766,30327,treino
52767,30329,treino
52768,30330,treino
52769,30331,treino
52770,30279,treino
52771,30280,treino
52772,30281,treino
52773,30282,treino
52774,30283,treino
52775,30284,treino
52776,30285,treino
52777,30286,treino
52778,30287,validacao
52779,30289,treino
52780,30335,treino
52781,30336,validacao
52782,30338,treino
52783,30337,treino
52784,30339,validacao
52785,30340,treino
52786,30341,treino
52787,30342,treino
52788,30343,treino
52789,30344,teste
52790,30265,treino
52791,30266,treino
52792,31110,validacao
52793,31111,treino
52794,31109,treino
52795,31108,treino
52796,30267,teste
52797,30268,treino
52798,30269,treino
52799,30271,treino
52800,30270,treino
52801,30272,validacao
52802,30275,treino
52803,30273,treino
52804,30274,validacao
52805,30275,treino
52807,30310,treino
52808,30309,treino
52809,30311,validacao
52810,30312,treino
52811,30313,treino
52812,30291,treino
52813,28964,treino
52814,28962,teste
52815,28969,teste
52816,30148,treino
52817,30199,validacao
52818,28963,treino
52819,28946,treino
52820,29915,teste
52821,28501,treino
52822,30147,treino
52823,28945,treino
52824,29044,teste
52825,29048,treino
52826,29422,treino
52827,29315,treino
52828,29047,treino
52829,29534,treino
52830,29534,treino
52831,28961,validacao
52832,29445,teste
52833,30293,teste
52834,30151,treino
52835,30166,treino
52836,28256,treino
52837,30153,teste
52838,28505,treino
52839,29109,treino
52840,29109,treino
52841,28965,teste
52844,28948,treino
52845,29110,validacao
52846,29818,treino
52847,29009,validacao
52848,28967,treino
52849,29046,treino
52850,30277,teste
52851,30152,treino
52852,30164,treino
52853,30175,teste
52854,30170,treino
52855,30167,treino
52856,30204,treino
52857,29853,treino
52858,29316,validacao
52859,29265,teste
52860,29692,validacao
52861,29538,teste
52862,28966,teste
52863,28255,teste
52864,29008,treino
52865,28257,validacao
52866,30176,treino
52867,30150,teste
52868,30162,validacao
52869,28968,teste
52870,30156,treino
52871,28970,validacao
52872,30157,teste
52873,29536,treino
52874,29042,treino
52875,29632,treino
52876,29333,treino
52877,29756,treino
52878,29489,treino
52879,30200,treino
52880,30158,validacao
52881,30171,validacao
52882,30154,validacao
52883,30149,treino
52884,28507,treino
52885,30172,treino
52886,30155,treino
52887,30177,teste
52888,29007,treino
52889,30169,treino
52890,30146,treino
52891,28482,treino
52892,29045,treino
52893,29854,teste
52894,28944,treino
52895,29041,treino
52896,30205,teste
52897,29535,treino
52898,30168,treino
52899,29537,teste
52900,29111,teste
52901,29539,treino
52902,29539,treino
52903,29043,treino
52904,30173,treino
52905,30174,teste
52906,29540,teste
52907,30315,teste
52908,30201,treino
52909,30325,treino
52910,29010,treino
52911,29731,treino
52912,30165,treino
52913,30163,treino
52914,30178,treino
52915,30322,treino
52916,30320,validacao
52917,29693,treino
52918,29541,treino
52919,30278,treino
52920,30294,treino
52921,29114,teste
52922,29114,teste
52923,29115,validacao
52924,29115,validacao
52925,29113,teste
52926,29113,teste
52927,30160,treino
52928,30160,treino
52929,29113,teste
52930,29114,teste
52931,29115,validacao
52932,30161,treino
52933,30161,treino
52936,29116,treino
52937,29116,treino
52939,29116,treino
52940,29073,treino
52941,30316,treino
52942,30319,treino
52943,30317,treino
52945,29320,teste
52947,29320,teste
52949,29320,teste
52950,29320,teste
52951,29850,validacao
52952,29850,validacao
52953,29850,validacao
52954,29849,treino
52955,29851,treino
52956,29851,treino
52957,29851,treino
52959,30015,validacao
52960,30323,treino
52961,30314,treino
52962,30318,validacao
52963,29013,treino
52965,29013,treino
52968,29013,treino
52969,28941,teste
52972,28942,teste
52974,28942,teste
52977,28942,teste
52978,28943,treino
52979,28943,treino
52980,28943,treino
52983,30321,treino
52984,30324,treino
52985,29732,treino
52986,30280,treino
52987,30283,treino
52988,30282,treino
52989,30296,validacao
52990,30279,treino
52991,30281,treino
52992,30284,treino
52993,30336,validacao
52994,30338,treino
52995,30335,treino
52996,30337,treino
52997,30265,treino
52998,30344,teste
52999,30343,treino
53000,30266,treino
53001,30272,validacao
53002,30271,treino
53003,30270,treino
53004,30309,treino
53005,30311,validacao
53006,30310,treino
53007,30291,treino
53009,30277,teste
53010,28503,treino
53011,29752,validacao
53012,29319,treino
53013,28506,validacao
53014,29323,treino
53015,30294,treino
53016,29318,treino
53017,29113,teste
53018,29322,treino
53019,29850,validacao
53020,29012,treino
53022,28943,treino
53023,29476,treino
53024,28508,treino
53025,29115,validacao
53026,29755,teste
53027,29116,treino
53028,30161,treino
53029,30160,treino
53030,28504,treino
53031,29849,treino
53032,29014,teste
53033,29321,treino
53034,29114,teste
53035,29545,validacao
53036,29699,treino
53037,29754,treino
53038,29753,treino
53039,30216,validacao
53040,29320,teste
53041,28942,teste
53042,29851,treino
53043,29013,treino
53044,30296,validacao
53047,28941,teste
53048,18,teste
53049,23,treino
53050,13,validacao
53051,31107,treino
53053,31101,treino
53055,31105,treino
53056,2,treino
53057,31104,teste
53058,31503,treino
53059,30750,treino
53060,31496,treino
53061,30632,treino
53062,30798,treino
53063,31512,treino
53064,30771,treino
53066,18,teste
53067,13,validacao
53068,19,teste
53069,28481,treino
53070,30198,treino
53071,30198,treino
53072,30332,validacao
53073,30332,validacao
53074,30288,treino
53075,30288,treino
53077,31101,treino
53079,30307,teste
53080,30307,teste
53081,30303,treino
53082,30303,treino
53083,30301,treino
53084,30301,treino
53085,30306,treino
53086,30306,treino
53087,30308,validacao
53088,30308,validacao
53089,30297,validacao
53090,30297,validacao
53091,30214,treino
53092,30302,teste
53093,30302,teste
53094,30195,validacao
53095,30298,treino
53096,30298,treino
53097,30299,treino
53098,30299,treino
53099,30304,treino
53100,30304,treino
53101,30305,validacao
53102,30305,validacao
53103,30300,treino
53104,30300,treino
53105,30327,treino
53106,30327,treino
53107,30326,teste
53108,30326,teste
53109,30328,validacao
53110,30330,treino
53111,30330,treino
53112,30329,treino
53113,30329,treino
53114,30215,teste
53115,30215,teste
53116,30331,treino
53117,30331,treino
53118,30286,treino
53119,30286,treino
53120,30285,treino
53121,30285,treino
53122,30287,validacao
53123,30287,validacao
53124,30289,treino
53125,30289,treino
53126,30196,teste
53127,30197,treino
53128,30340,treino
53129,30340,treino
53130,30342,treino
53131,30342,treino
53132,30207,validacao
53133,30207,validacao
53134,30341,treino
53135,30341,treino
53136,30339,validacao
53137,30339,validacao
53138,30208,treino
53139,30208,treino
53140,30267,teste
53141,30267,teste
53142,30212,treino
53143,30268,treino
53144,30268,treino
53145,30269,treino
53146,30213,teste
53147,30269,treino
53148,30273,treino
53149,30273,treino
53150,30275,treino
53151,30275,treino
53152,30274,validacao
53153,30274,validacao
53154,30210,treino
53155,30211,treino
53156,30313,treino
53157,30313,treino
53158,30312,treino
53159,30312,treino
53160,30292,validacao
53161,30292,validacao
53162,30209,treino
53163,30293,teste
53164,30293,teste
53165,30192,teste
53167,30193,treino
53168,30278,treino
53169,30278,treino
53170,30295,treino
53171,30295,treino
53172,30202,treino
53173,30202,treino
53174,30203,treino
53175,23,treino
53176,31107,treino
53177,30617,teste
53179,31101,treino
53181,31557,treino
53182,30750,treino
53183,31496,treino
53184,30632,treino
53185,30698,treino
53186,31488,treino
53187,31072,treino
53188,31100,teste
53190,18,teste
53191,13,validacao
53193,31101,treino
53196,31107,treino
53197,13,validacao
53198,18,teste
53200,31099,treino
53202,31101,treino
53204,30986,treino
53205,31039,treino
53206,31536,treino
53207,30750,treino
53208,31496,treino
53209,31552,treino
53210,30632,treino
53211,13,validacao
53212,18,teste
53213,23,treino
53216,31101,treino
53218,13,validacao
53219,18,teste
53220,31107,treino
53222,31099,treino
53224,18,teste
53225,13,validacao
53226,31101,treino
53227,31529,treino
53228,30959,teste
53229,30750,treino
53230,31496,treino
53231,30632,treino
53232,31480,validacao
53233,30658,treino
53234,30557,treino
53236,6,validacao
53237,30557,treino
53238,31103,treino
53239,3,treino
53240,21,treino
53242,23,treino
53243,23,treino
53244,30638,treino
53246,23,treino
53247,30557,treino
53249,13,validacao
53250,18,teste
53251,19,teste
53252,21,treino
53253,6,validacao
53254,30557,treino
53255,31103,treino
53256,3,treino
53257,31107,treino
53258,23,treino
53261,31506,validacao
53262,30750,treino
53263,31496,treino
53264,30632,treino
53265,31507,teste
53266,30788,treino
53267,30787,treino
53269,30567,treino
53271,18,teste
53272,13,validacao
53274,6495,treino
53275,6495,treino
53276,6495,treino
53277,6495,treino
53278,31107,treino
53280,6495,treino
53282,30752,treino
53283,30750,treino
53284,30968,treino
53285,31532,treino
53286,31496,treino
53287,30632,treino
53288,31497,teste
53290,5,treino
53291,30557,treino
53292,31103,treino
53293,3,treino
53294,20,validacao
53295,31107,treino
53296,31106,treino
53297,18,teste
53298,13,validacao
53299,31107,treino
53301,31100,teste
53302,31107,treino
53304,13,validacao
53305,18,teste
53306,31107,treino
53307,31106,treino
53310,31093,validacao
53311,31563,validacao
53312,31523,treino
53313,30750,treino
53314,31496,treino
53315,30632,treino
53316,30890,validacao
53317,31107,treino
53318,13,validacao
53319,18,teste
53320,9586,validacao
53321,9607,teste
53322,9582,validacao
53323,9582,validacao
53324,9637,treino
53325,9637,treino
53326,9667,validacao
53327,9654,teste
53328,9597,treino
53329,9578,treino
53330,10424,treino
53331,10075,validacao
53332,9715,treino
53333,10117,treino
53334,9976,validacao
53335,10243,treino
53336,9777,treino
53337,10177,treino
53338,10142,treino
53339,10100,treino
53340,10442,validacao
53341,10024,treino
53342,9936,treino
53343,9695,treino
53344,10218,treino
53345,9704,treino
53346,10355,validacao
53347,10291,treino
53348,10456,treino
53349,10411,teste
53350,9862,treino
53351,11949,validacao
53352,9550,treino
53353,10223,treino
53354,10512,treino
53355,9719,treino
53356,10561,treino
53357,9909,teste
53358,10004,teste
53359,10037,treino
53360,10311,teste
53361,10498,treino
53362,10230,teste
53363,10193,validacao
53364,10102,validacao
53365,10517,treino
53366,9567,treino
53367,10014,teste
53368,9785,treino
53369,10315,treino
53370,9919,treino
53371,9621,treino
53372,9564,validacao
53373,10043,teste
53374,12020,treino
53375,12646,treino
53376,11737,treino
53377,12477,treino
53378,9603,treino
53379,11851,teste
53380,13892,treino
53381,10372,teste
53382,10478,treino
53383,10387,treino
53384,11065,validacao
53385,11564,treino
53386,11728,treino
53387,12310,treino
53388,12001,treino
53389,11846,treino
53390,9652,teste
53391,12836,treino
53392,10030,treino
53393,11941,teste
53394,11212,treino
53395,11791,treino
53396,12175,validacao
53397,12869,treino
53398,10109,teste
53399,11766,validacao
53400,10672,teste
53401,10062,treino
53402,12813,teste
53403,12480,teste
53404,11434,treino
53405,12717,validacao
53406,10615,treino
53407,11963,teste
53408,9634,treino
53409,10152,treino
53410,9605,teste
53411,9605,teste
53412,11146,treino
53413,12398,treino
53414,10710,validacao
53415,11182,treino
53416,11904,validacao
53417,10329,treino
53418,12248,treino
53419,11319,teste
53420,9643,treino
53421,12083,teste
53422,10962,treino
53423,12110,treino
53424,9836,teste
53425,10817,validacao
53426,10448,validacao
53427,9819,treino
53428,12625,treino
53429,10251,validacao
53430,12348,treino
53431,10832,treino
53432,11638,treino
53433,11616,validacao
53434,11243,treino
53435,9870,teste
53436,12674,treino
53437,11934,treino
53438,11419,treino
53439,12505,treino
53440,11585,validacao
53441,10184,treino
53442,11826,treino
53443,10686,teste
53444,11805,teste
53445,10968,treino
53446,11973,treino
53447,10950,treino
53448,10040,teste
53449,10731,validacao
53450,12015,validacao
53451,10801,validacao
53452,12098,treino
53453,10675,validacao
53454,10765,teste
53455,10571,teste
53456,11485,teste
53457,10542,treino
53458,10396,treino
53459,11315,treino
53460,12733,treino
53461,11950,treino
53462,11801,treino
53463,11080,treino
53464,12642,treino
53465,12508,treino
53466,9933,treino
53467,11429,treino
53468,11111,teste
53469,12834,treino
53470,11533,treino
53471,10639,treino
53472,11085,treino
53473,12722,treino
53474,9762,treino
53475,11812,treino
53476,11678,validacao
53477,12654,teste
53478,12790,validacao
53479,10810,treino
53480,9925,treino
53481,12093,validacao
53482,9627,treino
53483,12694,teste
53484,12423,treino
53485,11552,treino
53486,12697,validacao
53487,12187,validacao
53488,12824,treino
53489,11582,treino
53490,12577,treino
53491,12862,treino
53492,12466,treino
53493,9750,teste
53494,11601,teste
53495,12456,teste
53496,11793,treino
53497,10733,teste
53498,12234,teste
53499,12593,treino
53500,10112,treino
53501,11820,treino
53502,12518,treino
53503,12605,treino
53504,10160,teste
53505,11061,treino
53506,12432,teste
53507,9761,treino
53508,10460,treino
53509,9859,treino
53510,9688,treino
53511,14137,teste
53512,13746,treino
53513,11607,treino
53514,14305,validacao
53515,13623,teste
53516,10954,validacao
53517,14328,treino
53518,9894,treino
53519,10640,teste
53520,12524,teste
53521,11194,treino
53522,9664,validacao
53523,13955,treino
53524,14284,treino
53525,10977,treino
53526,11891,validacao
53527,9898,treino
53528,9980,treino
53529,11096,treino
53530,12155,treino
53531,13369,treino
53532,12302,treino
53533,12381,teste
53534,10359,teste
53535,12989,treino
53536,11625,treino
53537,10413,validacao
53538,12376,treino
53539,12454,treino
53540,9960,treino
53541,12880,treino
53542,13672,treino
53543,10220,validacao
53544,10920,teste
53545,14054,treino
53546,14420,treino
53547,10402,treino
53548,12024,treino
53549,14394,treino
53550,14670,treino
53551,10202,validacao
53552,11234,treino
53553,14950,treino
53554,14031,treino
53555,12148,treino
53556,9723,treino
53557,11707,validacao
53558,14214,treino
53559,10690,treino
53560,9745,treino
53561,13275,treino
53562,14190,teste
53563,10827,treino
53564,14431,treino
53565,11034,treino
53566,12062,treino
53567,14334,treino
53568,12474,validacao
53569,12763,treino
53570,12260,treino
53571,9970,teste
53572,13254,teste
53573,13001,validacao
53574,14821,teste
53575,13923,treino
53576,12883,teste
53577,10892,treino
53578,11744,treino
53579,11340,treino
53580,12243,teste
53581,13307,treino
53582,12690,treino
53583,11501,treino
53584,10545,validacao
53585,11682,treino
53586,14207,treino
53587,13031,teste
53588,10485,teste
53589,12580,teste
53590,12352,validacao
53591,10909,treino
53592,14866,treino
53593,10083,treino
53594,14513,treino
53595,14046,validacao
53596,9789,treino
53597,12903,validacao
53598,13725,treino
53599,9905,treino
53600,14838,treino
53601,13004,treino
53602,14924,treino
53603,13790,treino
53604,11926,treino
53605,9843,treino
53606,14815,treino
53607,13368,teste
53608,11253,treino
53609,14384,teste
53610,12946,treino
53611,12810,treino
53612,14247,treino
53613,13903,validacao
53614,9557,treino
53615,12340,validacao
53616,13766,teste
53617,12683,validacao
53618,11305,treino
53619,14641,treino
53620,12781,treino
53621,14250,treino
53622,10556,teste
53623,13489,treino
53624,12338,treino
53625,9571,teste
53626,11818,validacao
53627,11000,validacao
53628,14569,treino
53629,13982,treino
53630,14125,validacao
53631,11108,teste
53632,13644,treino
53633,10352,treino
53634,10493,treino
53635,13996,validacao
53636,12629,treino
53637,11406,treino
53638,10164,teste
53639,13297,teste
53640,11639,treino
53641,13364,treino
53642,10998,treino
53643,12239,teste
53644,10877,treino
53645,10549,validacao
53646,14896,teste
53647,12851,validacao
53648,13322,teste
53649,11764,treino
53650,10247,teste
53651,13754,teste
53652,14217,treino
53653,10771,treino
53654,11477,treino
53655,14094,treino
53656,10660,validacao
53657,14454,validacao
53658,12743,treino
53659,11258,treino
53660,10119,treino
53661,12711,treino
53662,15296,validacao
53663,11828,treino
53664,10781,validacao
53665,13263,treino
53666,13446,teste
53667,9968,treino
53668,10707,treino
53669,13559,treino
53670,10896,treino
53671,14301,treino
53672,9633,treino
53673,12916,teste
53674,11497,treino
53675,12119,validacao
53676,13086,treino
53677,11204,teste
53678,14878,treino
53679,14618,teste
53680,11747,treino
53681,9746,teste
53682,14401,treino
53683,12886,treino
53684,14354,validacao
53685,13728,teste
53686,14666,validacao
53687,13543,treino
53688,12935,treino
53689,13884,treino
53690,14871,treino
53691,13329,validacao
53692,14746,validacao
53693,10834,treino
53694,13483,treino
53695,13494,treino
53696,9544,treino
53697,13710,treino
53698,10279,treino
53699,14337,treino
53700,10959,teste
53701,10295,treino
53702,9696,treino
53703,14065,treino
53704,14523,treino
53705,14260,teste
53706,11610,validacao
53707,14798,validacao
53708,14961,treino
53709,13151,treino
53710,12752,treino
53711,13164,treino
53712,13899,treino
53713,10797,teste
53714,10104,treino
53715,14906,validacao
53716,11422,treino
53717,14787,treino
53718,10280,treino
53719,10265,treino
53720,10196,validacao
53721,10018,treino
53722,10420,teste
53723,12608,validacao
53724,10932,teste
53725,10407,treino
53726,11870,treino
53727,13298,validacao
53728,10529,treino
53729,10744,validacao
53730,15388,treino
53731,13540,treino
53732,15853,treino
53733,12591,validacao
53734,11104,teste
53735,12195,treino
53736,12050,treino
53737,13477,treino
53738,15582,treino
53739,13775,treino
53740,14286,validacao
53741,13397,validacao
53742,13706,treino
53743,11687,validacao
53744,15576,treino
53745,11675,treino
53746,11005,treino
53747,13303,validacao
53748,13689,treino
53749,13216,treino
53750,12492,treino
53751,14171,treino
53752,9920,treino
53753,14165,treino
53754,13229,validacao
53755,13452,validacao
53756,15451,treino
53757,14703,treino
53758,14323,treino
53759,14535,teste
53760,15533,validacao
53761,13471,treino
53762,13649,treino
53763,14509,treino
53764,13127,validacao
53765,11264,treino
53766,14082,treino
53767,11655,treino
53768,12124,teste
53769,15836,treino
53770,12558,validacao
53771,13993,treino
53772,15719,teste
53773,11239,treino
53774,11750,treino
53775,15914,validacao
53776,14671,treino
53777,12294,teste
53778,15336,treino
53779,11727,treino
53780,10924,treino
53781,11661,validacao
53782,15379,validacao
53783,12254,treino
53784,12984,validacao
53785,13110,treino
53786,12926,treino
53787,10437,treino
53788,12052,treino
53789,10089,treino
53790,11570,treino
53791,14805,treino
53792,14369,treino
53793,13692,validacao
53794,13015,treino
53795,9849,treino
53796,11444,treino
53797,14718,treino
53798,12211,treino
53799,15848,treino
53800,11834,treino
53801,15725,treino
53802,11373,treino
53803,11088,treino
53804,13076,treino
53805,15136,validacao
53806,14789,treino
53807,15238,treino
53808,15141,treino
53809,15290,treino
53810,14497,treino
53811,10338,treino
53812,9796,treino
53813,15782,treino
53814,12550,treino
53815,15887,treino
53816,15908,teste
53817,15066,validacao
53818,14457,treino
53819,12672,treino
53820,12759,treino
53821,15356,treino
53822,12401,validacao
53823,12873,validacao
53824,10503,treino
53825,11271,teste
53826,10528,treino
53827,13481,teste
53828,10742,teste
53829,14689,treino
53830,14553,treino
53831,13107,treino
53832,15521,treino
53833,12784,treino
53834,12496,treino
53835,14108,treino
53836,14967,validacao
53837,11378,teste
53838,10122,treino
53839,14861,teste
53840,12617,treino
53841,14114,treino
53842,10049,treino
53843,9687,treino
53844,10647,treino
53845,11970,treino
53846,13082,treino
53847,10391,validacao
53848,11281,teste
53849,11016,treino
53850,10864,treino
53851,13080,treino
53852,13058,teste
53853,13978,validacao
53854,15260,treino
53855,15629,treino
53856,12402,treino
53857,11527,treino
53858,14562,treino
53859,13410,validacao
53860,15832,treino
53861,15194,validacao
53862,13027,treino
53863,15189,validacao
53864,11255,treino
53865,14999,treino
53866,14836,treino
53867,11914,treino
53868,12054,treino
53869,13660,treino
53870,13391,teste
53871,10254,treino
53872,12419,treino
53873,13326,treino
53874,13478,treino
53875,9940,treino
53876,13640,teste
53877,11454,validacao
53878,13875,validacao
53879,13732,treino
53880,13406,teste
53881,12421,treino
53882,15690,validacao
53883,11384,treino
53884,15212,treino
53885,10086,teste
53886,15728,teste
53887,10857,treino
53888,15617,treino
53889,10804,validacao
53890,10370,treino
53891,12442,teste
53892,9615,treino
53893,10842,validacao
53894,15401,treino
53895,9754,teste
53896,15217,treino
53897,13526,treino
53898,15154,treino
53899,13172,treino
53900,10199,treino
53901,12434,treino
53902,14202,treino
53903,15748,treino
53904,12709,treino
53905,11200,treino
53906,13464,teste
53907,15030,teste
53908,12174,treino
53909,11448,validacao
53910,10884,treino
53911,14532,treino
53912,10227,teste
53913,9702,treino
53914,15835,treino
53915,12070,treino
53916,13564,treino
53917,13601,validacao
53918,14377,validacao
53919,15354,treino
53920,11721,teste
53921,13812,treino
53922,15258,validacao
53923,13919,treino
53924,12895,treino
53925,12274,treino
53926,9574,treino
53927,12535,teste
53928,14615,treino
53929,15242,treino
53930,10299,treino
53931,13402,treino
53932,10135,teste
53933,13304,treino
53934,9548,validacao
53935,13862,treino
53936,10274,treino
53937,11123,treino
53938,13780,treino
53939,12827,teste
53940,12961,treino
53941,10917,treino
53942,11770,treino
53943,13933,teste
53944,12573,teste
53945,14015,treino
53946,12448,treino
53947,9990,treino
53948,11216,validacao
53949,15360,treino
53950,15457,treino
53951,12008,treino
53952,9811,treino
53953,14009,treino
53954,10593,teste
53955,9879,treino
53956,13486,treino
53957,13444,treino
53958,13455,treino
53959,12361,teste
53960,15094,teste
53961,15177,treino
53962,14179,treino
53963,9983,teste
53964,13786,validacao
53965,13130,validacao
53966,14482,treino
53967,13961,treino
53968,14182,treino
53969,15007,validacao
53970,14339,treino
53971,13822,validacao
53972,13260,teste
53973,15116,treino
53974,13573,validacao
53975,15089,treino
53976,15776,teste
53977,13626,treino
53978,9682,teste
53979,13950,treino
53980,14098,validacao
53981,9558,teste
53982,14371,treino
53983,12074,treino
53984,15113,treino
53985,13338,validacao
53986,15108,validacao
53987,12229,treino
53988,12488,teste
53989,15433,treino
53990,14758,validacao
53991,11349,treino
53992,12727,treino
53993,9624,treino
53994,10514,validacao
53995,15376,treino
53996,12528,treino
53997,12307,treino
53998,10681,treino
53999,15122,teste
54000,12657,treino
54001,12918,treino
54002,14385,teste
54003,10078,teste
54004,12788,validacao
54005,15229,treino
54006,13637,treino
54007,15284,treino
54008,12956,validacao
54009,13247,validacao
54010,14944,treino
54011,15670,treino
54012,12180,validacao
54013,15845,teste
54014,9998,validacao
54015,13386,treino
54016,15125,treino
54017,10644,treino
54018,12206,treino
54019,10942,teste
54020,14230,treino
54021,10284,treino
54022,10172,validacao
54023,11653,treino
54024,13712,validacao
54025,9854,treino
54026,12641,treino
54027,13273,teste
54028,15595,teste
54029,9914,teste
54030,11908,treino
54031,12549,treino
54032,14872,treino
54033,15883,treino
54034,14852,treino
54035,10009,teste
54036,14517,teste
54037,14654,treino
54038,11516,validacao
54039,15397,teste
54040,13814,treino
54041,14732,teste
54042,12620,teste
54043,10536,validacao
54044,10566,treino
54045,15608,teste
54046,10624,teste
54047,10494,treino
54048,13355,teste
54049,9593,treino
54050,12966,treino
54051,10579,treino
54052,11754,teste
54053,13566,treino
54054,10319,validacao
54055,11538,treino
54056,14884,teste
54057,13629,validacao
54058,12059,teste
54059,11855,teste
54060,13533,treino
54061,15508,teste
54062,10975,teste
54063,10946,treino
54064,14564,validacao
54065,15474,validacao
54066,11311,validacao
54067,12143,treino
54068,11294,treino
54069,14343,validacao
54070,12850,treino
54071,13683,treino
54072,11284,treino
54073,12182,treino
54074,13344,teste
54075,11581,validacao
54076,11841,validacao
54077,11632,treino
54078,15503,validacao
54079,14864,treino
54080,10073,validacao
54081,12631,treino
54082,13769,treino
54083,13156,treino
54084,13269,treino
54085,14061,treino
54086,12223,treino
54087,10257,validacao
54088,12359,treino
54089,15348,treino
54090,12964,teste
54091,13897,validacao
54092,13905,validacao
54093,13210,treino
54094,11777,treino
54095,11021,treino
54096,11692,treino
54097,15745,teste
54098,12800,treino
54099,15016,treino
54100,12779,treino
54101,15322,validacao
54102,10622,treino
54103,13575,treino
54104,12706,treino
54105,14635,treino
54106,13796,treino
54107,14972,validacao
54108,13292,treino
54109,14388,treino
54110,15816,treino
54111,14646,validacao
54112,14767,treino
54113,10633,teste
54114,11718,treino
54115,10555,treino
54116,13417,treino
54117,11171,treino
54118,10153,teste
54119,11523,treino
54120,11119,teste
54121,12735,teste
54122,12597,treino
54123,11164,treino
54124,12776,treino
54125,13147,treino
54126,13067,treino
54127,11628,treino
54128,15715,treino
54129,12043,treino
54130,15857,treino
54131,9611,teste
54132,14949,treino
54133,15821,treino
54134,13061,treino
54135,10738,teste
54136,11338,validacao
54137,15736,treino
54138,14795,teste
54139,11324,teste
54140,12282,teste
54141,13750,teste
54142,14846,treino
54143,13667,treino
54144,12900,treino
54145,15573,treino
54146,12036,teste
54147,11438,teste
54148,13946,treino
54149,11410,validacao
54150,15162,treino
54151,12485,treino
54152,15768,treino
54153,15854,treino
54154,10521,treino
54155,14549,validacao
54156,14581,teste
54157,15545,treino
54158,13966,validacao
54159,12624,treino
54160,14185,treino
54161,14716,treino
54162,10365,treino
54163,15142,treino
54164,13197,treino
54165,13524,treino
54166,15472,treino
54167,13802,treino
54168,15319,treino
54169,10849,teste
54170,11389,treino
54171,11506,validacao
54172,12889,treino
54173,10094,teste
54174,10467,treino
54175,12668,treino
54176,15197,teste
54177,15638,treino
54178,13837,treino
54179,15068,validacao
54180,13701,treino
54181,12815,treino
54182,15581,treino
54183,15467,teste
54184,11266,treino
54185,11955,treino
54186,13740,teste
54187,13499,treino
54188,14365,treino
54189,12085,treino
54190,15199,treino
54191,10446,treino
54192,12120,treino
54193,12387,treino
54194,15630,teste
54195,10180,treino
54196,15678,treino
54197,15757,validacao
54198,10288,treino
54199,13195,validacao
54200,14157,treino
54201,15614,treino
54202,13832,treino
54203,14875,treino
54204,15001,treino
54205,11865,teste
54206,11893,treino
54207,12344,treino
54208,13792,teste
54209,12032,teste
54210,13931,treino
54211,9904,teste
54212,11470,validacao
54213,14167,treino
54214,11880,teste
54215,14697,treino
54216,15765,treino
54217,13717,validacao
54218,9820,treino
54219,11714,treino
54220,13819,treino
54221,11621,teste
54222,14677,treino
54223,13606,teste
54224,10464,validacao
54225,14253,treino
54226,14239,treino
54227,14909,treino
54228,13617,treino
54229,11136,treino
54230,14086,treino
54231,9782,treino
54232,10376,teste
54233,10304,treino
54234,12648,treino
54235,14779,treino
54236,9884,validacao
54237,13244,treino
54238,15722,treino
54239,12134,treino
54240,10234,treino
54241,13101,treino
54242,13124,validacao
54243,11920,treino
54244,12406,treino
54245,14072,treino
54246,12040,teste
54247,11276,treino
54248,14489,validacao
54249,15402,teste
54250,14429,treino
54251,11159,treino
54252,11466,treino
54253,14049,treino
54254,13916,validacao
54255,14178,validacao
54256,13676,validacao
54257,12804,treino
54258,11758,teste
54259,13737,treino
54260,10489,teste
54261,14411,validacao
54262,10021,validacao
54263,11494,treino
54264,9955,treino
54265,13743,treino
54266,12723,teste
54267,12334,treino
54268,13207,treino
54269,14609,teste
54270,15063,treino
54271,15423,treino
54272,15045,treino
54273,13352,validacao
54274,14118,teste
54275,13555,validacao
54276,12807,treino
54277,13500,treino
54278,13620,treino
54279,15119,treino
54280,10669,treino
54281,12772,treino
54282,15010,validacao
54283,10702,treino
54284,15405,treino
54285,13509,teste
54286,11077,validacao
54287,10568,treino
54288,11050,treino
54289,11053,teste
54290,12600,treino
54291,13181,validacao
54292,11933,validacao
54293,11047,treino
54294,14721,treino
54295,13885,treino
54296,15134,teste
54297,14425,treino
54298,9951,treino
54299,13967,teste
54300,12364,validacao
54301,12028,teste
54302,12740,treino
54303,14463,teste
54304,15243,treino
54305,15542,treino
54306,11140,treino
54307,12531,treino
54308,11836,treino
54309,14154,treino
54310,12921,treino
54311,15486,treino
54312,9867,treino
54313,13044,treino
54314,15191,teste
54315,13228,treino
54316,13825,validacao
54317,14405,treino
54318,11529,teste
54319,11599,treino
54320,13048,teste
54321,11190,treino
54322,15280,teste
54323,12602,teste
54324,12414,teste
54325,15333,teste
54326,11344,teste
54327,10988,treino
54328,15148,treino
54329,13115,treino
54330,14889,teste
54331,14612,validacao
54332,13281,teste
54333,10061,validacao
54334,15316,treino
54335,15801,treino
54336,11414,validacao
54337,13610,treino
54338,14314,treino
54339,14624,treino
54340,11301,treino
54341,9795,validacao
54342,11708,treino
54343,14423,treino
54344,12691,treino
54345,15219,treino
54346,10068,treino
54347,11490,treino
54348,10207,treino
54349,14025,treino
54350,14229,teste
54351,9945,validacao
54352,14682,treino
54353,15203,treino
54354,10869,teste
54355,14012,validacao
54356,14773,treino
54357,12677,treino
54358,13186,teste
54359,10342,treino
54360,13513,treino
54361,12756,teste
54362,11026,treino
54363,9657,treino
54364,15525,treino
54365,10307,treino
54366,14145,validacao
54367,14692,treino
54368,14079,treino
54369,13549,treino
54370,13375,teste
54371,15496,treino
54372,14658,validacao
54373,15096,treino
54374,11887,treino
54375,10330,treino
54376,12636,treino
54377,14629,treino
54378,12938,treino
54379,15536,validacao
54380,9839,treino
54381,14849,validacao
54382,10057,treino
54383,13857,treino
54384,12484,teste
54385,12317,teste
54386,14088,treino
54387,15605,treino
54388,14262,teste
54389,10655,teste
54390,12854,treino
54391,10654,validacao
54392,14449,treino
54393,12101,treino
54394,14500,treino
54395,14633,teste
54396,12637,treino
54397,13816,treino
54398,14931,treino
54399,10270,teste
54400,11100,treino
54401,14023,treino
54402,11918,validacao
54403,15625,teste
54404,12106,treino
54405,9675,teste
54406,10139,treino
54407,11249,teste
54408,13761,treino
54409,10361,teste
54410,13925,treino
54411,12267,teste
54412,14099,treino
54413,13799,validacao
54414,13852,teste
54415,14021,validacao
54416,13428,treino
54417,12952,teste
54418,11208,treino
54419,10507,treino
54420,15205,teste
54421,13880,treino
54422,11989,treino
54423,14419,treino
54424,11321,treino
54425,13735,treino
54426,14674,treino
54427,12588,treino
54428,9671,teste
54429,10585,validacao
54430,15897,treino
54431,14706,treino
54432,15414,teste
54433,14740,treino
54434,11897,validacao
54435,15622,treino
54436,13266,validacao
54437,9731,teste
54438,13912,teste
54439,14310,treino
54440,9986,treino
54441,14810,validacao
54442,12749,treino
54443,11129,treino
54444,11368,treino
54445,14106,treino
54446,9850,treino
54447,15235,teste
54448,14265,treino
54449,15445,treino
54450,10148,treino
54451,14938,treino
54452,15325,teste
54453,13429,treino
54454,15105,treino
54455,13337,teste
54456,14824,treino
54457,15751,validacao
54458,14475,teste
54459,12469,treino
54460,12247,validacao
54461,14270,validacao
54462,14317,validacao
54463,11774,teste
54464,11984,treino
54465,13807,treino
54466,14506,treino
54467,11238,teste
54468,14743,treino
54469,10189,treino
54470,15289,validacao
54471,10724,teste
54472,13219,teste
54473,11561,treino
54474,14916,treino
54475,13784,validacao
54476,15254,treino
54477,10694,teste
54478,9768,treino
54479,12217,treino
54480,12462,treino
54481,11095,teste
54482,15072,teste
54483,14414,treino
54484,11902,treino
54485,13860,treino
54486,10203,treino
54487,12292,validacao
54488,15881,treino
54489,11540,teste
54490,15342,treino
54491,13589,treino
54492,13842,validacao
54493,15209,validacao
54494,9950,teste
54495,10911,teste
54496,13992,validacao
54497,15128,treino
54498,10578,treino
54499,10428,teste
54500,10336,teste
54501,10715,treino
54502,10822,treino
54503,13014,treino
54504,15419,validacao
54505,12388,validacao
54506,10601,validacao
54507,10159,treino
54508,15523,treino
54509,15585,validacao
54510,13539,treino
54511,9773,treino
54512,14162,treino
54513,9708,treino
54514,13066,validacao
54515,14546,treino
54516,15888,teste
54517,10986,treino
54518,9589,treino
54519,14201,teste
54520,12857,treino
54521,13680,treino
54522,12846,treino
54523,14073,teste
54524,12660,treino
54525,13605,treino
54526,14577,treino
54527,13959,treino
54528,14141,treino
54529,14606,treino
54530,10451,treino
54531,13973,treino
54532,15828,validacao
54533,11849,teste
54534,14599,treino
54535,11173,treino
54536,9645,teste
54537,14269,treino
54538,13928,teste
54539,13908,validacao
54540,14486,teste
54541,12521,treino
54542,15807,treino
54543,15662,validacao
54544,13380,validacao
54545,13848,treino
54546,14898,treino
54547,14236,teste
54548,13204,validacao
54549,14462,treino
54550,10400,treino
54551,9676,treino
54552,12943,treino
54553,14091,treino
54554,13854,treino
54555,10324,teste
54556,12729,treino
54557,14801,validacao
54558,10000,teste
54559,15102,teste
54560,15448,treino
54561,14730,teste
54562,15076,teste
54563,11697,treino
54564,13829,treino
54565,15223,treino
54566,13953,treino
54567,13232,treino
54568,15377,treino
54569,10854,treino
54570,15642,treino
54571,10211,treino
54572,11197,treino
54573,15434,treino
54574,9714,treino
54575,15639,teste
54576,15716,teste
54577,14320,treino
54578,10775,teste
54579,15051,treino
54580,14928,treino
54581,14935,treino
54582,13257,validacao
54583,11403,validacao
54584,15110,treino
54585,11808,treino
54586,14970,treino
54587,9829,treino
54588,10845,treino
54589,14437,treino
54590,15086,treino
54591,15702,treino
54592,14256,treino
54593,14573,treino
54594,12559,treino
54595,14044,treino
54596,11997,treino
54597,14557,treino
54598,13436,treino
54599,12410,treino
54600,13312,treino
54601,11286,treino
54602,12923,treino
54603,14845,teste
54604,10717,treino
54605,14702,treino
54606,12566,treino
54607,13777,treino
54608,15019,treino
54609,15567,treino
54610,11960,treino
54611,15305,treino
54612,15742,teste
54613,12829,treino
54614,10882,treino
54615,13000,teste
54616,9885,treino
54617,13504,treino
54618,10533,treino
54619,11032,treino
54620,11188,treino
54621,14193,treino
54622,14325,treino
54623,11351,validacao
54624,10628,treino
54625,13646,treino
54626,12652,treino
54627,11024,teste
54628,13695,treino
54629,12700,treino
54630,14057,treino
54631,10435,validacao
54632,13913,treino
54633,13763,teste
54634,12769,treino
54635,14540,treino
54636,14978,treino
54637,13772,treino
54638,9824,treino
54639,14901,teste
54640,13377,validacao
54641,13726,treino
54642,11704,treino
54643,13043,teste
54644,12383,treino
54645,12874,treino
54646,14349,treino
54647,11151,treino
54648,9930,teste
54649,13118,treino
54650,10618,treino
54651,15669,treino
54652,11156,validacao
54653,11596,teste
54654,10263,teste
54655,14586,teste
54656,10380,treino
54657,11424,validacao
54658,12268,treino
54659,15917,teste
54660,13467,teste
54661,14764,validacao
54662,12316,treino
54663,15440,treino
54664,10345,teste
54665,15479,treino
54666,11665,treino
54667,13584,treino
54668,15277,treino
54669,11942,treino
54670,14749,treino
54671,12792,treino
54672,10031,treino
54673,14514,validacao
54674,11505,treino
54675,13987,treino
54676,14806,treino
54677,13098,treino
54678,10238,treino
54679,12539,treino
54680,9738,validacao
54681,13238,treino
54682,15302,validacao
54683,10725,teste
54684,13757,treino
54685,9877,treino
54686,15794,treino
54687,13361,teste
54688,15272,teste
54689,14855,treino
54690,9728,treino
54691,9891,treino
54692,14529,treino
54693,15024,teste
54694,12078,treino
54695,11985,treino
54696,13535,teste
54697,10129,treino
54698,14279,treino
54699,11785,treino
54700,13546,treino
54701,13432,treino
54702,15041,treino
54703,14111,treino
54704,13325,treino
54705,14503,treino
54706,11363,teste
54707,13595,treino
54708,11008,validacao
54709,11115,treino
54710,14738,treino
54711,11044,treino
54712,10982,teste
54713,15006,teste
54714,15633,teste
54715,13136,treino
54716,15699,teste
54717,14294,treino
54718,9770,treino
54719,14921,treino
54720,12570,treino
54721,12513,treino
54722,12499,validacao
54723,11544,treino
54724,14434,validacao
54725,11069,treino
54726,12439,validacao
54727,11376,treino
54728,14566,teste
54729,13037,teste
54730,12225,treino
54731,13383,treino
54732,13316,validacao
54733,14219,teste
54734,12004,treino
54735,11927,treino
54736,15679,validacao
54737,14710,treino
54738,15516,validacao
54739,11693,treino
54740,10993,validacao
54741,14068,treino
54742,15172,treino
54743,10837,treino
54744,12611,teste
54745,12278,treino
54746,9965,treino
54747,13631,teste
54748,10899,teste
54749,13569,treino
54750,12585,validacao
54751,13942,treino
54752,10767,treino
54753,13984,treino
54754,12128,treino
54755,10796,validacao
54756,11221,treino
54757,12863,treino
54758,15530,validacao
54759,13199,teste
54760,15803,treino
54761,15394,validacao
54762,13332,treino
54763,11965,validacao
54764,12877,teste
54765,13087,treino
54766,14245,validacao
54767,13289,treino
54768,14639,treino
54769,13581,treino
54770,13949,treino
54771,15074,treino
54772,12068,treino
54773,12582,teste
54774,14687,validacao
54775,12681,treino
54776,14627,treino
54777,14589,treino
54778,9805,treino
54779,10612,treino
54780,12537,treino
54781,12437,validacao
54782,12298,teste
54783,13937,teste
54784,10749,treino
54785,14402,treino
54786,14522,teste
54787,14302,validacao
54788,15033,teste
54789,10169,validacao
54790,15562,validacao
54791,9736,treino
54792,11519,treino
54793,12198,treino
54794,12257,treino
54795,15314,teste
54796,14892,treino
54797,15733,treino
54798,12553,treino
54799,11450,treino
54800,14858,validacao
54801,13123,treino
54802,14276,treino
54803,12503,treino
54804,14713,treino
54805,11297,treino
54806,10384,validacao
54807,14397,teste
54808,15090,treino
54809,13578,treino
54810,14526,treino
54811,14174,treino
54812,14467,teste
54813,13050,treino
54814,11993,treino
54815,12413,treino
54816,15651,treino
54817,14781,treino
54818,9993,treino
54819,11133,treino
54820,11462,treino
54821,10131,treino
54822,12976,treino
54823,14683,teste
54824,11328,treino
54825,14579,treino
54826,13214,treino
54827,13241,treino
54828,12205,treino
54829,15874,teste
54830,12841,treino
54831,14775,treino
54832,12614,treino
54833,10419,treino
54834,10969,treino
54835,11333,treino
54836,12907,treino
54837,11666,treino
54838,15591,treino
54839,14792,teste
54840,13514,validacao
54841,11178,treino
54842,15082,treino
54843,10865,treino
54844,11013,treino
54845,12969,treino
54846,11591,treino
54847,15276,treino
54848,12716,teste
54849,13437,validacao
54850,15286,treino
54851,14761,treino
54852,13458,validacao
54853,12417,treino
54854,13865,treino
54855,11074,treino
54856,12844,treino
54857,15596,treino
54858,14077,treino
54859,15762,treino
54860,11556,treino
54861,15245,treino
54862,14006,teste
54863,11875,treino
54864,13154,validacao
54865,10698,treino
54866,13191,treino
54867,9834,validacao
54868,12838,validacao
54869,13703,validacao
54870,15047,treino
54871,14291,treino
54872,13091,treino
54873,10927,validacao
54874,11483,treino
54875,14818,treino
54876,11058,treino
54877,12665,treino
54878,12795,treino
54879,12686,treino
54880,13394,treino
54881,13059,treino
54882,11038,teste
54883,13358,treino
54884,12330,treino
54885,11290,treino
54886,14374,treino
54887,15482,validacao
54888,15785,treino
54889,14064,validacao
54890,15693,teste
54891,11390,treino
54892,14362,treino
54893,14975,teste
54894,12092,treino
54895,12115,treino
54896,12427,treino
54897,13449,teste
54898,11228,treino
54899,13286,teste
54900,12572,treino
54901,12766,teste
54902,15488,treino
54903,15428,teste
54904,12746,treino
54905,10783,treino
54906,12324,treino
54907,14347,treino
54908,10760,treino
54909,12163,treino
54910,11876,treino
54911,12737,treino
54912,14136,treino
54913,14148,treino
54914,10052,treino
54915,14351,validacao
54916,14001,validacao
54917,13222,treino
54918,13255,treino
54919,14828,treino
54920,11395,validacao
54921,12801,teste
54922,15059,teste
54923,12391,teste
54924,12145,teste
54925,10934,validacao
54926,11397,teste
54927,15362,treino
54928,15311,treino
54929,15911,teste
54930,10474,teste
54931,13834,teste
54932,13878,treino
54933,14331,treino
54934,14471,validacao
54935,12273,treino
54936,15079,treino
54937,15760,treino
54938,10600,teste
54939,12019,treino
54940,15328,treino
54941,15796,teste
54942,13808,treino
54943,11441,treino
54944,13939,treino
54945,11648,teste
54946,14493,treino
54947,10791,treino
54948,12394,validacao
54949,12662,validacao
54950,11670,treino
54951,13235,treino
54952,13663,validacao
54953,10606,teste
54954,14955,treino
54955,14469,teste
54956,12445,teste
54957,12152,treino
54958,14124,treino
54959,12161,treino
54960,11732,treino
54961,14441,treino
54962,13158,treino
54963,12942,teste
54964,15705,treino
54965,13472,treino
54966,11646,teste
54967,13144,treino
54968,15174,validacao
54969,13112,treino
54970,12471,treino
54971,10789,treino
54972,12760,teste
54973,11143,validacao
54974,12168,treino
54975,13173,teste
54976,14037,treino
54977,15425,teste
54978,14494,treino
54979,15774,teste
54980,14602,validacao
54981,15442,treino
54982,14981,treino
54983,14129,teste
54984,13529,treino
54985,13202,teste
54986,15708,treino
54987,13873,teste
54988,14225,treino
54989,12516,treino
54990,13687,treino
54991,13134,treino
54992,14833,validacao
54993,10903,treino
54994,14726,validacao
54995,15696,treino
54996,14004,treino
54997,11574,teste
54998,9800,treino
54999,11474,validacao
55000,10888,validacao
55001,9812,treino
55002,15653,validacao
55003,12987,treino
55004,15300,teste
55005,11784,treino
55006,14030,treino
55007,13440,treino
55008,15365,treino
55009,11797,treino
55010,13372,teste
55011,12369,treino
55012,13138,treino
55013,11615,treino
55014,12213,treino
55015,15022,treino
55016,12461,treino
55017,12526,treino
55018,14887,treino
55019,15368,teste
55020,10476,treino
55021,13698,teste
55022,14932,teste
55023,14273,treino
55024,14736,treino
55025,12899,teste
55026,15548,validacao
55027,12429,treino
55028,11361,treino
55029,13010,treino
55030,12819,teste
55031,10663,treino
55032,15477,treino
55033,15589,treino
55034,13390,teste
55035,15499,treino
55036,15879,treino
55037,13612,treino
55038,11168,treino
55039,14361,validacao
55040,10589,teste
55041,15570,teste
55042,12451,treino
55043,13423,treino
55044,11224,treino
55045,15902,treino
55046,15036,treino
55047,12328,treino
55048,12981,treino
55049,15227,teste
55050,13250,treino
55051,14662,treino
55052,10873,treino
55053,14036,teste
55054,15165,treino
55055,13720,validacao
55056,14989,treino
55057,14477,treino
55058,14755,treino
55059,12546,teste
55060,10938,validacao
55061,11741,treino
55062,13412,validacao
55063,11979,treino
55064,13280,treino
55065,12371,treino
55066,12974,treino
55067,13999,treino
55068,15185,teste
55069,14311,treino
55070,14907,treino
55071,11355,validacao
55072,12543,treino
55073,13841,treino
55074,10757,treino
55075,12500,treino
55076,14752,treino
55077,12289,validacao
55078,11567,treino
55079,11512,treino
55080,15351,treino
55081,14595,treino
55082,13018,teste
55083,14452,validacao
55084,15214,teste
55085,15741,treino
55086,13868,validacao
55087,14881,teste
55088,10752,treino
55089,12562,validacao
55090,12867,treino
55091,10813,treino
55092,14391,treino
55093,14296,validacao
55094,13751,treino
55095,14918,treino
55096,14953,treino
55097,13420,treino
55098,13587,teste
55099,13104,treino
55100,12949,validacao
55101,13071,treino
55102,13415,treino
55103,13318,treino
55104,14289,treino
55105,14224,treino
55106,13970,teste
55107,15269,treino
55108,15687,teste
55109,13038,teste
55110,13095,treino
55111,13635,teste
55112,14233,treino
55113,13007,treino
55114,13179,teste
55115,13176,treino
55116,14592,validacao
55117,14358,teste
55118,13283,teste
55119,13074,validacao
55120,14132,teste
55121,13491,teste
55122,14649,treino
55123,13714,treino
55124,14943,treino
55125,13024,teste
55126,14555,treino
55127,12992,validacao
55128,14958,teste
55129,12892,validacao
55130,13592,treino
55131,15647,treino
55132,15732,teste
55133,12703,validacao
55134,13889,treino
55135,12909,validacao
55136,13346,treino
55137,15456,teste
55138,14621,treino
55139,15711,teste
55140,14912,teste
55141,13669,treino
55142,14655,teste
55143,14644,treino
55144,12821,validacao
55145,15151,treino
55146,13187,treino
55147,13225,teste
55148,13519,treino
55149,13657,teste
55150,13520,treino
55151,12932,treino
55152,15527,treino
55153,12136,treino
55154,13655,treino
55155,13093,treino
55156,14483,teste
55157,11551,treino
55158,15057,teste
55159,14051,treino
55160,13552,treino
55161,13053,treino
55162,13976,treino
55163,14984,treino
55164,14696,treino
55165,15808,treino
55166,15788,treino
55167,14018,validacao
55168,15263,treino
55169,10823,teste
55170,14663,treino
55171,12192,validacao
55172,15384,treino
55173,15773,treino
55174,15512,teste
55175,13845,treino
55176,14379,treino
55177,15900,treino
55178,14723,teste
55179,14410,treino
55180,15468,teste
55181,13142,treino
55182,13894,validacao
55183,15339,teste
55184,14769,validacao
55185,11458,treino
55186,13021,treino
55187,12929,teste
55188,15860,validacao
55189,15791,validacao
55190,14583,treino
55191,13561,teste
55192,13167,treino
55193,13309,teste
55194,13341,teste
55195,14143,treino
55196,13349,treino
55197,12995,treino
55198,12960,treino
55199,13506,treino
55200,13035,treino
55201,13461,teste
55202,14242,teste
55203,14205,treino
55204,14119,teste
55205,15569,validacao
55206,13614,treino
55207,15179,validacao
55208,14829,treino
55209,13677,treino
55210,15894,validacao
55211,14153,treino
55212,14539,teste
55213,12978,treino
55214,14813,treino
55215,13403,treino
55216,14189,teste
55217,13163,treino
55218,15905,treino
55219,13598,treino
55220,13652,teste
55221,14447,treino
55222,15147,treino
55223,15504,treino
55224,15053,treino
55225,15619,validacao
55226,15550,treino
55227,15553,teste
55228,15891,treino
55229,14210,treino
55230,15385,treino
55231,15656,validacao
55232,15266,validacao
55233,15685,treino
55234,15871,treino
55235,15862,treino
55236,15371,treino
55237,14163,treino
55238,15252,teste
55239,15460,treino
55240,15811,treino
55241,15539,treino
55242,15184,treino
55243,15310,treino
55244,15825,treino
55245,14196,treino
55246,14041,treino
55247,14444,validacao
55248,15295,teste
55249,14543,treino
55250,14604,treino
55251,15839,treino
55252,15682,treino
55253,15604,treino
55254,15779,teste
55255,15131,treino
55256,15868,treino
55257,15410,treino
55258,14102,treino
55259,13794,treino
55260,15345,treino
55261,15411,teste
55262,15161,treino
55263,15099,treino
55264,15559,treino
55265,15644,validacao
55266,15250,teste
55267,15513,treino
55268,15437,treino
55269,14996,treino
55270,15158,validacao
55271,15822,teste
55272,14964,validacao
55273,15673,treino
55274,15013,treino
55275,15039,validacao
55276,15028,teste
55277,15418,treino
55278,12912,treino
55279,15558,treino
55280,15814,treino
55281,14842,treino
55282,15493,validacao
55283,15659,treino
55284,15754,teste
55285,14993,treino
55286,15613,teste
55287,15391,treino
55288,15599,teste
55289,15665,teste
55290,15842,teste
55291,15168,treino
55292,15491,teste
55293,14991,treino
55294,15464,treino
55295,15334,validacao
55296,15920,teste
55297,15232,treino
55298,15865,teste
55299,39,treino
55300,10682,treino
55303,14784,treino
55304,31107,treino
55305,18,teste
55306,13,validacao
55307,0,treino
55309,31099,treino
55311,30992,treino
55312,30750,treino
55313,31496,treino
55314,30632,treino
55315,31534,treino
55316,30975,treino
55317,31540,teste
55318,31107,treino
55320,31099,treino
55322,17594,treino
55323,17594,treino
55324,18,teste
55325,13,validacao
55326,30573,treino
55327,17594,treino
55329,31099,treino
55331,18,teste
55332,13,validacao
55333,31107,treino
55334,31504,treino
55335,30735,treino
55336,30750,treino
55337,30782,treino
55338,31496,treino
55339,31493,treino
55340,30632,treino
55344,31107,treino
55345,13,validacao
55346,18,teste
55347,31099,treino
55349,31073,treino
55350,30792,teste
55352,31509,teste
55353,30750,treino
55354,31558,treino
55355,31496,treino
55356,30632,treino
55357,19,teste
55359,18,teste
55360,13,validacao
55362,31107,treino
55363,31099,treino
55366,31510,treino
55367,31538,treino
55368,30632,treino
55369,30989,treino
55370,30793,teste
55371,30750,treino
55372,31496,treino
55373,18,teste
55374,13,validacao
55377,31485,treino
55378,14,treino
55379,30638,treino
55380,31545,validacao
55381,31502,treino
55382,30769,treino
55383,30804,treino
55384,30674,treino
55385,31484,treino
55386,31006,teste
55387,31491,teste
55388,30667,validacao
55389,30729,validacao
55390,31513,treino
55391,31489,treino
55392,30738,treino
55393,30704,validacao
55394,31495,treino
55395,30789,treino
55396,31082,treino
55397,31508,validacao
55398,30750,treino
55399,31496,treino
55400,31560,validacao
55401,30632,treino
55402,31107,treino
55403,31013,validacao
55404,30632,treino
55405,30964,treino
55406,31546,treino
55407,31531,treino
55408,30750,treino
55409,31496,treino
55410,18,teste
55411,13,validacao
55414,30620,teste
55418,30750,treino
55419,31496,treino
55420,31528,treino
55421,31518,teste
55422,30632,treino
55423,30833,teste
55424,30937,treino
55425,18,teste
55426,13,validacao
55427,31107,treino
55430,13,validacao
55431,18,teste
55434,13,validacao
55435,18,teste
55436,31479,teste
55437,30750,treino
55438,31514,treino
55439,31496,treino
55440,30643,treino
55441,30632,treino
55442,30814,treino
55445,31107,treino
55446,13,validacao
55447,18,teste
55450,13,validacao
55451,18,teste
55452,31055,treino
55453,31564,validacao
55454,31555,treino
55455,31096,treino
55456,30750,treino
55457,31496,treino
55458,30632,treino
55459,31100,teste
55461,31099,treino
55463,18,teste
55464,13,validacao
55465,31107,treino
55468,30630,treino
55469,30983,teste
55470,30750,treino
55471,31496,treino
55472,31535,treino
55473,31551,treino
55474,30632,treino
55475,31036,treino
55477,13,validacao
55478,18,teste
55479,31099,treino
55482,19,teste
55484,31107,treino
55485,18,teste
55486,13,validacao
55488,30962,teste
55489,30900,treino
55490,30750,treino
55491,31496,treino
55492,30632,treino
55493,31530,treino
55494,31525,treino
55498,18,teste
55499,13,validacao
55501,31107,treino
55502,31501,validacao
55503,30766,validacao
55504,31022,treino
55505,30750,treino
55506,31496,treino
55507,31549,treino
55508,30632,treino
55509,18,teste
55510,13,validacao
55511,31099,treino
55516,18,teste
55517,13,validacao
55518,31541,treino
55519,31533,treino
55520,30995,treino
55521,31482,validacao
55522,30796,treino
55523,14,treino
55524,31511,treino
55525,30638,treino
55526,30971,treino
55527,31556,treino
55528,31026,treino
55529,31065,treino
55530,31550,treino
55531,31547,treino
55532,31014,teste
55533,30665,treino
55534,30996,treino
55535,31542,validacao
55536,30632,treino
55537,31084,treino
55538,31561,treino
55539,31498,treino
55540,30762,treino
55541,30750,treino
55542,31496,treino
55544,31500,teste
55545,30859,validacao
55546,31522,treino
55547,30750,treino
55548,31496,treino
55549,30765,validacao
55550,30632,treino
55551,31107,treino
55552,30563,teste
55554,18,teste
55555,13,validacao
55559,30823,treino
55560,31515,treino
55561,30750,treino
55562,31496,treino
55563,30632,treino
55564,30719,validacao
55565,31490,treino
55568,31107,treino
55569,18,teste
55570,13,validacao
55571,31099,treino
55574,13,validacao
55575,31494,treino
55576,18,teste
55577,30737,validacao
55578,30634,validacao
55579,31478,treino
55580,30750,treino
55581,31496,treino
55582,30632,treino
55585,31107,treino
55587,31099,treino
55589,13,validacao
55590,18,teste
55592,30750,treino
55593,31496,treino
55594,31487,validacao
55595,30693,teste
55596,30632,treino
55597,31053,treino
55598,31554,treino
55600,18,teste
55601,13,validacao
55602,19,teste
55604,30571,treino
55606,31107,treino
55607,15,treino
55608,14,treino
55609,30784,teste
55610,31559,teste
55611,31544,treino
55612,31520,teste
55613,31537,teste
55614,31516,treino
55615,31505,treino
55616,30827,treino
55617,31077,teste
55618,31003,treino
55619,30846,teste
55620,30987,treino
55621,31088,treino
55622,31526,teste
55623,31562,teste
55624,30906,treino
55625,30840,validacao
55626,30666,treino
55628,31519,treino
55629,31483,treino
55630,30750,treino
55631,31496,treino
55632,30632,treino
55633,31000,treino
55634,30632,treino
55635,31481,teste
55636,30659,treino
55637,31543,treino
55638,30750,treino
55639,31496,treino
55640,30557,treino
55642,31107,treino
55643,3,treino
55644,31103,treino
55645,30557,treino
55646,6,validacao
55647,19,teste
55648,21,treino
55649,31113,treino
55650,31565,treino
55651,23,treino
55652,31107,treino
55653,19,teste
55656,31106,treino
55657,31107,treino
55658,30578,treino
55659,13,validacao
55661,18,teste
55662,30557,treino
55665,30557,treino
55667,30557,treino
55668,21,treino
55669,6,validacao
55670,3,treino
55671,31103,treino
55672,19,teste
55673,23,treino
55674,23,treino
55675,31107,treino
55676,31099,treino
55678,23,treino
55679,30864,treino
55680,30763,treino
55681,30990,teste
55682,31539,treino
55683,30632,treino
55684,31499,treino
55685,30800,treino
55687,18,teste
55688,13,validacao
55689,31087,teste
55690,31101,treino
55692,31496,treino
55693,30750,treino
55694,23,treino
55695,31023,treino
55696,31496,treino
55697,30750,treino
55698,30627,teste
55699,30750,treino
55700,31087,teste
55701,31496,treino
55703,30761,treino
55704,31496,treino
55705,30750,treino
55707,30864,treino
55708,31496,treino
55709,30750,treino
55710,31087,teste
55711,19,teste
55712,23,treino
55713,31068,validacao
55714,31101,treino
55716,31107,treino
55717,30613,validacao
55718,31496,treino
55719,30750,treino
55720,31087,teste
55721,30915,teste
55723,13,validacao
55724,18,teste
55725,30750,treino
55726,31496,treino
55727,31087,teste
55729,30864,treino
55730,30632,treino
55731,31486,teste
55732,31496,treino
55733,30750,treino
55734,30831,treino
55735,31517,treino
55736,30678,validacao
55737,30694,teste
55738,31496,treino
55739,30750,treino
55740,31087,teste
55741,31101,treino
55742,30705,treino
55743,31496,treino
55744,30750,treino
55745,31087,teste
55747,31099,treino
55749,31094,teste
55750,30864,treino
55751,31496,treino
55752,30750,treino
55753,31087,teste
55754,30606,validacao
55755,31107,treino
55756,30557,treino
55758,18,teste
55759,13,validacao
55760,30922,treino
55761,6,validacao
55762,3,treino
55763,31103,treino
55764,30557,treino
55765,21,treino
55766,23,treino
55767,31087,teste
55768,31496,treino
55769,30750,treino
55771,30706,teste
55773,31496,treino
55774,30750,treino
55775,31087,teste
55776,30864,treino
55777,31016,treino
55778,31548,treino
55779,30733,teste
55780,31492,treino
55781,30632,treino
55782,31496,treino
55783,30750,treino
55784,30825,treino
55785,19,teste
55786,31496,treino
55787,30750,treino
55788,31087,teste
55790,30828,treino
55791,18,teste
55792,13,validacao
55793,31496,treino
55794,30750,treino
55795,31087,teste
55797,30858,treino
55798,30864,treino
55799,31496,treino
55800,30750,treino
55801,31087,teste
55802,31107,treino
55804,30849,treino
55805,18,teste
55806,13,validacao
55807,19,teste
55808,30589,validacao
55809,30594,treino
55812,30,treino
55813,30632,treino
55814,30750,treino
55816,31255,treino
55817,30815,treino
55818,19,teste
55819,31045,treino
55820,31209,treino
55821,31438,treino
55822,28241,validacao
55823,30,treino
55824,30582,treino
55825,104,teste
